-- MySQL dump 10.13  Distrib 8.0.36, for Win64 (x86_64)
--
-- Host: i11e104.p.ssafy.io    Database: taffy
-- ------------------------------------------------------
-- Server version	8.4.2

/*!40101 SET @OLD_CHARACTER_SET_CLIENT=@@CHARACTER_SET_CLIENT */;
/*!40101 SET @OLD_CHARACTER_SET_RESULTS=@@CHARACTER_SET_RESULTS */;
/*!40101 SET @OLD_COLLATION_CONNECTION=@@COLLATION_CONNECTION */;
/*!50503 SET NAMES utf8 */;
/*!40103 SET @OLD_TIME_ZONE=@@TIME_ZONE */;
/*!40103 SET TIME_ZONE='+00:00' */;
/*!40014 SET @OLD_UNIQUE_CHECKS=@@UNIQUE_CHECKS, UNIQUE_CHECKS=0 */;
/*!40014 SET @OLD_FOREIGN_KEY_CHECKS=@@FOREIGN_KEY_CHECKS, FOREIGN_KEY_CHECKS=0 */;
/*!40101 SET @OLD_SQL_MODE=@@SQL_MODE, SQL_MODE='NO_AUTO_VALUE_ON_ZERO' */;
/*!40111 SET @OLD_SQL_NOTES=@@SQL_NOTES, SQL_NOTES=0 */;

--
-- Table structure for table `belt`
--

DROP TABLE IF EXISTS `belt`;
/*!40101 SET @saved_cs_client     = @@character_set_client */;
/*!50503 SET character_set_client = utf8mb4 */;
CREATE TABLE `belt` (
  `belt_level` int DEFAULT NULL,
  `belt_id` bigint NOT NULL AUTO_INCREMENT,
  `belt_name` varchar(255) DEFAULT NULL,
  `belt_title` varchar(255) DEFAULT NULL,
  PRIMARY KEY (`belt_id`)
) ENGINE=InnoDB AUTO_INCREMENT=12 DEFAULT CHARSET=utf8mb4 COLLATE=utf8mb4_0900_ai_ci;
/*!40101 SET character_set_client = @saved_cs_client */;

--
-- Dumping data for table `belt`
--

LOCK TABLES `belt` WRITE;
/*!40000 ALTER TABLE `belt` DISABLE KEYS */;
INSERT INTO `belt` VALUES (1,1,'흰띠/White Belt','10급/Class X'),(2,2,'노란띠/Yellow Belt','9급/Class IX'),(3,3,'초록띠/Green Belt','8급/Class VIII'),(4,4,'보라띠/Purple Belt','7급/Class VII'),(5,5,'파랑띠/Blue Belt','6급/Class VI'),(6,6,'밤띠/Brown Belt','5급/Class V'),(7,7,'주황띠/Orange Belt','4급/Class IV'),(8,8,'빨강띠/Red Belt','3급/Class III'),(9,9,'검정띠/Black Belt','2급/Class II');
/*!40000 ALTER TABLE `belt` ENABLE KEYS */;
UNLOCK TABLES;

--
-- Table structure for table `country`
--

DROP TABLE IF EXISTS `country`;
/*!40101 SET @saved_cs_client     = @@character_set_client */;
/*!50503 SET character_set_client = utf8mb4 */;
CREATE TABLE `country` (
  `ct_code` int DEFAULT NULL,
  `country_id` bigint NOT NULL AUTO_INCREMENT,
  `ct_name` varchar(255) DEFAULT NULL,
  PRIMARY KEY (`country_id`)
) ENGINE=InnoDB AUTO_INCREMENT=11 DEFAULT CHARSET=utf8mb4 COLLATE=utf8mb4_0900_ai_ci;
/*!40101 SET character_set_client = @saved_cs_client */;

--
-- Dumping data for table `country`
--

LOCK TABLES `country` WRITE;
/*!40000 ALTER TABLE `country` DISABLE KEYS */;
INSERT INTO `country` VALUES (82,1,'Korea'),(1,2,'USA'),(61,3,'Australia'),(86,4,'China'),(91,5,'India'),(62,6,'Indonesia'),(1,7,'Canada'),(212,8,'Morocco'),(60,9,'Malaysia'),(84,10,'Vietnam');
/*!40000 ALTER TABLE `country` ENABLE KEYS */;
UNLOCK TABLES;

--
-- Table structure for table `member`
--

DROP TABLE IF EXISTS `member`;
/*!40101 SET @saved_cs_client     = @@character_set_client */;
/*!50503 SET character_set_client = utf8mb4 */;
CREATE TABLE `member` (
  `belt_id` bigint DEFAULT NULL,
  `c_at` datetime(6) DEFAULT NULL,
  `country_id` bigint DEFAULT NULL,
  `u_at` datetime(6) DEFAULT NULL,
  `user_id` bigint NOT NULL AUTO_INCREMENT,
  `nickname` varchar(255) DEFAULT NULL,
  `password` varchar(255) DEFAULT NULL,
  `profile_img` varchar(255) DEFAULT 'Tiger',
  `user_email` varchar(255) DEFAULT NULL,
  PRIMARY KEY (`user_id`),
  KEY `FKrm43bpkkuykyjf9tljw5pcjxh` (`belt_id`),
  KEY `FKdab1nytfsconuej6qr336aol1` (`country_id`),
  CONSTRAINT `FKdab1nytfsconuej6qr336aol1` FOREIGN KEY (`country_id`) REFERENCES `country` (`country_id`) ON DELETE CASCADE,
  CONSTRAINT `FKrm43bpkkuykyjf9tljw5pcjxh` FOREIGN KEY (`belt_id`) REFERENCES `belt` (`belt_id`) ON DELETE CASCADE
) ENGINE=InnoDB AUTO_INCREMENT=49 DEFAULT CHARSET=utf8mb4 COLLATE=utf8mb4_0900_ai_ci;
/*!40101 SET character_set_client = @saved_cs_client */;

--
-- Dumping data for table `member`
--

LOCK TABLES `member` WRITE;
/*!40000 ALTER TABLE `member` DISABLE KEYS */;
INSERT INTO `member` VALUES (2,'2024-08-05 14:51:07.310285',7,'2024-08-15 16:03:24.575858',1,'진라면쩜','$2a$10$TMYkp7PFUGmC9cK5GdQ4ROmK1kKrPi7xQAlMI2DgAgqPiRGfxD2G.','Dragon','jah0118@naver.com'),(3,'2024-08-05 14:51:54.515366',1,'2024-08-15 17:45:48.471644',2,'태권도4단','$2a$10$NlsWW037zm9TvqKaBSPYfOtc3GC9Av0jijbTzL8zGRDtJ95AOJ0sq','Bear','kangtea9@naver.com'),(5,'2024-08-05 14:54:50.436282',1,'2024-08-06 17:24:29.588337',3,'chaqhdtjr734','$2a$10$0OA.ev/Gz/Il8JXvjLKN0e0trPYRVZQQw4WkAQdoGd1mtcf4HnOhi','Tiger','test34@ssafy.com'),(2,'2024-08-05 15:09:47.684235',5,'2024-08-16 02:48:35.344498',4,'진라면순한면','$2a$10$IKxLfZ8MIBGwYSqWIX6v2.ukvEuiJdr8X28vzjrAiYYrffRHEZ6DS','Tiger','ong@naver.com'),(1,'2024-08-05 15:52:24.007008',1,'2024-08-05 15:52:52.090416',5,'1234567','$2a$10$btXccyOLS6tKjwE1M4hAUO2GU8eqAdYhHUl20o9m994NhwcTQ3r5C','Dragon','kang258@naver.com'),(1,'2024-08-05 15:53:28.138026',1,'2024-08-05 15:53:28.138069',6,'kang','$2a$10$Hd6.nGwBlThOMYrBpVc9ze90B/L8.4f44HLwMZNnzGHQRfH8nVrte','Tiger','kang123@naver.com'),(1,'2024-08-05 15:58:22.739588',1,'2024-08-05 15:58:22.739615',7,'kiki','$2a$10$NA0yIaCuSZRhcpU5Zx7Au.vJUFtlNHRVfxTqiiVjgbHB72JanzT7G','Tiger','kang1234@naver.com'),(1,'2024-08-05 16:13:46.022939',1,'2024-08-05 16:13:46.023033',8,'kangsu','$2a$10$TXlIm/7A4WYzVs/OXClEVeifjoKgck/LVBRdppPgf6.iRfK4dP6O2','Tiger','kang12345@naver.com'),(1,'2024-08-05 16:27:08.458348',1,'2024-08-05 16:27:08.458348',9,'chaqhdt4','$2a$10$c8pFavHpiHE.hNbIeNWsMO8kRJX0IoHbIRWQnY8a/LpypPrumpQvC','Tiger','test324@ssafy.com'),(1,'2024-08-05 16:32:06.759314',1,'2024-08-05 16:32:06.759314',10,'ㄹㄹㄹㄹㄴch','$2a$10$GakFpLmofiYsauFwMJzmReekplqw8HXnOTboWmJRh/XxWacqyzrlW','Tiger','test3224@ssafy.com'),(1,'2024-08-05 16:40:57.680505',NULL,'2024-08-05 16:40:57.680505',11,'ㄹㄹㅇㄹㄴch','$2a$10$aODW.fkDlfIVT8lLgr2I9OPh8Ewe0FGyfGftmtmp4NnA8OwawP2rK','Tiger','tesㅇt3224@ssafy.com'),(1,'2024-08-05 17:39:28.589812',2,'2024-08-05 17:39:28.589902',12,'asdf','$2a$10$8vVqT3IE9Xd7YnzkYOVAGe.XJyMxFceEjjBOP3nBHnq7LxRd0jp5a','Tiger','ongg@naver.com'),(1,'2024-08-05 23:15:24.509087',2,'2024-08-05 23:15:24.509119',13,'mooon','$2a$10$cV1G0Dkgno./KYnj.K5UhOAr3y5TpcSm6V0.i0wsjXY1ZwVwY3GMe','Tiger','onggg@naver.com'),(1,'2024-08-06 00:32:46.166727',NULL,'2024-08-06 00:32:46.166727',18,'chaqr7','$2a$10$ZsG41EVktNC1PAMEltBqEeRQRhg8JRk32vozi302a.UoWR3ser3YG','Tiger','chaqhdtjw3r7fw2@ssafy.com'),(1,'2024-08-06 01:16:06.430738',8,'2024-08-16 11:37:25.973076',19,'진진라현','$2a$10$0POtukWAzlWuLxbkuuN1oeaf1i1AjR7bnHw6itl0dPiZr4CSeE8He','Dragon','jah000118@naver.com'),(1,'2024-08-06 14:04:19.864979',1,'2024-08-06 14:04:19.865052',20,'wowow','$2a$10$jjzhm6BxoZlaX0xlW7vsM.ntiXzWfxiwOb45.nPNPIKpims0Wz9g2','Tiger','kang@naver.com'),(3,'2024-08-06 17:26:40.436163',1,'2024-08-06 17:27:17.620656',21,'dffgfffdfh','$2a$10$7h52i8AK6LtDvG2DQU82AuFwOvtAYqd.JR27x8J/fiPTVcJgZpdqi','Tiger','tesafy@naver.com'),(1,'2024-08-06 17:27:15.253600',1,'2024-08-12 09:05:40.649583',22,'chaqh33an','$2a$10$mMaFghUigBTr6yO20n5XFOMMdwq9C2b3wIt1.YUsDvmoWidQx4CcS','Tiger','test33@ssafy.com'),(1,'2024-08-06 17:35:46.495598',1,'2024-08-06 17:35:46.495647',23,'kang535','$2a$10$Kv5ciIgm9V18WMbeU.Xsnu72u/MJWKCGcsvRHpsjSE4UDoCf9FxwC','Tiger','kang535@123.123'),(3,'2024-08-06 17:44:56.931516',1,'2024-08-06 17:48:35.189836',24,'kang544','$2a$10$fVQtGQWsFr.6Lg9yv.1/7OjQ9.WRASEyfEMXySW/QMpqgDrrCsP5W','Tiger','kang544@naver.com'),(1,'2024-08-06 22:59:41.111266',1,'2024-08-06 22:59:41.111331',25,'chasqr7','$2a$10$R2S0eNXtRJNZu7nbl3s7uehGRsh5TG4eXq4pV97nt7EV9cPat0ZqK','Tiger','hi@naver.com'),(3,'2024-08-07 08:47:59.319810',1,'2024-08-07 08:51:16.091422',26,'kang847','$2a$10$swmM4BAK4ryycSvaV9u2uO8md0w6N66QF3vRNuo7fE1bhh99Qh01q','Tiger','kang847@naver.com'),(1,'2024-08-07 12:04:54.981054',1,'2024-08-07 12:04:54.981111',27,'chabs','$2a$10$4rzbO/VflVq5YYaimjVEaOk4Y9ZPAB9CvBFG8OW/HkqRxKa46ROAi','Tiger','cy@naver.com'),(4,'2024-08-07 12:11:35.545814',1,'2024-08-15 23:47:56.748869',28,'태권도9단','$2a$10$rKsfF3Px9pM5PvPdyBxfquUka.1T6Jo7Xqy7K7GIijDkP6g5PMlrm','Bear','kang2@naver.com'),(1,'2024-08-07 22:56:51.527451',1,'2024-08-07 22:56:51.527522',29,'kjkkjk','$2a$10$Bj.5lUUu05v0hozqNMTL1.xQ9IhkFrUpV9KQuKNFtIYpg39kJjYWy','Tiger','sgh9702@naver.com'),(1,'2024-08-09 09:40:55.165608',1,'2024-08-09 09:40:55.165701',30,'소정코치','$2a$10$GX7gtIi5jIkLERo0U1DAwuV6m0G6I4.nSF3QdGyqPAQF4t6V5eKZi','Tiger','socoach@ssafy.com'),(1,'2024-08-09 12:05:22.184284',1,'2024-08-09 12:05:22.184372',31,'ctestets','$2a$10$UjID.O4Euo8SYmBzR7Eop.ZXw0QAJ4sgVd971qi9EHaMUOrLNct.2','Tiger','test@ssafy.com'),(1,'2024-08-09 12:05:51.664832',1,'2024-08-09 12:05:51.664883',32,'ctestdts','$2a$10$wTCqSuHzK/g1gKA9pDwulOHuH0.8zbb7ymLjFJPZXvZGPbyfioRYm','Tiger','test1@ssafy.com'),(1,'2024-08-09 14:48:36.331559',1,'2024-08-09 14:48:59.667670',33,'user2','$2a$10$Mk/dLUpfUTv2C7U7CXv0V.IZcGl9SbfRfYNtoitUFwA8CVS0rHjLe','Bear','user2@naver.com'),(1,'2024-08-09 15:21:06.574868',1,'2024-08-16 21:39:53.849754',34,'c12345','$2a$10$TCbDy9OTax/LGL/BTHcfV.bJnqat.8z88YrGtnG2kONEyUdRB5i2m','Bear','c123@naver.com'),(1,'2024-08-09 15:22:21.396191',1,'2024-08-09 15:22:21.396234',35,'c1234','$2a$10$APW67QiRQy/D9qRyOzxejeakcgJxKNUnJs5McZL1oab/OTLCLHusO','Tiger','c1234@naver.com'),(1,'2024-08-09 16:52:54.886810',1,'2024-08-09 16:52:54.886888',36,'testtest','$2a$10$pge9yLcUH1c71fJYZmKefOJysHf01mX4fMhDLBf3tNmKWTpKvx4jC','Tiger','test@dd.com'),(1,'2024-08-09 16:59:57.715065',1,'2024-08-09 16:59:57.715141',37,'제레밍 ','$2a$10$eoZ9tt9Mu3fvwatU37S64eLrGkVmGl/hrQ2AL54eXyyHGUBnwd/Xu','Tiger','test11@ssafy.com'),(1,'2024-08-10 09:43:55.063407',1,'2024-08-14 10:12:11.079799',38,'kang3','$2a$10$Hi1aAGIBzMrIyAhdWGgS3OJaC/ykNArkGorNF7gCCX8gjlm6Kl7nG','Bear','kang3@naver.com'),(2,'2024-08-10 09:45:10.324100',1,'2024-08-15 16:26:42.041658',39,'kang4','$2a$10$SdbjCHvZTMaIyPEN1/xJDe5qsBS4YKu5oI9FgErjDeOCGcruDY/dG','Bear','kang4@naver.com'),(1,'2024-08-11 17:58:15.584683',1,'2024-08-11 17:58:15.584714',40,'gtest32','$2a$10$xeqa9nvYNQz3sfR3D/BGEu3lDo0k.YiYkDEIr7MFq5dmXf3eJ186C','Tiger','test2@ssafy.com'),(1,'2024-08-13 17:22:48.337583',2,'2024-08-13 17:22:48.337621',41,'12341234','$2a$10$Kkry8h8z9JRYsBBHo5e.Q.jDnVSj/fzaxfkcem2oSDEPRu3QzCmdm','Tiger','huggycareer@gmail.com'),(1,'2024-08-14 10:39:11.952484',1,'2024-08-14 10:39:11.952567',42,'송도언바보','$2a$10$aek1M34zMTYaVuw8ru5eoe9gAsYcsd/d89ozcf5SBgJ1pRp2sQQAq','Tiger','sungwoo166@gmail.com'),(1,'2024-08-14 17:25:18.492725',1,'2024-08-14 21:28:41.692036',43,'kang5','$2a$10$cr.xXGQlK0T2W/LBONnk4uIyyTAdc32llBFCYNxArDzyQ94L7356.','Tiger','kang5@naver.com'),(1,'2024-08-15 14:34:57.199266',1,'2024-08-15 14:34:57.199376',44,'녹산동불주먹','$2a$10$QLA45EeAF1JdWTE6S9XPtu0qV8.KXTs.vo5c92ohHNam4eU4leddy','Tiger','taffy@naver.com'),(1,'2024-08-15 17:06:55.532773',1,'2024-08-15 17:06:55.532803',45,'font','$2a$10$30.8wOfKR1ImxKQ40Y8jHu2b4g9LeLishlynVUcyuXxE2yXLxXNSy','Tiger','qq@qq.com'),(2,'2024-08-15 17:49:08.308905',7,'2024-08-16 11:36:52.488327',46,'e104','$2a$10$IvCZxWQJqW8iQ3arrff5fuQ.Ko861w5g0RqkKRjxHVbDlM1TdNx7y','Tiger','e104@naver.com'),(1,'2024-08-15 22:16:27.445504',2,'2024-08-15 23:50:10.397573',47,'다대포불주먹','$2a$10$5dVUiRYE5GbvervhErXuOuxXqvuU0MO.GJj.l64BL/4cJbUxZE/oG','Dragon','kang6@naver.com'),(1,'2024-08-16 06:56:24.992155',3,'2024-08-16 07:33:01.193434',48,'test63','$2a$10$fEfyNA3bxLMtkVxW6DxkB.0/KaD7PnAulhfnYLVVG6ZcUkfhziE4a','Tiger','test6@ssafy.com');
/*!40000 ALTER TABLE `member` ENABLE KEYS */;
UNLOCK TABLES;

--
-- Table structure for table `mv`
--

DROP TABLE IF EXISTS `mv`;
/*!40101 SET @saved_cs_client     = @@character_set_client */;
/*!50503 SET character_set_client = utf8mb4 */;
CREATE TABLE `mv` (
  `mv_id` int NOT NULL AUTO_INCREMENT,
  `mv_en_vo` varchar(500) DEFAULT NULL,
  `mv_ko_vo` varchar(500) DEFAULT NULL,
  `mv_url` varchar(500) DEFAULT NULL,
  `mv_en_desc` text,
  `mv_en_name` varchar(255) DEFAULT NULL,
  `mv_ko_desc` text,
  `mv_ko_name` varchar(255) DEFAULT NULL,
  `mv_thumb` varchar(255) DEFAULT NULL,
  `mv_type` enum('ATK','DEF','STD','TUR') DEFAULT NULL,
  PRIMARY KEY (`mv_id`)
) ENGINE=InnoDB AUTO_INCREMENT=64 DEFAULT CHARSET=utf8mb4 COLLATE=utf8mb4_0900_ai_ci;
/*!40101 SET character_set_client = @saved_cs_client */;

--
-- Dumping data for table `mv`
--

LOCK TABLES `mv` WRITE;
/*!40000 ALTER TABLE `mv` DISABLE KEYS */;
INSERT INTO `mv` VALUES (1,'https://taffy104.s3.ap-northeast-2.amazonaws.com/common/en_00_01.mp3','','https://lab.ssafy.com/s11-webmobile1-sub2/S11P12E104/uploads/0dcccf2622cc12e196c4c055deb116d6/rn_image_picker_lib_temp_aef319cf-e92b-407f-9a8f-bded85b04fe9.gif','Stand in gathering pose with your left foot one foot wide.\r\nOpen your hands and inhale, raising them from the front of the danjen to the front of the mingchi.\r\nKeep your face, torso, and lower body aligned with your centerline to maintain balance.\r\nThe distance between the two fists should be one fist apart.\r\nAt the end of the warm-up, leave 30 percent of your breath in the taiji.\r\nBe careful not to lift your shoulders','Are you ready?','왼발을 한 발 길이로 벌리고 모아서기 자세로 섭니다. 두 손을 펴고 숨을 들이마시며 단전 앞에서 명치 앞까지 올립니다. 얼굴, 몸통, 하체를 중심선에 정렬하여 균형을 유지합니다. 두 주먹 사이의 거리는 주먹 하나 정도의 간격을 유지합니다. 준비 운동이 끝날 때, 호흡의 30%를 태극에 남겨두세요. 어깨가 들리지 않도록 주의하세요.','기본 준비자세','','STD'),(2,'https://taffy104.s3.ap-northeast-2.amazonaws.com/chap1/voice/en_01_02.mp3','https://taffy104.s3.ap-northeast-2.amazonaws.com/chap1/voice/ko_01_01.m4a','https://taffy104.s3.ap-northeast-2.amazonaws.com/chap1/mv2.gif','Turn left 90 degrees into a walking stance with foot forward, left low block','Left walking stance, left wrist low block','왼쪽으로 90도 회전하여 앞서기로 서서 왼손 아래막기를 합니다.','왼 앞서기, 왼팔목 아래막기','https://seojihyeon.s3.ap-northeast-2.amazonaws.com/taffy/1_1.png','STD'),(3,'https://taffy104.s3.ap-northeast-2.amazonaws.com/chap1/voice/en_01_03.mp3','https://taffy104.s3.ap-northeast-2.amazonaws.com/chap1/voice/ko_01_02.m4a','https://taffy104.s3.ap-northeast-2.amazonaws.com/chap1/mv3.gif','Step forward into walking stance with right foot forward, right hand middle punch','Right waliking stance, right fist middle reverse punch','오른발을 앞으로 내딛어 앞서기 자세로 서서 오른손으로 몸통 지르기를 합니다.','오른 앞서기, 오른 주먹 몸통 반대지르기','https://seojihyeon.s3.ap-northeast-2.amazonaws.com/taffy/1_2.png','STD'),(4,'https://taffy104.s3.ap-northeast-2.amazonaws.com/chap1/voice/en_01_04.mp3','https://taffy104.s3.ap-northeast-2.amazonaws.com/chap1/voice/ko_01_03.m4a','https://taffy104.s3.ap-northeast-2.amazonaws.com/chap1/mv4.gif','Turn right 180 degrees into a walking stance with right foot forward, right low block','Right walking stance, right wrist low block','오른쪽으로 180도 회전하여 앞서기 자세로 서서 오른손 아래막기를 합니다.','오른 앞서기, 오른팔목 아래막기','https://seojihyeon.s3.ap-northeast-2.amazonaws.com/taffy/1_3.png','STD'),(5,'https://taffy104.s3.ap-northeast-2.amazonaws.com/chap1/voice/en_01_05.mp3','https://taffy104.s3.ap-northeast-2.amazonaws.com/chap1/voice/ko_01_04.m4a','https://taffy104.s3.ap-northeast-2.amazonaws.com/chap1/mv5.gif','Step forward into walking stance with left foot forward, left hand middle punch','Left walking stance, left fist middle reverse punch','왼발을 앞으로 내딛어 앞서기 자세로 서서 왼손으로 몸통 지르기를 합니다.','왼 앞서기, 왼 주먹 몸통 반대지르기','https://seojihyeon.s3.ap-northeast-2.amazonaws.com/taffy/1_4.png','STD'),(6,'https://taffy104.s3.ap-northeast-2.amazonaws.com/chap1/voice/en_01_06.mp3','https://taffy104.s3.ap-northeast-2.amazonaws.com/chap1/voice/ko_01_05.m4a','https://taffy104.s3.ap-northeast-2.amazonaws.com/chap1/mv6.gif','Turn left 90 degrees into a front stance with left foot forward, left low block','Left forward stance, left wrist low block','왼쪽으로 90도 회전하여 앞굽이 자세로 서서 왼손 아래막기를 합니다.','왼 앞굽이, 왼 팔목 아래막기','https://seojihyeon.s3.ap-northeast-2.amazonaws.com/taffy/1_5.png','STD'),(7,'https://taffy104.s3.ap-northeast-2.amazonaws.com/chap1/voice/en_01_07.mp3','https://taffy104.s3.ap-northeast-2.amazonaws.com/chap1/voice/ko_01_06.m4a','https://taffy104.s3.ap-northeast-2.amazonaws.com/chap1/mv7.gif','right middle punch','Left forward stance, right fist middle punch','오른손으로 몸통 지르기를 합니다.','왼 앞굽이, 오른팔목 몸통지르기','https://seojihyeon.s3.ap-northeast-2.amazonaws.com/taffy/1_6.png','STD'),(8,'https://taffy104.s3.ap-northeast-2.amazonaws.com/chap1/voice/en_01_07_real.mp3','https://taffy104.s3.ap-northeast-2.amazonaws.com/chap1/voice/ko_01_07.mp3','https://taffy104.s3.ap-northeast-2.amazonaws.com/chap1/mv8.gif','Turn right 90 degrees into a walking stance with right foot forward, left inside block','Right walking stance, left outer wrist middle inner block','오른쪽으로 90도 회전하여 앞서기 자세로 서서 왼손 안막기를 합니다.','오른 앞서기 왼 바깥팔목 몸통안막기','https://seojihyeon.s3.ap-northeast-2.amazonaws.com/taffy/1_7.png','STD'),(9,'https://taffy104.s3.ap-northeast-2.amazonaws.com/chap1/voice/en_01_08.m4a','https://taffy104.s3.ap-northeast-2.amazonaws.com/chap1/voice/ko_01_08.mp3','https://taffy104.s3.ap-northeast-2.amazonaws.com/chap1/mv9.gif','Step forward into walking stance with left foot forward, right hand middle punch','Left walking stance, right fist middle punch','왼발을 앞으로 내딛어 앞서기 자세로 서서 오른손으로 몸통 지르기를 합니다.','왼 앞서기 오른 주먹 몸통지르기','https://seojihyeon.s3.ap-northeast-2.amazonaws.com/taffy/1_8.png',NULL),(10,'https://taffy104.s3.ap-northeast-2.amazonaws.com/chap1/voice/en_01_10.mp3','https://taffy104.s3.ap-northeast-2.amazonaws.com/chap1/voice/ko_01_09.mp3','https://taffy104.s3.ap-northeast-2.amazonaws.com/chap1/mv10.gif','Turn left 180 degrees into a walking stance with left foot forward, right inside block','Left walking stance, right outer wrist middle inner block','왼쪽으로 180도 회전하여 앞서기 자세로 서서 오른손 안막기를 합니다.','왼 앞서기 오른 바깥팔목 몸통안막기','https://seojihyeon.s3.ap-northeast-2.amazonaws.com/taffy/1_9.png',NULL),(11,'https://taffy104.s3.ap-northeast-2.amazonaws.com/chap1/voice/en_01_11.mp3','https://taffy104.s3.ap-northeast-2.amazonaws.com/chap1/voice/ko_01_10.mp3','https://taffy104.s3.ap-northeast-2.amazonaws.com/chap1/mv11.gif','Step forward into walking stance with right foot forward, left hand middle punch','Right walking stance, left fist middle punch','오른발을 앞으로 내딛어 앞서기 자세로 서서 왼손으로 몸통 지르기를 합니다.','오른 앞서기 왼 주먹 몸통지르기','https://seojihyeon.s3.ap-northeast-2.amazonaws.com/taffy/1_10.png','STD'),(12,'https://taffy104.s3.ap-northeast-2.amazonaws.com/chap1/voice/en_01_12.mp3','https://taffy104.s3.ap-northeast-2.amazonaws.com/chap1/voice/ko_01_11.mp3','https://taffy104.s3.ap-northeast-2.amazonaws.com/chap1/mv12.gif','Turn right 90 degrees into a front stance with right foot forward, right low block','Right forward stance, right wrist low block','오른쪽으로 90도 회전하여 앞굽이 자세로 서서 오른손 아래막기를 합니다.','오른 앞굽이 오른 팔목 아래막기','https://seojihyeon.s3.ap-northeast-2.amazonaws.com/taffy/1_11.png','STD'),(13,'https://taffy104.s3.ap-northeast-2.amazonaws.com/chap1/voice/en_01_13.mp3','https://taffy104.s3.ap-northeast-2.amazonaws.com/chap1/voice/ko_01_12.mp3','https://taffy104.s3.ap-northeast-2.amazonaws.com/chap1/mv13.gif','left middle punch','Right forward stance, left fist middle punch','왼손으로 몸통 지르기를 합니다.','오른 앞굽이 왼 주먹 몸통지르기','https://seojihyeon.s3.ap-northeast-2.amazonaws.com/taffy/1_12.png',NULL),(14,'https://taffy104.s3.ap-northeast-2.amazonaws.com/chap1/voice/en_01_14.mp3','https://taffy104.s3.ap-northeast-2.amazonaws.com/chap1/voice/ko_01_13.mp3','https://taffy104.s3.ap-northeast-2.amazonaws.com/chap1/mv14.gif','Turn left 90 degrees into a walking stance with left foot forward, left high block','Left walking stance, left wrist face block','왼쪽으로 90도 회전하여 앞서기 자세로 서서 왼손 얼굴막기를 합니다.','왼 앞서기 왼 팔목 얼굴막기','https://seojihyeon.s3.ap-northeast-2.amazonaws.com/taffy/1_13.png',NULL),(15,'https://taffy104.s3.ap-northeast-2.amazonaws.com/chap1/voice/en_01_15.mp3','https://taffy104.s3.ap-northeast-2.amazonaws.com/chap1/voice/ko_01_14.mp3','https://taffy104.s3.ap-northeast-2.amazonaws.com/chap1/mv15.gif','Right front kick, then right hand middle punch','Right front kick, right fist middle reverse punch','오른발 앞차기 후 오른손으로 몸통 지르기를 합니다.','오른 앞차기, 오른 주먹 몸통 반대지르기','https://seojihyeon.s3.ap-northeast-2.amazonaws.com/taffy/1_14.png',NULL),(16,'https://taffy104.s3.ap-northeast-2.amazonaws.com/chap1/voice/en_01_15_real.mp3','https://taffy104.s3.ap-northeast-2.amazonaws.com/chap1/voice/ko_01_15.mp3','https://taffy104.s3.ap-northeast-2.amazonaws.com/chap1/mv16.gif','Turn right 180 degrees into a walking stance with right foot forward, right high block','Right walking stance, right wrist face block','오른쪽으로 180도 회전하여 앞서기 자세로 서서 오른손 얼굴막기를 합니다.','오른 앞서기 오른 팔목 얼굴막기','https://seojihyeon.s3.ap-northeast-2.amazonaws.com/taffy/1_15.png',NULL),(17,'https://taffy104.s3.ap-northeast-2.amazonaws.com/chap1/voice/en_01_16.mp3','https://taffy104.s3.ap-northeast-2.amazonaws.com/chap1/voice/ko_01_16.mp3','https://taffy104.s3.ap-northeast-2.amazonaws.com/chap1/mv17.gif','Left front kick, then left hand middle punch','Left front kick, left fist middle reverse punch','왼발 앞차기 후 왼손으로 몸통 지르기를 합니다.','왼 앞차기, 왼 주먹 몸통 반대지르기','https://seojihyeon.s3.ap-northeast-2.amazonaws.com/taffy/1_16.png',NULL),(18,'https://taffy104.s3.ap-northeast-2.amazonaws.com/chap1/voice/en_01_17.mp3','https://taffy104.s3.ap-northeast-2.amazonaws.com/chap1/voice/ko_01_17.mp3','https://taffy104.s3.ap-northeast-2.amazonaws.com/chap1/mv18.gif','Turn right 90 degrees into a front stance with left foot forward, left low block','Left forward stance, left wrist low block','오른쪽으로 90도 회전하여 앞굽이 자세로 서서 왼손 아래막기를 합니다.','왼 앞서기 왼 팔목 아래막기','https://seojihyeon.s3.ap-northeast-2.amazonaws.com/taffy/1_17.png',NULL),(19,'https://taffy104.s3.ap-northeast-2.amazonaws.com/chap1/voice/en_01_18.mp3','https://taffy104.s3.ap-northeast-2.amazonaws.com/chap1/voice/ko_01_18.mp3','https://taffy104.s3.ap-northeast-2.amazonaws.com/chap1/mv19.gif','Step forward into a front stance with right foot forward, right middle punch\r\nYell Kihap!','Right forward stance, right fist middle reverse punch','오른발을 앞으로 내딛어 앞굽이 자세로 서서 오른손으로 몸통 지르기를 하고, 기합을 외칩니다.','오른 앞서기 오른 주먹 몸통 반대지르기','https://seojihyeon.s3.ap-northeast-2.amazonaws.com/taffy/1_18.png',NULL),(20,'https://taffy104.s3.ap-northeast-2.amazonaws.com/chap2/voice/en_02_01.m4a','https://taffy104.s3.ap-northeast-2.amazonaws.com/chap2/voice/ko_02_01.mp3','https://taffy104.s3.ap-northeast-2.amazonaws.com/chap2/2_1.gif','Turn 90 degrees to the left into a walking stance with left foot forward, left arm low block.','Left walking stance, Left wrist low block','왼쪽으로 90도 회전하여 앞서기 자세로 서서 왼손 아래막기를 합니다.','왼 앞서기, 왼팔목 아래막기','https://taffy104.s3.ap-northeast-2.amazonaws.com/chap2/2_1.png',NULL),(21,'https://taffy104.s3.ap-northeast-2.amazonaws.com/chap2/voice/en_02_02.m4a','https://taffy104.s3.ap-northeast-2.amazonaws.com/chap2/voice/ko_02_02.mp3','https://taffy104.s3.ap-northeast-2.amazonaws.com/chap2/2_2.gif','Step forward into front stance with right foot forward, right arm middle punch.','Right forward stance, Right wrist middle reverse punch','오른발을 앞으로 내딛어 앞굽이 자세로 서서 오른손으로 몸통 지르기를 합니다.','오른 앞굽이, 오른 주먹 몸통반대지르기','https://taffy104.s3.ap-northeast-2.amazonaws.com/chap2/2_2.png',NULL),(22,'https://taffy104.s3.ap-northeast-2.amazonaws.com/chap2/voice/en_02_03.m4a','https://taffy104.s3.ap-northeast-2.amazonaws.com/chap2/voice/ko_02_03.mp3','https://taffy104.s3.ap-northeast-2.amazonaws.com/chap2/2_3.gif','Turn 180 degrees to the right into walking stance with right foot forward, right arm low block.','Right walking stance, Right wrist low block','오른쪽으로 180도 회전하여 앞서기 자세로 서서 오른손 아래막기를 합니다.','오른 앞서기, 오른팔목 아래막기','https://taffy104.s3.ap-northeast-2.amazonaws.com/chap2/2_3.png',NULL),(23,'https://taffy104.s3.ap-northeast-2.amazonaws.com/chap2/voice/en_02_04.m4a','https://taffy104.s3.ap-northeast-2.amazonaws.com/chap2/voice/ko_02_04.mp3','https://taffy104.s3.ap-northeast-2.amazonaws.com/chap2/2_4.gif','Step forward into front stance with left foot forward, left arm middle punch.','Left forward stance, Left fist middle reverse punch','왼발을 앞으로 내딛어 앞굽이 자세로 서서 왼손으로 몸통 지르기를 합니다.','왼 앞굽이, 왼주먹 몸통 반대지르기','https://taffy104.s3.ap-northeast-2.amazonaws.com/chap2/2_4.png',NULL),(24,'https://taffy104.s3.ap-northeast-2.amazonaws.com/chap2/voice/en_02_05.m4a','https://taffy104.s3.ap-northeast-2.amazonaws.com/chap2/voice/ko_02_05.mp3','https://taffy104.s3.ap-northeast-2.amazonaws.com/chap2/2_5.gif','Turn 90 degrees to the left into walking stance with left foot forward, right arm middle block.','Left walking stance, Right outer wrist middle inside block','왼쪽으로 90도 회전하여 앞서기 자세로 서서 오른손 안막기를 합니다.','왼 앞서기, 오른 바깥팔목 몸통 안막기','https://taffy104.s3.ap-northeast-2.amazonaws.com/chap2/2_5.png',NULL),(25,'https://taffy104.s3.ap-northeast-2.amazonaws.com/chap2/voice/en_02_06.m4a','https://taffy104.s3.ap-northeast-2.amazonaws.com/chap2/voice/ko_02_06.mp3','https://taffy104.s3.ap-northeast-2.amazonaws.com/chap2/2_6.gif','Step forward into walking stance with right foot forward, left arm middle block.','Right walking stance, Left outer wrist middle inside block','오른발을 앞으로 내딛어 앞서기 자세로 서서 왼손 안막기를 합니다.','오른 앞서기, 왼 바깥팔목 몸통 안막기','https://taffy104.s3.ap-northeast-2.amazonaws.com/chap2/2_6.png',NULL),(26,'https://taffy104.s3.ap-northeast-2.amazonaws.com/chap2/voice/en_02_07.m4a','https://taffy104.s3.ap-northeast-2.amazonaws.com/chap2/voice/ko_02_07.mp3','https://taffy104.s3.ap-northeast-2.amazonaws.com/chap2/2_7.gif','Turn 90 degrees to the left into walking stance with left foot forward, left arm low block.','Left walking stance, Left wrist low block','왼쪽으로 90도 회전하여 앞서기 자세로 서서 왼손 아래막기를 합니다.','왼 앞서기, 왼팔목 아래막기','https://taffy104.s3.ap-northeast-2.amazonaws.com/chap2/2_7.png',NULL),(27,'https://taffy104.s3.ap-northeast-2.amazonaws.com/chap2/voice/en_02_08.m4a','https://taffy104.s3.ap-northeast-2.amazonaws.com/chap2/voice/ko_02_08.mp3','https://taffy104.s3.ap-northeast-2.amazonaws.com/chap2/2_8.gif','Right foot front snap kick, landing in front stance with right foot forward, right arm high punch.','Right front kick, Right forward stance, Right fist face reverse punch','오른발 앞차기를 하고 오른발을 앞굽이 자세로 착지하며, 오른손으로 얼굴 지르기를 합니다.','오른발 앞차기, 오른 앞굽이, 오른주먹 얼굴 반대지르기','https://taffy104.s3.ap-northeast-2.amazonaws.com/chap2/2_8.png',NULL),(28,'https://taffy104.s3.ap-northeast-2.amazonaws.com/chap2/voice/en_02_09.m4a','https://taffy104.s3.ap-northeast-2.amazonaws.com/chap2/voice/ko_02_09.mp3','https://taffy104.s3.ap-northeast-2.amazonaws.com/chap2/2_9.gif','Turn 180 degrees to the right into walking stance with right foot forward, right arm low block.','Right walking stance, Right wrist low block','오른쪽으로 180도 회전하여 앞서기 자세로 서서 오른손 아래막기를 합니다.','오른 앞서기, 오른팔목 아래막기','https://taffy104.s3.ap-northeast-2.amazonaws.com/chap2/2_9.png',NULL),(29,'https://taffy104.s3.ap-northeast-2.amazonaws.com/chap2/voice/en_02_10.m4a','https://taffy104.s3.ap-northeast-2.amazonaws.com/chap2/voice/ko_02_10.mp3','https://taffy104.s3.ap-northeast-2.amazonaws.com/chap2/2_10.gif','Left foot front snap kick, landing in front stance with left foot forward, left arm high punch.','Left front kick, Left forward stance, Left fist face reverse punch','왼발 앞차기를 하고 왼발을 앞굽이 자세로 착지하며, 왼손으로 얼굴 지르기를 합니다.','왼발 앞차기, 왼 앞굽이, 왼주먹 얼굴 반대지르기','https://taffy104.s3.ap-northeast-2.amazonaws.com/chap2/2_10.png',NULL),(30,'https://taffy104.s3.ap-northeast-2.amazonaws.com/chap2/voice/en_02_11.m4a','https://taffy104.s3.ap-northeast-2.amazonaws.com/chap2/voice/ko_02_11.mp3','https://taffy104.s3.ap-northeast-2.amazonaws.com/chap2/2_11.gif','Turn 90 degrees to the left into walking stance with left foot forward, left arm rising block.','Left walking stance, Left wrist face block','왼쪽으로 90도 회전하여 앞서기 자세로 서서 왼손 얼굴막기를 합니다.','왼 앞서기, 왼팔목 얼굴막기','https://taffy104.s3.ap-northeast-2.amazonaws.com/chap2/2_11.png',NULL),(31,'https://taffy104.s3.ap-northeast-2.amazonaws.com/chap2/voice/en_02_12.m4a','https://taffy104.s3.ap-northeast-2.amazonaws.com/chap2/voice/ko_02_12.mp3','https://taffy104.s3.ap-northeast-2.amazonaws.com/chap2/2_12.gif','Step forward into walking stance with right foot forward, right arm rising block.','Right walking stance, Right wrist face block','오른발을 앞으로 내딛어 앞서기 자세로 서서 오른손 얼굴막기를 합니다.','오른 앞서기, 오른팔목 얼굴막기','https://taffy104.s3.ap-northeast-2.amazonaws.com/chap2/2_12.png',NULL),(32,'https://taffy104.s3.ap-northeast-2.amazonaws.com/chap2/voice/en_02_13.m4a','https://taffy104.s3.ap-northeast-2.amazonaws.com/chap2/voice/ko_02_13.mp3','https://taffy104.s3.ap-northeast-2.amazonaws.com/chap2/2_13.gif','Turn 270 degrees to the left into walking stance with left foot forward, right arm middle block.','Left walking stance, Right outer wrist middle inside block','왼쪽으로 270도 회전하여 앞서기 자세로 서서 오른손 안막기를 합니다.','왼 앞서기, 오른 바깥팔목 몸통 안막기','https://taffy104.s3.ap-northeast-2.amazonaws.com/chap2/2_13.png',NULL),(33,'https://taffy104.s3.ap-northeast-2.amazonaws.com/chap2/voice/en_02_14.m4a','https://taffy104.s3.ap-northeast-2.amazonaws.com/chap2/voice/ko_02_14.mp3','https://taffy104.s3.ap-northeast-2.amazonaws.com/chap2/2_14.gif','Turn 180 degrees to the right into walking stance with right foot forward, left arm middle block.','Right walking stance, Left outer wrist middle inside block','오른쪽으로 180도 회전하여 앞서기 자세로 서서 왼손 안막기를 합니다.','오른 앞서기, 왼 바깥팔목 몸통 안막기','https://taffy104.s3.ap-northeast-2.amazonaws.com/chap2/2_14.png',NULL),(34,'https://taffy104.s3.ap-northeast-2.amazonaws.com/chap2/voice/en_02_15.m4a','https://taffy104.s3.ap-northeast-2.amazonaws.com/chap2/voice/ko_02_15.mp3','https://taffy104.s3.ap-northeast-2.amazonaws.com/chap2/2_15.gif','Turn 90 degrees to the left into walking stance with left foot forward, left arm low block.','Left walking stance, Left wrist low block','왼쪽으로 90도 회전하여 앞서기 자세로 서서 왼손 아래막기를 합니다.','왼 앞서기, 왼팔목 아래막기','https://taffy104.s3.ap-northeast-2.amazonaws.com/chap2/2_15.png',NULL),(35,'https://taffy104.s3.ap-northeast-2.amazonaws.com/chap2/voice/en_02_16.m4a','https://taffy104.s3.ap-northeast-2.amazonaws.com/chap2/voice/ko_02_16.mp3','https://taffy104.s3.ap-northeast-2.amazonaws.com/chap2/2_16.gif','Right foot front snap kick, landing in walking stance with right foot forward, right arm middle punch.','Right walking stance, Right fist middle reverse punch','오른발 앞차기를 하고 오른발을 앞서기 자세로 착지하며, 오른손으로 몸통 지르기를 합니다.','오른 앞서기, 오른 주먹 몸통 반대지르기','https://taffy104.s3.ap-northeast-2.amazonaws.com/chap2/2_16.png',NULL),(36,'https://taffy104.s3.ap-northeast-2.amazonaws.com/chap2/voice/en_02_17.m4a','https://taffy104.s3.ap-northeast-2.amazonaws.com/chap2/voice/ko_02_17.mp3','https://taffy104.s3.ap-northeast-2.amazonaws.com/chap2/2_17.gif','Left foot front snap, kick, landing in walking stance with left foot forward, left arm middle punch.','Left front kick, Left walking stance, Left fist middle reverse punch','왼발 앞차기, 발차기, 왼발 앞으로 걷는 자세로 착지, 왼팔 미들 펀치.','왼발 앞차기, 왼 앞서기, 왼주먹 몸통 반대지르기','https://taffy104.s3.ap-northeast-2.amazonaws.com/chap2/2_17.png',NULL),(37,'https://taffy104.s3.ap-northeast-2.amazonaws.com/chap2/voice/en_02_18.m4a','https://taffy104.s3.ap-northeast-2.amazonaws.com/chap2/voice/ko_02_18.mp3','https://taffy104.s3.ap-northeast-2.amazonaws.com/chap2/2_18.gif','Right foot front snap kick, landing in walking stance with right foot forward, right arm middle punch, yell \"Kihap\".','Right front kick, Right walking stance, Right fist middle reverse punch','오른발 앞차기를 하고 오른발을 앞서기 자세로 착지하며, 오른손으로 몸통 지르기를 하고, 기합을 외칩니다.','오른발 앞차기, 오른 앞서기, 오른주먹 몸통 반대지르기','https://taffy104.s3.ap-northeast-2.amazonaws.com/chap2/2_18.png',NULL),(38,'https://taffy104.s3.ap-northeast-2.amazonaws.com/chap3/voice/en_03_01.mp3','https://taffy104.s3.ap-northeast-2.amazonaws.com/chap3/voice/ko_03_01.mp3','https://taffy104.s3.ap-northeast-2.amazonaws.com/chap3/3_1.gif','Turn left 90 degrees, left low block','Left walking stance, Left wrist low block','왼쪽으로 90도 회전하여 왼손 아래막기를 합니다.','왼 앞서기, 왼팔목 아래막기','https://taffy104.s3.ap-northeast-2.amazonaws.com/chap3/3_1.png',NULL),(39,'https://taffy104.s3.ap-northeast-2.amazonaws.com/chap3/voice/en_03_02.mp3','https://taffy104.s3.ap-northeast-2.amazonaws.com/chap3/voice/ko_03_02.mp3','https://taffy104.s3.ap-northeast-2.amazonaws.com/chap3/3_2.gif','Right front kick, right punch, left punch','Right front kick, Right forward stance, Middle double punch','오른발 앞차기 후 오른손으로 몸통을 지르고 왼손으로 한 번 더 지르기를 합니다.','오른발 앞차기, 오른 앞굽이, 몸통 두 번 지르기','https://taffy104.s3.ap-northeast-2.amazonaws.com/chap3/3_2.png',NULL),(40,'https://taffy104.s3.ap-northeast-2.amazonaws.com/chap3/voice/en_03_03.mp3','https://taffy104.s3.ap-northeast-2.amazonaws.com/chap3/voice/ko_03_03.mp3','https://taffy104.s3.ap-northeast-2.amazonaws.com/chap3/3_3.gif','Turn right 180 degrees, right low block','Right walking stance, Right wrist low block','오른쪽으로 180도 회전하여 오른손 아래막기를 합니다.','오른 앞서기, 오른 팔목 아래막기','https://taffy104.s3.ap-northeast-2.amazonaws.com/chap3/3_3.png',NULL),(41,'https://taffy104.s3.ap-northeast-2.amazonaws.com/chap3/voice/en_03_04.mp3','https://taffy104.s3.ap-northeast-2.amazonaws.com/chap3/voice/ko_03_04.mp3','https://taffy104.s3.ap-northeast-2.amazonaws.com/chap3/3_4.gif','Left front kick, left punch, right punch','Left front kick, Left forward stance, Middle double punch','왼발 앞차기 후 왼손으로 몸통을 지르고 오른손으로 한 번 더 지르기를 합니다.','왼 발 앞차기, 왼 앞굽이, 몸통 두 번 지르기','https://taffy104.s3.ap-northeast-2.amazonaws.com/chap3/3_4.png',NULL),(42,'https://taffy104.s3.ap-northeast-2.amazonaws.com/chap3/voice/en_03_05.mp3','https://taffy104.s3.ap-northeast-2.amazonaws.com/chap3/voice/ko_03_05.mp3','https://taffy104.s3.ap-northeast-2.amazonaws.com/chap3/3_5.gif','Turn left 90 degrees, left foot into walking stance, right knife hand strike to the neck','Left walking stance, Right knife hand neck strike','왼쪽으로 90도 회전하여 왼발 앞서기 자세로 서서 오른손 칼날로 목치기를 합니다.','왼 앞서기, 오른 손말 목치기','https://taffy104.s3.ap-northeast-2.amazonaws.com/chap3/3_5.png',NULL),(43,'https://taffy104.s3.ap-northeast-2.amazonaws.com/chap3/voice/en_03_06.mp3','https://taffy104.s3.ap-northeast-2.amazonaws.com/chap3/voice/ko_03_06.mp3','https://taffy104.s3.ap-northeast-2.amazonaws.com/chap3/3_6.gif','Step forward into right walking stance, left knife hand strike to the neck','Right walking stance, Left knife hand neck strike','오른발을 앞으로 내딛어 앞서기 자세로 서서 왼손 칼날로 목치기를 합니다.','오른 앞서기, 왼손날 목치기','https://taffy104.s3.ap-northeast-2.amazonaws.com/chap3/3_6.png','STD'),(44,'https://taffy104.s3.ap-northeast-2.amazonaws.com/chap3/voice/en_03_07.mp3','https://taffy104.s3.ap-northeast-2.amazonaws.com/chap3/voice/ko_03_07.mp3','https://taffy104.s3.ap-northeast-2.amazonaws.com/chap3/3_7.gif','Turn left 90 degrees, left knife hand middle block in back stance','Right back stance, Left knife hand outer block','왼쪽으로 90도 회전하여 뒷굽이 자세로 서서 왼손 칼날로 몸통 바깥막기를 합니다.','오른 뒷굽이, 왼 한손날 몸통 바깥막기','https://taffy104.s3.ap-northeast-2.amazonaws.com/chap3/3_7.png',NULL),(45,'https://taffy104.s3.ap-northeast-2.amazonaws.com/chap3/voice/en_03_08.mp3','https://taffy104.s3.ap-northeast-2.amazonaws.com/chap3/voice/ko_03_08.mp3','https://taffy104.s3.ap-northeast-2.amazonaws.com/chap3/3_8.gif','Right punch in front stance','Left forward stance, Right fist middle punch','앞굽이 자세로 서서 오른손으로 몸통 지르기를 합니다.','왼 앞굽이, 오른주먹 몸통 지르기','https://taffy104.s3.ap-northeast-2.amazonaws.com/chap3/3_8.png',NULL),(46,'https://taffy104.s3.ap-northeast-2.amazonaws.com/chap3/voice/en_03_09.mp3','https://taffy104.s3.ap-northeast-2.amazonaws.com/chap3/voice/ko_03_09.mp3','https://taffy104.s3.ap-northeast-2.amazonaws.com/chap3/3_9.gif','Turn right 180 degrees, right knife hand middle block in back stance','Left back stance, Right knife hand outer block','오른쪽으로 180도 회전하여 뒷굽이 자세로 서서 오른손 칼날로 몸통 바깥막기를 합니다.','왼 뒷굽이, 오른 한손날 몸통 바깥막기','https://taffy104.s3.ap-northeast-2.amazonaws.com/chap3/3_9.png',NULL),(47,'https://taffy104.s3.ap-northeast-2.amazonaws.com/chap3/voice/en_03_10.mp3','https://taffy104.s3.ap-northeast-2.amazonaws.com/chap3/voice/ko_03_10.mp3','https://taffy104.s3.ap-northeast-2.amazonaws.com/chap3/3_10.gif','Left punch in front stance','Right forward stance, Left fist middle punch','앞굽이 자세로 서서 왼손으로 몸통 지르기를 합니다.','오른 앞굽이, 왼주먹 몸통 지르기','https://taffy104.s3.ap-northeast-2.amazonaws.com/chap3/3_10.png',NULL),(48,'https://taffy104.s3.ap-northeast-2.amazonaws.com/chap3/voice/en_03_11.mp3','https://taffy104.s3.ap-northeast-2.amazonaws.com/chap3/voice/ko_03_11.mp3','https://taffy104.s3.ap-northeast-2.amazonaws.com/chap3/3_11.gif','Turn left 90 degrees, right inside block','Left walking stance, Right outer wrist middle inside block','왼쪽으로 90도 회전하여 오른손 안막기를 합니다.','왼 앞서기, 오른 바깥팔목 몸통 안막기','https://taffy104.s3.ap-northeast-2.amazonaws.com/chap3/3_11.png',NULL),(49,'https://taffy104.s3.ap-northeast-2.amazonaws.com/chap3/voice/en_03_12.mp3','https://taffy104.s3.ap-northeast-2.amazonaws.com/chap3/voice/ko_03_12.mp3','https://taffy104.s3.ap-northeast-2.amazonaws.com/chap3/3_12.gif','Step forward into right walking stance, left inside block','Right walking stance, Left outer wrist middle inside block','오른발을 앞으로 내딛어 앞서기 자세로 서서 왼손 안막기를 합니다.','오른 앞서기, 왼 바깥팔목 몸통 안막기','https://taffy104.s3.ap-northeast-2.amazonaws.com/chap3/3_12.png',NULL),(50,'https://taffy104.s3.ap-northeast-2.amazonaws.com/chap3/voice/en_03_13.mp3','https://taffy104.s3.ap-northeast-2.amazonaws.com/chap3/voice/ko_03_13.mp3','https://taffy104.s3.ap-northeast-2.amazonaws.com/chap3/3_13.gif','Turn left 270 degrees, left low block','Right walking stance, Left outer wrist middle inside block','왼쪽으로 270도 회전하여 왼손 아래막기를 합니다.','왼 앞서기, 왼팔목 아래막기','https://taffy104.s3.ap-northeast-2.amazonaws.com/chap3/3_13.png',NULL),(51,'https://taffy104.s3.ap-northeast-2.amazonaws.com/chap3/voice/en_03_14.mp3','https://taffy104.s3.ap-northeast-2.amazonaws.com/chap3/voice/ko_03_14.mp3','https://taffy104.s3.ap-northeast-2.amazonaws.com/chap3/3_14.gif','Right front kick, right punch, left punch','Right front kick, Right forward stance, Middle double punch','오른발 앞차기 후 오른손으로 몸통을 지르고 왼손으로 한 번 더 지르기를 합니다.','오른발 앞차기, 오른 앞굽이, 몸통 두 번 지르기','https://taffy104.s3.ap-northeast-2.amazonaws.com/chap3/3_14.png',NULL),(52,'https://taffy104.s3.ap-northeast-2.amazonaws.com/chap3/voice/en_03_15.mp3','https://taffy104.s3.ap-northeast-2.amazonaws.com/chap3/voice/ko_03_15.mp3','https://taffy104.s3.ap-northeast-2.amazonaws.com/chap3/3_15.gif','Turn right 180 degrees, right low block','Right walking stance, Right wrist low block','오른쪽으로 180도 회전하여 오른손 아래막기를 합니다.','오른 앞서기, 오른 팔목 아래막기','https://taffy104.s3.ap-northeast-2.amazonaws.com/chap3/3_15.png',NULL),(53,'https://taffy104.s3.ap-northeast-2.amazonaws.com/chap3/voice/en_03_16.mp3','https://taffy104.s3.ap-northeast-2.amazonaws.com/chap3/voice/ko_03_16.mp3','https://taffy104.s3.ap-northeast-2.amazonaws.com/chap3/3_16.gif','Left front kick landing in a left front stance, left punch, right punch','Left front kick, Left forward stance, Middle double punch','왼발 앞차기를 하고 왼발을 앞굽이 자세로 착지하며, 왼손으로 몸통을 지르고 오른손으로 한 번 더 지르기를 합니다.','왼발 앞차기, 왼 앞굽이, 몸통 두 번 지르기','https://taffy104.s3.ap-northeast-2.amazonaws.com/chap3/3_16.png',NULL),(54,'https://taffy104.s3.ap-northeast-2.amazonaws.com/chap3/voice/en_03_17.mp3','https://taffy104.s3.ap-northeast-2.amazonaws.com/chap3/voice/ko_03_17.mp3','https://taffy104.s3.ap-northeast-2.amazonaws.com/chap3/3_17.gif','Turn left 90 degrees into left walking stance, left low block, right punch','Left walking stance, Left wrist low block, Right fist middle punch','왼쪽으로 90도 회전하여 앞서기 자세로 서서 왼손 아래막기를 하고 오른손으로 몸통 지르기를 합니다.','왼 앞서기, 왼 팔목 아래막기, 오른주먹 몸통 지르기','https://taffy104.s3.ap-northeast-2.amazonaws.com/chap3/3_17.png',NULL),(55,'https://taffy104.s3.ap-northeast-2.amazonaws.com/chap3/voice/en_03_18.mp3','https://taffy104.s3.ap-northeast-2.amazonaws.com/chap3/voice/ko_03_18.mp3','https://taffy104.s3.ap-northeast-2.amazonaws.com/chap3/3_18.gif','Step forward into right walking stance, right low block, left punch','Right walking stance, Right wrist low block, Left fist middle punch','오른발을 앞으로 내딛어 앞서기 자세로 서서 오른손 아래막기를 하고 왼손으로 몸통 지르기를 합니다.','오른 앞서기, 오른 팔목 아래막기, 왼주먹 몸통 지르기','https://taffy104.s3.ap-northeast-2.amazonaws.com/chap3/3_18.png',NULL),(56,'https://taffy104.s3.ap-northeast-2.amazonaws.com/chap3/voice/en_03_19.mp3','https://taffy104.s3.ap-northeast-2.amazonaws.com/chap3/voice/ko_03_19.mp3','https://taffy104.s3.ap-northeast-2.amazonaws.com/chap3/3_19.gif','Left front kick landing in a left walking stance, left low block, right punch','Left front kick, Left walking stance, Left wrist low block, Right fist middle punch','왼발 앞차기를 하고 왼발을 앞서기 자세로 착지하며, 왼손 아래막기를 하고 오른손으로 몸통 지르기를 합니다.','왼발 앞차기, 왼 앞서기, 왼팔목 아래막기, 오른주먹 몸통 지르기','https://taffy104.s3.ap-northeast-2.amazonaws.com/chap3/3_19.png',NULL),(57,'https://taffy104.s3.ap-northeast-2.amazonaws.com/chap3/voice/en_03_20.mp3','https://taffy104.s3.ap-northeast-2.amazonaws.com/chap3/voice/ko_03_20.mp3','https://taffy104.s3.ap-northeast-2.amazonaws.com/chap3/3_20.gif','Right front kick landing in a right walking stance, right low block, left punch, yell \"Kihap\".','Right front kick, Right walking stance, Right wrist low block, Left fist middle punch','오른발 앞차기를 하고 오른발을 앞서기 자세로 착지하며, 오른손 아래막기를 하고 왼손으로 몸통 지르기를 하고, 기합을 외칩니다.','오른발 앞차기, 오른 앞서기, 오른팔목 아래막기, 왼주먹 몸통 지르기','https://taffy104.s3.ap-northeast-2.amazonaws.com/chap3/3_20.png',NULL),(58,'https://taffy104.s3.ap-northeast-2.amazonaws.com/spar/Fist+middle+punch.mp3','https://taffy104.s3.ap-northeast-2.amazonaws.com/spar/%EB%AA%B8%ED%86%B5%EC%B0%8C%EB%A5%B4%EA%B8%B0.mp3',NULL,NULL,'Fist middle punch',NULL,'몸통찌르기',NULL,'ATK'),(59,'https://taffy104.s3.ap-northeast-2.amazonaws.com/spar/Front+kick.mp3','https://taffy104.s3.ap-northeast-2.amazonaws.com/spar/%EC%95%9E%EC%B0%A8%EA%B8%B0.mp3',NULL,NULL,'Front kick',NULL,'앞차기',NULL,'ATK'),(60,'https://taffy104.s3.ap-northeast-2.amazonaws.com/spar/Two+fists+raised+and.mp3','https://taffy104.s3.ap-northeast-2.amazonaws.com/spar/%EB%91%90+%EC%A3%BC%EB%A8%B9+%EC%A0%96%ED%98%80%EC%B0%8C%EB%A5%B4%EA%B8%B0.mp3',NULL,NULL,'Two fists raised and stabbed',NULL,'두 주먹 젖혀찌르기',NULL,'ATK'),(61,'https://taffy104.s3.ap-northeast-2.amazonaws.com/spar/Low+block.mp3','https://taffy104.s3.ap-northeast-2.amazonaws.com/spar/%EC%95%84%EB%9E%98%EB%A7%89%EA%B8%B0.mp3',NULL,NULL,'Low block',NULL,'아래막기',NULL,'DEF'),(62,'https://taffy104.s3.ap-northeast-2.amazonaws.com/spar/Middle+block.mp3','https://taffy104.s3.ap-northeast-2.amazonaws.com/spar/%EB%AA%B8%ED%86%B5%EB%A7%89%EA%B8%B0.mp3',NULL,NULL,'Middle block',NULL,'몸통막기',NULL,'DEF'),(63,'https://taffy104.s3.ap-northeast-2.amazonaws.com/spar/Face+block.mp3','https://taffy104.s3.ap-northeast-2.amazonaws.com/spar/%EC%96%BC%EA%B5%B4%EB%A7%89%EA%B8%B0.mp3',NULL,NULL,'Face block',NULL,'얼굴막기',NULL,'DEF');
/*!40000 ALTER TABLE `mv` ENABLE KEYS */;
UNLOCK TABLES;

--
-- Table structure for table `ps`
--

DROP TABLE IF EXISTS `ps`;
/*!40101 SET @saved_cs_client     = @@character_set_client */;
/*!50503 SET character_set_client = utf8mb4 */;
CREATE TABLE `ps` (
  `ps_id` int NOT NULL AUTO_INCREMENT,
  `belt_id` bigint NOT NULL,
  `ps_thumb` varchar(500) DEFAULT NULL,
  `ps_url` varchar(500) DEFAULT NULL,
  `ps_en_desc` text,
  `ps_en_name` varchar(255) NOT NULL,
  `ps_ko_desc` text,
  `ps_ko_name` varchar(255) NOT NULL,
  PRIMARY KEY (`ps_id`),
  KEY `FKe3omsa7yncdecuju5xvgqqapx` (`belt_id`),
  CONSTRAINT `FKe3omsa7yncdecuju5xvgqqapx` FOREIGN KEY (`belt_id`) REFERENCES `belt` (`belt_id`) ON DELETE CASCADE
) ENGINE=InnoDB AUTO_INCREMENT=9 DEFAULT CHARSET=utf8mb4 COLLATE=utf8mb4_0900_ai_ci;
/*!40101 SET character_set_client = @saved_cs_client */;

--
-- Dumping data for table `ps`
--

LOCK TABLES `ps` WRITE;
/*!40000 ALTER TABLE `ps` DISABLE KEYS */;
INSERT INTO `ps` VALUES (1,2,'https://seojihyeon.s3.ap-northeast-2.amazonaws.com/1.png','https://www.youtube.com/watch?v=lKgP1DnC-Zk','Taegeuk 1 Jang corresponds with Keon (sky) or heaven, that is, the first trigram of Palgwe which represents heaven and light. Keon refers to Yangin the relative action of Yin and Yang in Taegeuk. It represents the energy that marks the beginning of all things. In addition, since Keon corresponds with the head in the human body, it implies the correct understanding of Taekwondo’s basic movements and the acquisition of skills through the first Poomsae practice.','Taegeuk 1 : Sky','태극 1장은 팔괘 중에서 하늘을 상징하는 건(建)에 해당한다. 건이란 태극에 있어 음과 양의 상대 작용에서 양(陽)을 가리키며, 만물의 시작을 알리는 기운을 나타낸다.\r\n\r\n또한, 건은 인체에 있어서 머리에 해당하므로 첫 번째 품새 수련을 통해서 태권도의 기본이 되는 동작의 바른 이해와 기술 습득을 의미한다.','태극 1장 : 하늘'),(2,3,'https://seojihyeon.s3.ap-northeast-2.amazonaws.com/2.png','https://www.youtube.com/watch?v=KLEeB1H5PeM','Taegeuk 2 Jang symbolizes “Tae” in Taegeuk. “Tae” literally means a pond with a calm surface. Applied to the human body, it means controlling breath and further, emotions. While the Poomsae practice, you need to concentrate your aura on the lower abdomen which must not disperse outside the body due to the moves. Irrespective of acquiring technique, using them for precise attack and defense is difficult without controlling breathing and emotions. Thus, the practitioner should train\r\n\r\nPoomsae like a pond with a calm surface but with depth, and achieve a state of “an iron fist in the velvet glove.”','Taegeuk 2 : Pond','태극 2장은 태극의 태(兌)를 상징한다. 태란 본래 수면이 고요한 연못을 상징하는 말이다.\r\n\r\n그러므로 이를 인체의 작용에 응용한다면 호흡을 조절하는 것이며 더 나아가서는 감정을 다스리는 과정을 뜻한다.\r\n\r\n이러한 이유로 품새를 수련할 때 동작을 따라서 몸의 기운이 밖으로 분산되지 않도록 아랫배를 중심으로 기운을 가라앉혀야 한다.\r\n\r\n이는 기술을 습득했다 하더라도 호흡과 감정을 올바르게 통제할 수 없다면 정확한 공격과 방어가 어렵기 때문이다.\r\n\r\n따라서 태의 의미는 수면은 고요하나 수심이 깊은 연못과 같은 마음가짐으로 품새를 수련하고 전체적으로 외유내강을 이루어야 한다.','태극 2장 : 연못'),(3,4,'https://seojihyeon.s3.ap-northeast-2.amazonaws.com/3.png','https://www.youtube.com/watch?v=ZUKAsSi-ziA','Taegeuk 3 Jang represents “Ri” in Palgwe. Ri symbolizes fire and clarity, like the sun. It corresponds with the heart in the human body, which further refers to the process of developing a courageous mindset. If you look at the nature of fire, it starts with a small spark and spreads rapidly, burning everything in an instant. Such uncontrolled force and light that spreads everywhere does not help in Poomsae practice. Taeguek 3 Jang is a practice method comprising the accurate learning of forces and techniques that correspond with fire and light, and practicing the bold moves by connecting defense and attack.','Taegeuk 3 : Sun','태극 3장은 팔괘의 이(離)를 의미한다.\r\n\r\n이는 태양과 같은 밝고 뜨거운 기운을 상징한다. 그러므로 인체에서는 심장에 해당하며, 용맹한 마음을 양성하는 과정을 뜻한다.\r\n\r\n불의 성질을 살펴보면 일단 작은 불씨를 시작으로 급속도로 번지게 돼 모든 것을 순식간에 태워버린다.\r\n\r\n이처럼 통제되지 않은 불의 힘과 사방으로 흩어져버리는 빛은 품새 수련에 도움이 될 수 없으며 불과 빛에 해당하는 힘과 기술을 정확하게 몸에 익히고, 품새 동작 시에 과감하게 방어와 공격을 연결하며 수련한다는 의미를 지닌다.','태극 3장 : 태양'),(4,5,'https://seojihyeon.s3.ap-northeast-2.amazonaws.com/4.png','https://www.youtube.com/watch?v=FbqjsUndH2M','Taegeuk 4 Jang represents “Jin” in Palgwe. “Jin” symbolizes arousing instant thunder and lightning. In the Orient, Jin is referred to as the dragon of heaven. In the human body, it represents mobility of both the feet that facilitates speedy movement and powerful kicks. Using the feet, you can twist your body to quickly change direction or attack. This is a process of attacking the opponent by taking advantage of the distance from the opponent, like an ever-changing dragon.','Taegeuk 4 : Thunder','태극 4장은 팔괘의 진(震)에 해당한다.\r\n\r\n진은 구름 속에서 순식간에 일어나는 천둥과 번개를 나타낸다. 이를 비유해서 동양에서는 진을 하늘의 용(龍)이라고 하였다.\r\n\r\n인체에 있어서 진은 쾌속한 움직임과 강력한 차기를 가능하게 하는 두 발의 기동력을 의미한다.\r\n\r\n따라서 두 발을 사용해 온몸을 틀어 신속하게 방향을 바꾸거나 공격 한다.\r\n\r\n이는 상대와의 거리를 나에게 유리하게 만들면서 변화무쌍한 용처럼 공격해가는 과정을 의미한다.','태극 4장 : 천둥'),(5,6,'https://seojihyeon.s3.ap-northeast-2.amazonaws.com/5.png','https://www.youtube.com/watch?v=1c5tRnshbwA','Taegeuk 5 Jang represents “Son”, in Palgwe. “Son” symbolizes wind, which is gentle but can abruptly transform into a typhoon. In the human body, it corresponds with the pelvis and hip joint. Meaning, the muscles around the pelvis and hip joint must be relaxed to assume a stable and powerful posture while practicing Poomsae. This part of the body is the base that supports the spine and helps in taking stable and flexible postures. It is also the source of the rotational force and powerful kicks. Taegeuk 5 Jang involves the practice of techniques with different postures to exert power diversely, like an unpredictable typhoon','Taegeuk 5 : Wind','태극 5장은 팔괘의 손(巽)에 해당한다.\r\n\r\n손은 바람을 가리키며 평소에는 고요하지만, 때에 따라 큰 태풍으로 돌변하기도 한다.\r\n\r\n인체에서는 골반과 엉덩관절 부위를 가리키며 품새를 수련하면서 안정되고 강력한 자세를 취하기 위해서는 골반과 엉덩관절 주변의 근육이 이완돼 있어야 함을 의미한다.\r\n\r\n특히, 이 부위는 척추를 받치고 있는 기반이 되는 곳으로서, 모든 자세를 탄력 있게 지탱할 수 있도록 도와준다.\r\n\r\n또한, 몸의 회전력과 차기의 근원적인 힘이 발산되는 부위이기도 하다.\r\n\r\n따라서 회오리 바람이 뭉쳐진 태풍과 같이 예측하지 못하는 방향으로 여러 가지 자세를 통한 기술 수련을 함으로써 몸의 힘을 다양하게 발휘하도록 수련하는 과정을 뜻한다.','태극 5장 : 바람'),(6,7,'https://seojihyeon.s3.ap-northeast-2.amazonaws.com/6.png','https://www.youtube.com/watch?v=YkW4UY5HsKI','Taegeuk 6 Jang represents “Gam” in Palgwe. “Gam” symbolizes flowing water. In the human body, it represents the ear, including the ability to hear sound and feel the sturdiness and gentleness of the power around oneself as their own. In this process, you should understand how to counterattack by brushing o2.ff the opponent’s\r\n\r\nstrength as water flows over obstacles. Like the water flows without interruption, irrespective of the path’s width and obstacles, Poomsae techniques should flow seamlessly. However, sometimes water suddenly falls and forms a waterfall. Thus, this practice process includes the overall release of power and practice, as well as the connection of apparent techniques','Taegeuk 6 : Water','태극 6장은 팔괘의 감(坎)에 해당한다.\r\n\r\n감은 끊임없이 흐르는 물을 상징하고 있다. 인체에서는 귀를 의미하며 단지 소리만을 듣는 것이 아니라 나와 주변의 힘의 강약을 느끼는 감각 능력을 포함해야 한다.\r\n\r\n따라서 이 과정에서는 흐르는 물이 장애물을 타고 넘어가듯이, 상대의 힘을 빗겨 흘리며 반격하는 느낌으로 품새를 수련해야 한다.\r\n\r\n물이 흘러가는 길의 폭이 좁거나 넓거나 때로는 장애물이 있더라도 그 름에 끊어짐이 없듯이, 품새의 기술은 물이 흐르듯이 연결되어야 한다.\r\n\r\n그러나 물이 폭포와 같이 갑자기 아래로 떨어지며 흐를 때도 있는 것처럼 단지 외형적인 기술의 연결만을 의미하는 것이 아니라, 전체적인 힘의 발산과 수련의 과정을 의미한다.','태극 6장 : 물'),(7,8,'https://seojihyeon.s3.ap-northeast-2.amazonaws.com/7.png','https://www.youtube.com/watch?v=7OrejwNss6o','Taegeuk 7 Jang represents “Gan” in Palgwe. “Gan” symbolizes a strong mountain range with meandering ridges and the connection between mountains. It represents the spine, the flexion and extension of joints and vertebrae in the human body. A mountain is more than a pile of soil; it includes the flow of groundwater through its rocks. Mountain soil, rocks, and groundwater correspond with muscles, joints, and blood vessels and nerves in the human body, respectively. At this stage, you should train to exert force along with the efficient use of flexion and extension of joints and muscles.','Taegeuk 7 : Mountain','태극 7장은 팔괘의 간(艮)에 해당한다.\r\n\r\n간은 산등성이가 굽이쳐 흐르는 산맥을 나타내며 산과 산이 연결된 모습을 말한다.\r\n\r\n인체에서는 척추를 말하며, 전체적으로는 몸 안의 관절과 척추뼈의 굴신 운동을 가리킨다.\r\n\r\n산이랑 단지 흙이 높이 쌓여 있는 것 뿐만 아니라 그 안의 바위 사이로 지하수가 흐르는 것을 포함하는 것처럼, 산의 흙, 바위, 지하수는 인체에서 근육, 관절, 혈관 및 신경에 해당한다.\r\n\r\n따라서 이 과정에서는 온몸의 관절과 근육이 효율적으로 굴신 운동을 하면서 강한 힘을 발휘하도록 수련해야 한다.','태극 7장 : 산맥'),(8,9,'https://seojihyeon.s3.ap-northeast-2.amazonaws.com/8.png','https://www.youtube.com/watch?v=1u8PtE8Swdo','Taegeuk 8 Jang represents “Gon” in Palgwe. “Gon”symbolizes the earth ― the ground where all creatures take root and live ― with the spirit of Yin. Gon represents the abdomen that protects the internal organs in the human body. While Keon in Taegeuk 1 Jang signifies the beginning of all things, Gon symbolizes the living ground of all things ― where they grow and bear fruit. Similarly, all the human power comes from the abdomen. At this stage, you will strengthen the abdomen and train to attack using the whole body with both feet in the air. Through the organic connection of the upper and lower body, the entire seven stages are completed.','Taegeuk 8 : Ground','태극 8장은 팔괘의 곤(坤)에 해당한다.\r\n\r\n곤은 음의 기운인 땅을 나타내며 세상의 만물이 뿌리를 내리고 살아가는 터전을 말한다.\r\n\r\n인체에서 곤은 오장육부를 보호하는 복부를 가리킨다.\r\n\r\n인체의 모든 힘이 배에서 나오게 되는 것처럼 태극 1장에서의 건이 만물의 시작이 되는 기운을 뜻한다면 곤은 만물이 성장하고 결실을 거두는 만물의 생활 터전의 의미가 있다.\r\n\r\n따라서 이 과정은 복부의 힘을 강화하고, 두 발이 공중에 뜬 상태로 전신을 던져 공격하는 수련을 하게 된다.\r\n\r\n또한, 상체와 하체의 유기적인 연결 동작을 통해서 전체적인 일곱과정을 모두 마무리하게 된다.','태극 8장 : 땅');
/*!40000 ALTER TABLE `ps` ENABLE KEYS */;
UNLOCK TABLES;

--
-- Table structure for table `ps_mv`
--

DROP TABLE IF EXISTS `ps_mv`;
/*!40101 SET @saved_cs_client     = @@character_set_client */;
/*!50503 SET character_set_client = utf8mb4 */;
CREATE TABLE `ps_mv` (
  `mv_id` int NOT NULL,
  `ps_id` int NOT NULL,
  `ps_mv_id` int NOT NULL AUTO_INCREMENT,
  `ps_mv_seq` int NOT NULL,
  PRIMARY KEY (`ps_mv_id`),
  KEY `FKlh1h0wo0rpqhcmdav9rfg4aa7` (`mv_id`),
  KEY `FK5qldoceuhdhqoh38af8ovt8kp` (`ps_id`),
  CONSTRAINT `FK5qldoceuhdhqoh38af8ovt8kp` FOREIGN KEY (`ps_id`) REFERENCES `ps` (`ps_id`) ON DELETE CASCADE,
  CONSTRAINT `FKlh1h0wo0rpqhcmdav9rfg4aa7` FOREIGN KEY (`mv_id`) REFERENCES `mv` (`mv_id`) ON DELETE CASCADE
) ENGINE=InnoDB AUTO_INCREMENT=59 DEFAULT CHARSET=utf8mb4 COLLATE=utf8mb4_0900_ai_ci;
/*!40101 SET character_set_client = @saved_cs_client */;

--
-- Dumping data for table `ps_mv`
--

LOCK TABLES `ps_mv` WRITE;
/*!40000 ALTER TABLE `ps_mv` DISABLE KEYS */;
INSERT INTO `ps_mv` VALUES (2,1,1,1),(3,1,2,2),(4,1,3,3),(5,1,4,4),(6,1,5,5),(7,1,6,6),(8,1,7,7),(9,1,8,8),(10,1,9,9),(11,1,10,10),(12,1,11,11),(13,1,12,12),(14,1,13,13),(15,1,14,14),(16,1,16,15),(17,1,17,16),(18,1,19,17),(19,1,20,18),(20,2,21,1),(21,2,22,2),(22,2,23,3),(23,2,24,4),(24,2,25,5),(25,2,26,6),(26,2,27,7),(27,2,28,8),(28,2,29,9),(29,2,30,10),(30,2,31,11),(31,2,32,12),(32,2,33,13),(33,2,34,14),(34,2,35,15),(35,2,36,16),(36,2,37,17),(37,2,38,18),(38,3,39,1),(39,3,40,2),(40,3,41,3),(41,3,42,4),(42,3,43,5),(43,3,44,6),(44,3,45,7),(45,3,46,8),(46,3,47,9),(47,3,48,10),(48,3,49,11),(49,3,50,12),(50,3,51,13),(51,3,52,14),(52,3,53,15),(53,3,54,16),(54,3,55,17),(55,3,56,18),(56,3,57,19),(57,3,58,20);
/*!40000 ALTER TABLE `ps_mv` ENABLE KEYS */;
UNLOCK TABLES;

--
-- Table structure for table `record`
--

DROP TABLE IF EXISTS `record`;
/*!40101 SET @saved_cs_client     = @@character_set_client */;
/*!50503 SET character_set_client = utf8mb4 */;
CREATE TABLE `record` (
  `draw` int DEFAULT NULL,
  `lose` int DEFAULT NULL,
  `record_id` int NOT NULL AUTO_INCREMENT,
  `win` int DEFAULT NULL,
  `c_at` datetime(6) DEFAULT NULL,
  `u_at` datetime(6) DEFAULT NULL,
  `user_id` bigint NOT NULL,
  PRIMARY KEY (`record_id`),
  UNIQUE KEY `UKkflcbwmr3yx1f9sbgllec3d3x` (`user_id`),
  CONSTRAINT `FKpcmdk0dryq8k3p73gf8avrq0x` FOREIGN KEY (`user_id`) REFERENCES `member` (`user_id`) ON DELETE CASCADE
) ENGINE=InnoDB AUTO_INCREMENT=49 DEFAULT CHARSET=utf8mb4 COLLATE=utf8mb4_0900_ai_ci;
/*!40101 SET character_set_client = @saved_cs_client */;

--
-- Dumping data for table `record`
--

LOCK TABLES `record` WRITE;
/*!40000 ALTER TABLE `record` DISABLE KEYS */;
INSERT INTO `record` VALUES (0,196,1,208,'2024-08-05 14:51:07.344657','2024-08-15 16:57:44.910212',1),(0,16,2,11,'2024-08-05 14:51:54.518280','2024-08-16 01:53:53.352765',2),(0,0,3,1,'2024-08-05 14:54:50.464282','2024-08-05 14:54:50.464282',3),(0,18,4,17,'2024-08-05 15:09:47.704354','2024-08-16 08:31:00.986107',4),(0,0,5,0,'2024-08-05 15:52:24.037322','2024-08-05 15:52:24.037361',5),(0,0,6,0,'2024-08-05 15:53:28.140744','2024-08-05 15:53:28.140783',6),(0,0,7,0,'2024-08-05 15:58:22.741964','2024-08-05 15:58:22.741978',7),(0,0,8,0,'2024-08-05 16:13:46.063173','2024-08-05 16:13:46.063212',8),(0,0,9,0,'2024-08-05 16:27:08.483457','2024-08-05 16:27:08.484456',9),(0,0,10,0,'2024-08-05 16:32:06.772184','2024-08-05 16:32:06.772184',10),(0,0,11,0,'2024-08-05 16:40:57.708902','2024-08-05 16:40:57.708902',11),(0,0,12,0,'2024-08-05 17:39:28.617635','2024-08-05 17:39:28.617677',12),(0,0,13,0,'2024-08-05 23:15:24.529804','2024-08-05 23:15:24.529825',13),(0,0,18,1,'2024-08-06 00:32:46.200929','2024-08-06 00:32:46.200929',18),(0,17,19,12,'2024-08-06 01:16:06.459263','2024-08-16 11:38:55.970121',19),(0,0,20,0,'2024-08-06 14:04:19.897584','2024-08-06 14:04:19.897616',20),(0,0,21,0,'2024-08-06 17:26:40.464486','2024-08-06 17:26:40.464486',21),(0,155,22,114,'2024-08-06 17:27:15.283020','2024-08-15 16:24:00.757806',22),(0,0,23,0,'2024-08-06 17:35:46.516205','2024-08-06 17:35:46.516242',23),(0,0,24,0,'2024-08-06 17:44:56.961827','2024-08-06 17:44:56.961875',24),(0,0,25,0,'2024-08-06 22:59:41.142239','2024-08-06 22:59:41.142261',25),(0,0,26,0,'2024-08-07 08:47:59.345327','2024-08-07 08:47:59.345442',26),(0,0,27,0,'2024-08-07 12:04:55.022229','2024-08-07 12:04:55.022249',27),(0,6,28,11,'2024-08-07 12:11:35.548314','2024-08-16 08:51:20.480233',28),(0,0,29,3,'2024-08-07 22:56:51.558318','2024-08-14 00:32:24.116126',29),(0,0,30,0,'2024-08-09 09:40:55.198794','2024-08-09 09:40:55.198833',30),(0,0,31,0,'2024-08-09 12:05:22.215061','2024-08-09 12:05:22.215100',31),(0,0,32,0,'2024-08-09 12:05:51.668052','2024-08-09 12:05:51.668077',32),(0,0,33,0,'2024-08-09 14:48:36.360285','2024-08-09 14:48:36.360328',33),(0,2,34,0,'2024-08-09 15:21:06.606549','2024-08-16 21:42:30.144896',34),(0,0,35,2,'2024-08-09 15:22:21.399471','2024-08-16 21:42:30.110701',35),(0,0,36,0,'2024-08-09 16:52:54.917088','2024-08-09 16:52:54.917144',36),(0,0,37,0,'2024-08-09 16:59:57.744265','2024-08-09 16:59:57.744296',37),(0,59,38,58,'2024-08-10 09:43:55.086142','2024-08-15 16:35:37.528110',38),(0,48,39,61,'2024-08-10 09:45:10.326679','2024-08-16 01:53:57.686395',39),(0,0,40,0,'2024-08-11 17:58:15.606234','2024-08-11 17:58:15.606251',40),(0,0,41,0,'2024-08-13 17:22:48.359324','2024-08-13 17:22:48.359345',41),(0,0,42,0,'2024-08-14 10:39:11.981126','2024-08-14 10:39:11.981180',42),(0,1,43,0,'2024-08-14 17:25:18.515371','2024-08-15 22:24:26.098401',43),(0,0,44,0,'2024-08-15 14:34:57.226701','2024-08-15 14:34:57.226738',44),(0,0,45,0,'2024-08-15 17:06:55.555822','2024-08-15 17:06:55.555843',45),(0,0,46,2,'2024-08-15 17:49:08.310997','2024-08-16 11:38:56.169239',46),(0,0,47,1,'2024-08-15 22:16:27.485872','2024-08-15 22:24:25.304719',47),(0,0,48,0,'2024-08-16 06:56:25.022321','2024-08-16 06:56:25.022350',48);
/*!40000 ALTER TABLE `record` ENABLE KEYS */;
UNLOCK TABLES;

--
-- Table structure for table `user_ps_edu`
--

DROP TABLE IF EXISTS `user_ps_edu`;
/*!40101 SET @saved_cs_client     = @@character_set_client */;
/*!50503 SET character_set_client = utf8mb4 */;
CREATE TABLE `user_ps_edu` (
  `ps_id` int NOT NULL,
  `user_ps_edu_done` tinyint(1) DEFAULT NULL,
  `user_ps_edu_id` int NOT NULL AUTO_INCREMENT,
  `c_at` datetime(6) DEFAULT NULL,
  `u_at` datetime(6) DEFAULT NULL,
  `user_id` bigint NOT NULL,
  PRIMARY KEY (`user_ps_edu_id`),
  KEY `FKb85wo5dwbtosy1h4rxb7lmvgq` (`user_id`),
  KEY `FK8yrybes9xvyltaa760y65vvik` (`ps_id`),
  CONSTRAINT `FK8yrybes9xvyltaa760y65vvik` FOREIGN KEY (`ps_id`) REFERENCES `ps` (`ps_id`) ON DELETE CASCADE,
  CONSTRAINT `FKb85wo5dwbtosy1h4rxb7lmvgq` FOREIGN KEY (`user_id`) REFERENCES `member` (`user_id`) ON DELETE CASCADE
) ENGINE=InnoDB AUTO_INCREMENT=385 DEFAULT CHARSET=utf8mb4 COLLATE=utf8mb4_0900_ai_ci;
/*!40101 SET character_set_client = @saved_cs_client */;

--
-- Dumping data for table `user_ps_edu`
--

LOCK TABLES `user_ps_edu` WRITE;
/*!40000 ALTER TABLE `user_ps_edu` DISABLE KEYS */;
INSERT INTO `user_ps_edu` VALUES (1,1,1,'2024-08-05 14:51:07.361609','2024-08-13 14:53:09.778855',1),(2,0,2,'2024-08-05 14:51:07.364451','2024-08-05 14:51:07.364475',1),(3,0,3,'2024-08-05 14:51:07.366509','2024-08-05 14:51:07.366533',1),(4,0,4,'2024-08-05 14:51:07.368474','2024-08-05 14:51:07.368498',1),(5,0,5,'2024-08-05 14:51:07.370382','2024-08-05 14:51:07.370406',1),(6,0,6,'2024-08-05 14:51:07.372697','2024-08-05 14:51:07.372722',1),(7,0,7,'2024-08-05 14:51:07.374671','2024-08-05 14:51:07.374694',1),(8,0,8,'2024-08-05 14:51:07.376509','2024-08-05 14:51:07.376534',1),(1,1,9,'2024-08-05 14:51:54.524009','2024-08-06 08:57:03.577914',2),(2,1,10,'2024-08-05 14:51:54.525848','2024-08-06 09:20:37.552744',2),(3,1,11,'2024-08-05 14:51:54.527638','2024-08-06 09:20:53.669899',2),(4,1,12,'2024-08-05 14:51:54.529260','2024-08-07 08:45:01.046252',2),(5,1,13,'2024-08-05 14:51:54.530904','2024-08-07 12:09:46.546635',2),(6,1,14,'2024-08-05 14:51:54.532559','2024-08-07 15:59:25.491260',2),(7,1,15,'2024-08-05 14:51:54.534121','2024-08-07 15:59:47.564761',2),(8,1,16,'2024-08-05 14:51:54.535614','2024-08-07 16:00:53.423244',2),(1,0,17,'2024-08-05 14:54:50.510500','2024-08-05 14:54:50.510500',3),(2,0,18,'2024-08-05 14:54:50.525592','2024-08-05 14:54:50.525592',3),(3,0,19,'2024-08-05 14:54:50.539720','2024-08-05 14:54:50.539720',3),(4,0,20,'2024-08-05 14:54:50.554768','2024-08-05 14:54:50.554768',3),(5,0,21,'2024-08-05 14:54:50.570905','2024-08-05 14:54:50.570905',3),(6,0,22,'2024-08-05 14:54:50.589473','2024-08-05 14:54:50.589473',3),(7,0,23,'2024-08-05 14:54:50.604702','2024-08-05 14:54:50.604702',3),(8,0,24,'2024-08-05 14:54:50.620702','2024-08-05 14:54:50.620702',3),(1,1,25,'2024-08-05 15:09:47.722209','2024-08-05 16:28:35.043513',4),(2,1,26,'2024-08-05 15:09:47.725673','2024-08-05 22:47:52.317082',4),(3,1,27,'2024-08-05 15:09:47.727912','2024-08-05 23:13:53.951364',4),(4,0,28,'2024-08-05 15:09:47.730309','2024-08-05 15:09:47.730333',4),(5,0,29,'2024-08-05 15:09:47.732555','2024-08-05 15:09:47.732588',4),(6,0,30,'2024-08-05 15:09:47.736301','2024-08-05 15:09:47.736325',4),(7,0,31,'2024-08-05 15:09:47.740593','2024-08-05 15:09:47.740617',4),(8,0,32,'2024-08-05 15:09:47.743568','2024-08-05 15:09:47.743593',4),(1,0,33,'2024-08-05 15:52:24.052734','2024-08-05 15:52:24.052766',5),(2,0,34,'2024-08-05 15:52:24.055555','2024-08-05 15:52:24.055580',5),(3,0,35,'2024-08-05 15:52:24.057881','2024-08-05 15:52:24.057924',5),(4,0,36,'2024-08-05 15:52:24.060086','2024-08-05 15:52:24.060112',5),(5,0,37,'2024-08-05 15:52:24.062263','2024-08-05 15:52:24.062295',5),(6,0,38,'2024-08-05 15:52:24.064913','2024-08-05 15:52:24.064938',5),(7,0,39,'2024-08-05 15:52:24.066855','2024-08-05 15:52:24.066882',5),(8,0,40,'2024-08-05 15:52:24.068966','2024-08-05 15:52:24.068990',5),(1,0,41,'2024-08-05 15:53:28.146134','2024-08-05 15:53:28.146151',6),(2,0,42,'2024-08-05 15:53:28.147917','2024-08-05 15:53:28.147936',6),(3,0,43,'2024-08-05 15:53:28.149498','2024-08-05 15:53:28.149513',6),(4,0,44,'2024-08-05 15:53:28.151035','2024-08-05 15:53:28.151050',6),(5,0,45,'2024-08-05 15:53:28.152671','2024-08-05 15:53:28.152686',6),(6,0,46,'2024-08-05 15:53:28.154254','2024-08-05 15:53:28.154287',6),(7,0,47,'2024-08-05 15:53:28.155961','2024-08-05 15:53:28.155978',6),(8,0,48,'2024-08-05 15:53:28.157778','2024-08-05 15:53:28.157794',6),(1,0,49,'2024-08-05 15:58:22.746442','2024-08-05 15:58:22.746456',7),(2,0,50,'2024-08-05 15:58:22.747868','2024-08-05 15:58:22.747882',7),(3,0,51,'2024-08-05 15:58:22.749211','2024-08-05 15:58:22.749224',7),(4,0,52,'2024-08-05 15:58:22.750513','2024-08-05 15:58:22.750526',7),(5,0,53,'2024-08-05 15:58:22.751869','2024-08-05 15:58:22.751882',7),(6,0,54,'2024-08-05 15:58:22.753374','2024-08-05 15:58:22.753396',7),(7,0,55,'2024-08-05 15:58:22.754812','2024-08-05 15:58:22.754826',7),(8,0,56,'2024-08-05 15:58:22.756176','2024-08-05 15:58:22.756190',7),(1,0,57,'2024-08-05 16:13:46.079853','2024-08-05 16:13:46.079888',8),(2,0,58,'2024-08-05 16:13:46.082935','2024-08-05 16:13:46.082960',8),(3,0,59,'2024-08-05 16:13:46.085058','2024-08-05 16:13:46.085083',8),(4,0,60,'2024-08-05 16:13:46.087214','2024-08-05 16:13:46.087238',8),(5,0,61,'2024-08-05 16:13:46.089432','2024-08-05 16:13:46.089457',8),(6,0,62,'2024-08-05 16:13:46.091889','2024-08-05 16:13:46.091914',8),(7,0,63,'2024-08-05 16:13:46.094098','2024-08-05 16:13:46.094123',8),(8,0,64,'2024-08-05 16:13:46.096231','2024-08-05 16:13:46.096255',8),(1,0,65,'2024-08-05 16:27:08.525501','2024-08-05 16:27:08.526501',9),(2,0,66,'2024-08-05 16:27:08.540403','2024-08-05 16:27:08.540403',9),(3,0,67,'2024-08-05 16:27:08.553430','2024-08-05 16:27:08.553430',9),(4,0,68,'2024-08-05 16:27:08.566472','2024-08-05 16:27:08.566472',9),(5,0,69,'2024-08-05 16:27:08.579462','2024-08-05 16:27:08.579462',9),(6,0,70,'2024-08-05 16:27:08.591543','2024-08-05 16:27:08.591543',9),(7,0,71,'2024-08-05 16:27:08.604320','2024-08-05 16:27:08.604320',9),(8,0,72,'2024-08-05 16:27:08.617320','2024-08-05 16:27:08.617320',9),(1,0,73,'2024-08-05 16:32:06.804633','2024-08-05 16:32:06.804633',10),(2,0,74,'2024-08-05 16:32:06.817537','2024-08-05 16:32:06.817537',10),(3,0,75,'2024-08-05 16:32:06.831383','2024-08-05 16:32:06.831383',10),(4,0,76,'2024-08-05 16:32:06.847376','2024-08-05 16:32:06.847376',10),(5,0,77,'2024-08-05 16:32:06.862470','2024-08-05 16:32:06.862470',10),(6,0,78,'2024-08-05 16:32:06.875471','2024-08-05 16:32:06.875471',10),(7,0,79,'2024-08-05 16:32:06.888532','2024-08-05 16:32:06.888532',10),(8,0,80,'2024-08-05 16:32:06.902213','2024-08-05 16:32:06.902213',10),(1,0,81,'2024-08-05 16:40:57.750421','2024-08-05 16:40:57.750421',11),(2,0,82,'2024-08-05 16:40:57.767732','2024-08-05 16:40:57.767732',11),(3,0,83,'2024-08-05 16:40:57.778446','2024-08-05 16:40:57.778446',11),(4,0,84,'2024-08-05 16:40:57.791868','2024-08-05 16:40:57.791868',11),(5,0,85,'2024-08-05 16:40:57.810722','2024-08-05 16:40:57.810722',11),(6,0,86,'2024-08-05 16:40:57.821461','2024-08-05 16:40:57.821461',11),(7,0,87,'2024-08-05 16:40:57.838511','2024-08-05 16:40:57.838511',11),(8,0,88,'2024-08-05 16:40:57.851587','2024-08-05 16:40:57.851587',11),(1,1,89,'2024-08-05 17:39:28.651959','2024-08-05 22:39:04.408524',12),(2,1,90,'2024-08-05 17:39:28.655513','2024-08-05 23:18:32.092735',12),(3,0,91,'2024-08-05 17:39:28.657887','2024-08-05 17:39:28.657914',12),(4,0,92,'2024-08-05 17:39:28.660127','2024-08-05 17:39:28.660154',12),(5,0,93,'2024-08-05 17:39:28.662579','2024-08-05 17:39:28.662605',12),(6,0,94,'2024-08-05 17:39:28.665222','2024-08-05 17:39:28.665246',12),(7,0,95,'2024-08-05 17:39:28.667424','2024-08-05 17:39:28.667450',12),(8,0,96,'2024-08-05 17:39:28.669585','2024-08-05 17:39:28.669610',12),(1,1,97,'2024-08-05 23:15:24.537155','2024-08-05 23:26:44.751087',13),(2,0,98,'2024-08-05 23:15:24.539354','2024-08-05 23:15:24.539371',13),(3,0,99,'2024-08-05 23:15:24.541328','2024-08-05 23:15:24.541342',13),(4,0,100,'2024-08-05 23:15:24.542960','2024-08-05 23:15:24.542975',13),(5,0,101,'2024-08-05 23:15:24.544635','2024-08-05 23:15:24.544650',13),(6,0,102,'2024-08-05 23:15:24.546735','2024-08-05 23:15:24.546750',13),(7,0,103,'2024-08-05 23:15:24.548395','2024-08-05 23:15:24.548439',13),(8,0,104,'2024-08-05 23:15:24.550097','2024-08-05 23:15:24.550118',13),(1,0,137,'2024-08-06 00:32:46.267430','2024-08-06 00:32:46.267430',18),(2,0,138,'2024-08-06 00:32:46.281519','2024-08-06 00:32:46.281519',18),(3,0,139,'2024-08-06 00:32:46.294030','2024-08-06 00:32:46.295030',18),(4,0,140,'2024-08-06 00:32:46.307137','2024-08-06 00:32:46.307137',18),(5,0,141,'2024-08-06 00:32:46.321617','2024-08-06 00:32:46.321617',18),(6,0,142,'2024-08-06 00:32:46.334597','2024-08-06 00:32:46.334597',18),(7,0,143,'2024-08-06 00:32:46.348601','2024-08-06 00:32:46.348601',18),(8,0,144,'2024-08-06 00:32:46.361790','2024-08-06 00:32:46.361790',18),(1,0,145,'2024-08-06 01:16:06.493016','2024-08-06 01:16:06.493052',19),(2,0,146,'2024-08-06 01:16:06.496539','2024-08-06 01:16:06.496565',19),(3,0,147,'2024-08-06 01:16:06.498817','2024-08-06 01:16:06.498843',19),(4,0,148,'2024-08-06 01:16:06.500991','2024-08-06 01:16:06.501017',19),(5,0,149,'2024-08-06 01:16:06.503307','2024-08-06 01:16:06.503334',19),(6,0,150,'2024-08-06 01:16:06.506291','2024-08-06 01:16:06.506328',19),(7,0,151,'2024-08-06 01:16:06.508719','2024-08-06 01:16:06.508746',19),(8,0,152,'2024-08-06 01:16:06.510911','2024-08-06 01:16:06.510941',19),(1,1,153,'2024-08-06 14:04:19.913490','2024-08-06 14:31:27.547212',20),(2,1,154,'2024-08-06 14:04:19.916438','2024-08-06 14:31:44.732269',20),(3,0,155,'2024-08-06 14:04:19.921075','2024-08-06 14:04:19.921106',20),(4,0,156,'2024-08-06 14:04:19.923101','2024-08-06 14:04:19.923120',20),(5,0,157,'2024-08-06 14:04:19.924950','2024-08-06 14:04:19.924969',20),(6,0,158,'2024-08-06 14:04:19.927409','2024-08-06 14:04:19.927429',20),(7,0,159,'2024-08-06 14:04:19.929461','2024-08-06 14:04:19.929481',20),(8,0,160,'2024-08-06 14:04:19.931512','2024-08-06 14:04:19.931532',20),(1,0,161,'2024-08-06 17:26:40.516361','2024-08-06 17:26:40.516361',21),(2,0,162,'2024-08-06 17:26:40.531358','2024-08-06 17:26:40.531358',21),(3,0,163,'2024-08-06 17:26:40.547697','2024-08-06 17:26:40.547697',21),(4,0,164,'2024-08-06 17:26:40.563732','2024-08-06 17:26:40.563732',21),(5,0,165,'2024-08-06 17:26:40.579159','2024-08-06 17:26:40.579159',21),(6,0,166,'2024-08-06 17:26:40.594173','2024-08-06 17:26:40.594173',21),(7,0,167,'2024-08-06 17:26:40.608767','2024-08-06 17:26:40.608767',21),(8,0,168,'2024-08-06 17:26:40.624827','2024-08-06 17:26:40.624827',21),(1,0,169,'2024-08-06 17:27:15.319694','2024-08-06 17:27:15.319738',22),(2,0,170,'2024-08-06 17:27:15.323150','2024-08-06 17:27:15.323176',22),(3,0,171,'2024-08-06 17:27:15.325280','2024-08-06 17:27:15.325307',22),(4,0,172,'2024-08-06 17:27:15.327638','2024-08-06 17:27:15.327685',22),(5,0,173,'2024-08-06 17:27:15.330252','2024-08-06 17:27:15.330289',22),(6,0,174,'2024-08-06 17:27:15.332964','2024-08-06 17:27:15.332992',22),(7,0,175,'2024-08-06 17:27:15.335143','2024-08-06 17:27:15.335170',22),(8,0,176,'2024-08-06 17:27:15.337301','2024-08-06 17:27:15.337328',22),(1,1,177,'2024-08-06 17:35:46.525045','2024-08-06 17:36:22.239224',23),(2,0,178,'2024-08-06 17:35:46.527176','2024-08-06 17:35:46.527199',23),(3,0,179,'2024-08-06 17:35:46.529192','2024-08-06 17:35:46.529217',23),(4,0,180,'2024-08-06 17:35:46.531056','2024-08-06 17:35:46.531081',23),(5,0,181,'2024-08-06 17:35:46.532875','2024-08-06 17:35:46.532900',23),(6,0,182,'2024-08-06 17:35:46.534976','2024-08-06 17:35:46.535001',23),(7,0,183,'2024-08-06 17:35:46.536885','2024-08-06 17:35:46.536907',23),(8,0,184,'2024-08-06 17:35:46.538740','2024-08-06 17:35:46.538761',23),(1,1,185,'2024-08-06 17:44:56.999799','2024-08-06 17:45:13.344141',24),(2,1,186,'2024-08-06 17:44:57.003486','2024-08-06 17:48:22.421922',24),(3,0,187,'2024-08-06 17:44:57.005765','2024-08-06 17:44:57.005791',24),(4,0,188,'2024-08-06 17:44:57.008162','2024-08-06 17:44:57.008187',24),(5,0,189,'2024-08-06 17:44:57.010373','2024-08-06 17:44:57.010398',24),(6,0,190,'2024-08-06 17:44:57.012922','2024-08-06 17:44:57.012948',24),(7,0,191,'2024-08-06 17:44:57.014966','2024-08-06 17:44:57.014998',24),(8,0,192,'2024-08-06 17:44:57.016979','2024-08-06 17:44:57.017003',24),(1,0,193,'2024-08-06 22:59:41.152579','2024-08-06 22:59:41.152601',25),(2,0,194,'2024-08-06 22:59:41.155424','2024-08-06 22:59:41.155441',25),(3,0,195,'2024-08-06 22:59:41.157428','2024-08-06 22:59:41.157444',25),(4,0,196,'2024-08-06 22:59:41.159170','2024-08-06 22:59:41.159186',25),(5,0,197,'2024-08-06 22:59:41.161168','2024-08-06 22:59:41.161187',25),(6,0,198,'2024-08-06 22:59:41.163590','2024-08-06 22:59:41.163607',25),(7,0,199,'2024-08-06 22:59:41.165643','2024-08-06 22:59:41.165659',25),(8,0,200,'2024-08-06 22:59:41.167363','2024-08-06 22:59:41.167378',25),(1,1,201,'2024-08-07 08:47:59.356794','2024-08-07 08:50:35.402522',26),(2,1,202,'2024-08-07 08:47:59.359024','2024-08-07 08:51:00.865305',26),(3,1,203,'2024-08-07 08:47:59.361380','2024-08-07 08:51:28.567591',26),(4,0,204,'2024-08-07 08:47:59.363153','2024-08-07 08:47:59.363166',26),(5,0,205,'2024-08-07 08:47:59.364823','2024-08-07 08:47:59.364835',26),(6,0,206,'2024-08-07 08:47:59.366769','2024-08-07 08:47:59.366782',26),(7,0,207,'2024-08-07 08:47:59.368885','2024-08-07 08:47:59.368898',26),(8,0,208,'2024-08-07 08:47:59.370511','2024-08-07 08:47:59.370524',26),(1,0,209,'2024-08-07 12:04:55.041378','2024-08-07 12:04:55.041397',27),(2,0,210,'2024-08-07 12:04:55.044978','2024-08-07 12:04:55.044990',27),(3,0,211,'2024-08-07 12:04:55.047078','2024-08-07 12:04:55.047089',27),(4,0,212,'2024-08-07 12:04:55.048846','2024-08-07 12:04:55.048858',27),(5,0,213,'2024-08-07 12:04:55.050380','2024-08-07 12:04:55.050391',27),(6,0,214,'2024-08-07 12:04:55.052152','2024-08-07 12:04:55.052163',27),(7,0,215,'2024-08-07 12:04:55.053761','2024-08-07 12:04:55.053772',27),(8,0,216,'2024-08-07 12:04:55.055248','2024-08-07 12:04:55.055258',27),(1,1,217,'2024-08-07 12:11:35.552761','2024-08-07 12:12:08.195635',28),(2,1,218,'2024-08-07 12:11:35.554324','2024-08-07 12:13:00.300384',28),(3,1,219,'2024-08-07 12:11:35.555718','2024-08-07 16:37:05.812754',28),(4,0,220,'2024-08-07 12:11:35.557071','2024-08-07 12:11:35.557082',28),(5,0,221,'2024-08-07 12:11:35.558494','2024-08-07 12:11:35.558506',28),(6,0,222,'2024-08-07 12:11:35.559859','2024-08-07 12:11:35.559870',28),(7,0,223,'2024-08-07 12:11:35.561188','2024-08-07 12:11:35.561198',28),(8,0,224,'2024-08-07 12:11:35.562480','2024-08-07 12:11:35.562492',28),(1,0,225,'2024-08-07 22:56:51.579090','2024-08-07 22:56:51.579111',29),(2,0,226,'2024-08-07 22:56:51.581773','2024-08-07 22:56:51.581789',29),(3,0,227,'2024-08-07 22:56:51.583860','2024-08-07 22:56:51.583876',29),(4,0,228,'2024-08-07 22:56:51.585872','2024-08-07 22:56:51.585888',29),(5,0,229,'2024-08-07 22:56:51.587764','2024-08-07 22:56:51.587780',29),(6,0,230,'2024-08-07 22:56:51.590520','2024-08-07 22:56:51.590537',29),(7,0,231,'2024-08-07 22:56:51.592623','2024-08-07 22:56:51.592640',29),(8,0,232,'2024-08-07 22:56:51.594601','2024-08-07 22:56:51.594619',29),(1,1,233,'2024-08-09 09:40:55.215554','2024-08-09 09:49:49.225760',30),(2,0,234,'2024-08-09 09:40:55.219945','2024-08-09 09:40:55.219971',30),(3,0,235,'2024-08-09 09:40:55.222119','2024-08-09 09:40:55.222144',30),(4,0,236,'2024-08-09 09:40:55.224366','2024-08-09 09:40:55.224393',30),(5,0,237,'2024-08-09 09:40:55.226435','2024-08-09 09:40:55.226459',30),(6,0,238,'2024-08-09 09:40:55.228690','2024-08-09 09:40:55.228714',30),(7,0,239,'2024-08-09 09:40:55.230629','2024-08-09 09:40:55.230650',30),(8,0,240,'2024-08-09 09:40:55.232574','2024-08-09 09:40:55.232598',30),(1,0,241,'2024-08-09 12:05:22.233133','2024-08-09 12:05:22.233172',31),(2,0,242,'2024-08-09 12:05:22.236130','2024-08-09 12:05:22.236154',31),(3,0,243,'2024-08-09 12:05:22.238330','2024-08-09 12:05:22.238354',31),(4,0,244,'2024-08-09 12:05:22.240234','2024-08-09 12:05:22.240259',31),(5,0,245,'2024-08-09 12:05:22.242154','2024-08-09 12:05:22.242181',31),(6,0,246,'2024-08-09 12:05:22.244498','2024-08-09 12:05:22.244525',31),(7,0,247,'2024-08-09 12:05:22.246775','2024-08-09 12:05:22.246805',31),(8,0,248,'2024-08-09 12:05:22.249274','2024-08-09 12:05:22.249300',31),(1,1,249,'2024-08-09 12:05:51.675973','2024-08-14 12:11:29.608492',32),(2,0,250,'2024-08-09 12:05:51.678051','2024-08-09 12:05:51.678075',32),(3,0,251,'2024-08-09 12:05:51.679901','2024-08-09 12:05:51.679925',32),(4,0,252,'2024-08-09 12:05:51.681796','2024-08-09 12:05:51.681819',32),(5,0,253,'2024-08-09 12:05:51.683723','2024-08-09 12:05:51.683769',32),(6,0,254,'2024-08-09 12:05:51.685554','2024-08-09 12:05:51.685578',32),(7,0,255,'2024-08-09 12:05:51.687426','2024-08-09 12:05:51.687476',32),(8,0,256,'2024-08-09 12:05:51.689367','2024-08-09 12:05:51.689390',32),(1,1,257,'2024-08-09 14:48:36.391810','2024-08-09 14:49:51.106593',33),(2,0,258,'2024-08-09 14:48:36.395192','2024-08-09 14:48:36.395219',33),(3,0,259,'2024-08-09 14:48:36.397371','2024-08-09 14:48:36.397398',33),(4,0,260,'2024-08-09 14:48:36.399657','2024-08-09 14:48:36.399684',33),(5,0,261,'2024-08-09 14:48:36.401863','2024-08-09 14:48:36.401898',33),(6,0,262,'2024-08-09 14:48:36.404291','2024-08-09 14:48:36.404317',33),(7,0,263,'2024-08-09 14:48:36.406404','2024-08-09 14:48:36.406450',33),(8,0,264,'2024-08-09 14:48:36.408650','2024-08-09 14:48:36.408678',33),(1,1,265,'2024-08-09 15:21:06.622631','2024-08-14 15:34:04.036884',34),(2,0,266,'2024-08-09 15:21:06.625573','2024-08-09 15:21:06.625598',34),(3,0,267,'2024-08-09 15:21:06.627717','2024-08-09 15:21:06.627743',34),(4,0,268,'2024-08-09 15:21:06.629887','2024-08-09 15:21:06.629911',34),(5,0,269,'2024-08-09 15:21:06.632363','2024-08-09 15:21:06.632388',34),(6,0,270,'2024-08-09 15:21:06.634919','2024-08-09 15:21:06.634948',34),(7,0,271,'2024-08-09 15:21:06.636900','2024-08-09 15:21:06.636924',34),(8,0,272,'2024-08-09 15:21:06.639116','2024-08-09 15:21:06.639145',34),(1,0,273,'2024-08-09 15:22:21.406584','2024-08-09 15:22:21.406612',35),(2,0,274,'2024-08-09 15:22:21.408788','2024-08-09 15:22:21.408816',35),(3,0,275,'2024-08-09 15:22:21.410541','2024-08-09 15:22:21.410561',35),(4,0,276,'2024-08-09 15:22:21.412283','2024-08-09 15:22:21.412304',35),(5,0,277,'2024-08-09 15:22:21.413998','2024-08-09 15:22:21.414019',35),(6,0,278,'2024-08-09 15:22:21.415649','2024-08-09 15:22:21.415670',35),(7,0,279,'2024-08-09 15:22:21.417394','2024-08-09 15:22:21.417416',35),(8,0,280,'2024-08-09 15:22:21.419227','2024-08-09 15:22:21.419250',35),(1,0,281,'2024-08-09 16:52:54.934134','2024-08-09 16:52:54.934170',36),(2,0,282,'2024-08-09 16:52:54.937352','2024-08-09 16:52:54.937376',36),(3,0,283,'2024-08-09 16:52:54.939496','2024-08-09 16:52:54.939519',36),(4,0,284,'2024-08-09 16:52:54.942139','2024-08-09 16:52:54.942162',36),(5,0,285,'2024-08-09 16:52:54.944241','2024-08-09 16:52:54.944264',36),(6,0,286,'2024-08-09 16:52:54.946948','2024-08-09 16:52:54.946982',36),(7,0,287,'2024-08-09 16:52:54.949506','2024-08-09 16:52:54.949531',36),(8,0,288,'2024-08-09 16:52:54.951511','2024-08-09 16:52:54.951534',36),(1,0,289,'2024-08-09 16:59:57.769081','2024-08-09 16:59:57.769112',37),(2,0,290,'2024-08-09 16:59:57.772174','2024-08-09 16:59:57.772194',37),(3,0,291,'2024-08-09 16:59:57.774530','2024-08-09 16:59:57.774554',37),(4,0,292,'2024-08-09 16:59:57.776594','2024-08-09 16:59:57.776616',37),(5,0,293,'2024-08-09 16:59:57.778534','2024-08-09 16:59:57.778555',37),(6,0,294,'2024-08-09 16:59:57.780820','2024-08-09 16:59:57.780842',37),(7,0,295,'2024-08-09 16:59:57.782917','2024-08-09 16:59:57.782938',37),(8,0,296,'2024-08-09 16:59:57.784955','2024-08-09 16:59:57.784977',37),(1,1,297,'2024-08-10 09:43:55.098273','2024-08-12 16:12:09.841561',38),(2,0,298,'2024-08-10 09:43:55.100848','2024-08-10 09:43:55.100861',38),(3,0,299,'2024-08-10 09:43:55.102986','2024-08-10 09:43:55.103000',38),(4,0,300,'2024-08-10 09:43:55.104911','2024-08-10 09:43:55.104924',38),(5,0,301,'2024-08-10 09:43:55.106561','2024-08-10 09:43:55.106574',38),(6,0,302,'2024-08-10 09:43:55.108645','2024-08-10 09:43:55.108662',38),(7,0,303,'2024-08-10 09:43:55.110275','2024-08-10 09:43:55.110289',38),(8,0,304,'2024-08-10 09:43:55.111943','2024-08-10 09:43:55.111956',38),(1,1,305,'2024-08-10 09:45:10.331947','2024-08-14 17:23:36.015895',39),(2,0,306,'2024-08-10 09:45:10.333561','2024-08-10 09:45:10.333574',39),(3,0,307,'2024-08-10 09:45:10.335004','2024-08-10 09:45:10.335016',39),(4,0,308,'2024-08-10 09:45:10.336528','2024-08-10 09:45:10.336540',39),(5,0,309,'2024-08-10 09:45:10.338008','2024-08-10 09:45:10.338020',39),(6,0,310,'2024-08-10 09:45:10.339536','2024-08-10 09:45:10.339548',39),(7,0,311,'2024-08-10 09:45:10.341022','2024-08-10 09:45:10.341035',39),(8,0,312,'2024-08-10 09:45:10.342466','2024-08-10 09:45:10.342478',39),(1,0,313,'2024-08-11 17:58:15.617194','2024-08-11 17:58:15.617210',40),(2,0,314,'2024-08-11 17:58:15.619506','2024-08-11 17:58:15.619520',40),(3,0,315,'2024-08-11 17:58:15.621231','2024-08-11 17:58:15.621244',40),(4,0,316,'2024-08-11 17:58:15.622856','2024-08-11 17:58:15.622869',40),(5,0,317,'2024-08-11 17:58:15.624483','2024-08-11 17:58:15.624496',40),(6,0,318,'2024-08-11 17:58:15.626346','2024-08-11 17:58:15.626360',40),(7,0,319,'2024-08-11 17:58:15.627976','2024-08-11 17:58:15.627989',40),(8,0,320,'2024-08-11 17:58:15.632944','2024-08-11 17:58:15.632959',40),(1,0,321,'2024-08-13 17:22:48.368522','2024-08-13 17:22:48.368540',41),(2,0,322,'2024-08-13 17:22:48.370870','2024-08-13 17:22:48.370916',41),(3,0,323,'2024-08-13 17:22:48.372822','2024-08-13 17:22:48.372851',41),(4,0,324,'2024-08-13 17:22:48.378907','2024-08-13 17:22:48.378926',41),(5,0,325,'2024-08-13 17:22:48.380750','2024-08-13 17:22:48.380766',41),(6,0,326,'2024-08-13 17:22:48.382735','2024-08-13 17:22:48.382751',41),(7,0,327,'2024-08-13 17:22:48.384570','2024-08-13 17:22:48.384586',41),(8,0,328,'2024-08-13 17:22:48.386476','2024-08-13 17:22:48.386492',41),(1,0,329,'2024-08-14 10:39:12.013162','2024-08-14 10:39:12.013202',42),(2,0,330,'2024-08-14 10:39:12.017350','2024-08-14 10:39:12.017377',42),(3,0,331,'2024-08-14 10:39:12.019623','2024-08-14 10:39:12.019645',42),(4,0,332,'2024-08-14 10:39:12.021710','2024-08-14 10:39:12.021741',42),(5,0,333,'2024-08-14 10:39:12.023803','2024-08-14 10:39:12.023838',42),(6,0,334,'2024-08-14 10:39:12.026306','2024-08-14 10:39:12.026332',42),(7,0,335,'2024-08-14 10:39:12.028283','2024-08-14 10:39:12.028308',42),(8,0,336,'2024-08-14 10:39:12.030567','2024-08-14 10:39:12.030596',42),(1,1,337,'2024-08-14 17:25:18.531535','2024-08-14 17:26:38.456095',43),(2,0,338,'2024-08-14 17:25:18.533731','2024-08-14 17:25:18.533745',43),(3,0,339,'2024-08-14 17:25:18.535668','2024-08-14 17:25:18.535682',43),(4,0,340,'2024-08-14 17:25:18.537362','2024-08-14 17:25:18.537376',43),(5,0,341,'2024-08-14 17:25:18.539356','2024-08-14 17:25:18.540106',43),(6,0,342,'2024-08-14 17:25:18.543130','2024-08-14 17:25:18.543145',43),(7,0,343,'2024-08-14 17:25:18.546653','2024-08-14 17:25:18.546667',43),(8,0,344,'2024-08-14 17:25:18.549373','2024-08-14 17:25:18.549388',43),(1,0,345,'2024-08-15 14:34:57.259835','2024-08-15 14:34:57.259871',44),(2,0,346,'2024-08-15 14:34:57.262953','2024-08-15 14:34:57.262983',44),(3,0,347,'2024-08-15 14:34:57.267159','2024-08-15 14:34:57.267186',44),(4,0,348,'2024-08-15 14:34:57.269592','2024-08-15 14:34:57.269624',44),(5,0,349,'2024-08-15 14:34:57.271953','2024-08-15 14:34:57.271982',44),(6,0,350,'2024-08-15 14:34:57.274556','2024-08-15 14:34:57.274582',44),(7,0,351,'2024-08-15 14:34:57.276644','2024-08-15 14:34:57.276671',44),(8,0,352,'2024-08-15 14:34:57.278765','2024-08-15 14:34:57.278791',44),(1,0,353,'2024-08-15 17:06:55.563502','2024-08-15 17:06:55.563519',45),(2,0,354,'2024-08-15 17:06:55.565406','2024-08-15 17:06:55.565420',45),(3,0,355,'2024-08-15 17:06:55.567102','2024-08-15 17:06:55.567115',45),(4,0,356,'2024-08-15 17:06:55.568772','2024-08-15 17:06:55.568786',45),(5,0,357,'2024-08-15 17:06:55.570447','2024-08-15 17:06:55.570460',45),(6,0,358,'2024-08-15 17:06:55.572369','2024-08-15 17:06:55.572383',45),(7,0,359,'2024-08-15 17:06:55.574038','2024-08-15 17:06:55.574052',45),(8,0,360,'2024-08-15 17:06:55.575607','2024-08-15 17:06:55.575621',45),(1,1,361,'2024-08-15 17:49:08.315208','2024-08-15 17:51:21.605968',46),(2,0,362,'2024-08-15 17:49:08.316830','2024-08-15 17:49:08.316844',46),(3,0,363,'2024-08-15 17:49:08.318239','2024-08-15 17:49:08.318253',46),(4,0,364,'2024-08-15 17:49:08.319649','2024-08-15 17:49:08.319661',46),(5,0,365,'2024-08-15 17:49:08.321057','2024-08-15 17:49:08.321070',46),(6,0,366,'2024-08-15 17:49:08.322497','2024-08-15 17:49:08.322510',46),(7,0,367,'2024-08-15 17:49:08.323839','2024-08-15 17:49:08.323852',46),(8,0,368,'2024-08-15 17:49:08.325258','2024-08-15 17:49:08.325271',46),(1,0,369,'2024-08-15 22:16:27.499333','2024-08-15 22:16:27.499384',47),(2,0,370,'2024-08-15 22:16:27.502246','2024-08-15 22:16:27.502271',47),(3,0,371,'2024-08-15 22:16:27.504436','2024-08-15 22:16:27.504460',47),(4,0,372,'2024-08-15 22:16:27.506647','2024-08-15 22:16:27.506671',47),(5,0,373,'2024-08-15 22:16:27.508850','2024-08-15 22:16:27.508873',47),(6,0,374,'2024-08-15 22:16:27.511420','2024-08-15 22:16:27.511443',47),(7,0,375,'2024-08-15 22:16:27.514077','2024-08-15 22:16:27.514101',47),(8,0,376,'2024-08-15 22:16:27.516211','2024-08-15 22:16:27.516234',47),(1,0,377,'2024-08-16 06:56:25.060158','2024-08-16 06:56:25.060186',48),(2,0,378,'2024-08-16 06:56:25.063590','2024-08-16 06:56:25.063610',48),(3,0,379,'2024-08-16 06:56:25.065681','2024-08-16 06:56:25.065700',48),(4,0,380,'2024-08-16 06:56:25.067672','2024-08-16 06:56:25.067690',48),(5,0,381,'2024-08-16 06:56:25.070180','2024-08-16 06:56:25.070199',48),(6,0,382,'2024-08-16 06:56:25.072899','2024-08-16 06:56:25.072918',48),(7,0,383,'2024-08-16 06:56:25.074925','2024-08-16 06:56:25.074954',48),(8,0,384,'2024-08-16 06:56:25.076968','2024-08-16 06:56:25.076987',48);
/*!40000 ALTER TABLE `user_ps_edu` ENABLE KEYS */;
UNLOCK TABLES;

--
-- Table structure for table `user_ps_mv`
--

DROP TABLE IF EXISTS `user_ps_mv`;
/*!40101 SET @saved_cs_client     = @@character_set_client */;
/*!50503 SET character_set_client = utf8mb4 */;
CREATE TABLE `user_ps_mv` (
  `ps_mv_id` int NOT NULL,
  `user_ps_mv_done` bit(1) NOT NULL,
  `user_ps_mv_id` int NOT NULL AUTO_INCREMENT,
  `c_at` datetime(6) DEFAULT NULL,
  `u_at` datetime(6) DEFAULT NULL,
  `user_id` bigint NOT NULL,
  PRIMARY KEY (`user_ps_mv_id`),
  KEY `FK63xlja1l2k4iuuv34rd14tqrd` (`user_id`),
  KEY `FKs4vrvjif32fusya1vhvbv6j0b` (`ps_mv_id`),
  CONSTRAINT `FK63xlja1l2k4iuuv34rd14tqrd` FOREIGN KEY (`user_id`) REFERENCES `member` (`user_id`) ON DELETE CASCADE,
  CONSTRAINT `FKs4vrvjif32fusya1vhvbv6j0b` FOREIGN KEY (`ps_mv_id`) REFERENCES `ps_mv` (`ps_mv_id`) ON DELETE CASCADE
) ENGINE=InnoDB AUTO_INCREMENT=2689 DEFAULT CHARSET=utf8mb4 COLLATE=utf8mb4_0900_ai_ci;
/*!40101 SET character_set_client = @saved_cs_client */;

--
-- Dumping data for table `user_ps_mv`
--

LOCK TABLES `user_ps_mv` WRITE;
/*!40000 ALTER TABLE `user_ps_mv` DISABLE KEYS */;
INSERT INTO `user_ps_mv` VALUES (1,_binary '\0',1,'2024-08-05 14:51:07.409771','2024-08-05 14:51:07.409804',1),(2,_binary '\0',2,'2024-08-05 14:51:07.411852','2024-08-05 14:51:07.411883',1),(3,_binary '\0',3,'2024-08-05 14:51:07.413715','2024-08-05 14:51:07.413738',1),(4,_binary '\0',4,'2024-08-05 14:51:07.415619','2024-08-05 14:51:07.415643',1),(5,_binary '\0',5,'2024-08-05 14:51:07.417549','2024-08-05 14:51:07.417574',1),(6,_binary '\0',6,'2024-08-05 14:51:07.419280','2024-08-05 14:51:07.419318',1),(7,_binary '\0',7,'2024-08-05 14:51:07.421030','2024-08-05 14:51:07.421053',1),(8,_binary '\0',8,'2024-08-05 14:51:07.422877','2024-08-05 14:51:07.422900',1),(9,_binary '\0',9,'2024-08-05 14:51:07.424709','2024-08-05 14:51:07.424732',1),(10,_binary '\0',10,'2024-08-05 14:51:07.426607','2024-08-05 14:51:07.426630',1),(11,_binary '\0',11,'2024-08-05 14:51:07.428378','2024-08-05 14:51:07.428446',1),(12,_binary '\0',12,'2024-08-05 14:51:07.430303','2024-08-05 14:51:07.430325',1),(13,_binary '\0',13,'2024-08-05 14:51:07.432194','2024-08-05 14:51:07.432217',1),(14,_binary '\0',14,'2024-08-05 14:51:07.434155','2024-08-05 14:51:07.434177',1),(16,_binary '\0',15,'2024-08-05 14:51:07.436122','2024-08-05 14:51:07.436166',1),(17,_binary '\0',16,'2024-08-05 14:51:07.438111','2024-08-05 14:51:07.438134',1),(19,_binary '\0',17,'2024-08-05 14:51:07.440045','2024-08-05 14:51:07.440068',1),(20,_binary '\0',18,'2024-08-05 14:51:07.442010','2024-08-05 14:51:07.442033',1),(21,_binary '\0',19,'2024-08-05 14:51:07.443968','2024-08-05 14:51:07.443994',1),(22,_binary '\0',20,'2024-08-05 14:51:07.446105','2024-08-05 14:51:07.446130',1),(23,_binary '\0',21,'2024-08-05 14:51:07.448100','2024-08-05 14:51:07.448124',1),(24,_binary '\0',22,'2024-08-05 14:51:07.450087','2024-08-05 14:51:07.450111',1),(25,_binary '\0',23,'2024-08-05 14:51:07.451998','2024-08-05 14:51:07.452023',1),(26,_binary '\0',24,'2024-08-05 14:51:07.454649','2024-08-05 14:51:07.454671',1),(27,_binary '\0',25,'2024-08-05 14:51:07.456624','2024-08-05 14:51:07.456671',1),(28,_binary '\0',26,'2024-08-05 14:51:07.458381','2024-08-05 14:51:07.458399',1),(29,_binary '\0',27,'2024-08-05 14:51:07.460134','2024-08-05 14:51:07.460153',1),(30,_binary '\0',28,'2024-08-05 14:51:07.461908','2024-08-05 14:51:07.461926',1),(31,_binary '\0',29,'2024-08-05 14:51:07.463705','2024-08-05 14:51:07.463724',1),(32,_binary '\0',30,'2024-08-05 14:51:07.465584','2024-08-05 14:51:07.465602',1),(33,_binary '\0',31,'2024-08-05 14:51:07.467408','2024-08-05 14:51:07.467427',1),(34,_binary '\0',32,'2024-08-05 14:51:07.469309','2024-08-05 14:51:07.469327',1),(35,_binary '\0',33,'2024-08-05 14:51:07.471181','2024-08-05 14:51:07.471200',1),(36,_binary '\0',34,'2024-08-05 14:51:07.473022','2024-08-05 14:51:07.473042',1),(37,_binary '\0',35,'2024-08-05 14:51:07.474946','2024-08-05 14:51:07.474965',1),(38,_binary '\0',36,'2024-08-05 14:51:07.476844','2024-08-05 14:51:07.476863',1),(39,_binary '\0',37,'2024-08-05 14:51:07.478709','2024-08-05 14:51:07.478728',1),(40,_binary '\0',38,'2024-08-05 14:51:07.480616','2024-08-05 14:51:07.480634',1),(41,_binary '\0',39,'2024-08-05 14:51:07.482403','2024-08-05 14:51:07.482422',1),(42,_binary '\0',40,'2024-08-05 14:51:07.484198','2024-08-05 14:51:07.484217',1),(43,_binary '\0',41,'2024-08-05 14:51:07.486090','2024-08-05 14:51:07.486118',1),(44,_binary '\0',42,'2024-08-05 14:51:07.488498','2024-08-05 14:51:07.488518',1),(45,_binary '\0',43,'2024-08-05 14:51:07.490394','2024-08-05 14:51:07.490413',1),(46,_binary '\0',44,'2024-08-05 14:51:07.492238','2024-08-05 14:51:07.492256',1),(47,_binary '\0',45,'2024-08-05 14:51:07.494029','2024-08-05 14:51:07.494053',1),(48,_binary '\0',46,'2024-08-05 14:51:07.495847','2024-08-05 14:51:07.495868',1),(49,_binary '\0',47,'2024-08-05 14:51:07.497856','2024-08-05 14:51:07.497872',1),(50,_binary '\0',48,'2024-08-05 14:51:07.503544','2024-08-05 14:51:07.503565',1),(51,_binary '\0',49,'2024-08-05 14:51:07.505299','2024-08-05 14:51:07.505318',1),(52,_binary '\0',50,'2024-08-05 14:51:07.507063','2024-08-05 14:51:07.507082',1),(53,_binary '\0',51,'2024-08-05 14:51:07.509028','2024-08-05 14:51:07.509046',1),(54,_binary '\0',52,'2024-08-05 14:51:07.510939','2024-08-05 14:51:07.510957',1),(55,_binary '\0',53,'2024-08-05 14:51:07.512712','2024-08-05 14:51:07.512731',1),(56,_binary '\0',54,'2024-08-05 14:51:07.514421','2024-08-05 14:51:07.514441',1),(57,_binary '\0',55,'2024-08-05 14:51:07.516218','2024-08-05 14:51:07.516238',1),(58,_binary '\0',56,'2024-08-05 14:51:07.517971','2024-08-05 14:51:07.517990',1),(1,_binary '',57,'2024-08-05 14:51:54.557919','2024-08-15 17:38:46.142821',2),(2,_binary '\0',58,'2024-08-05 14:51:54.559976','2024-08-05 14:51:54.559992',2),(3,_binary '\0',59,'2024-08-05 14:51:54.561616','2024-08-05 14:51:54.561632',2),(4,_binary '\0',60,'2024-08-05 14:51:54.563162','2024-08-05 14:51:54.563178',2),(5,_binary '\0',61,'2024-08-05 14:51:54.564924','2024-08-05 14:51:54.564941',2),(6,_binary '\0',62,'2024-08-05 14:51:54.566601','2024-08-05 14:51:54.566625',2),(7,_binary '\0',63,'2024-08-05 14:51:54.568219','2024-08-05 14:51:54.568235',2),(8,_binary '\0',64,'2024-08-05 14:51:54.569826','2024-08-05 14:51:54.569842',2),(9,_binary '\0',65,'2024-08-05 14:51:54.571467','2024-08-05 14:51:54.571484',2),(10,_binary '\0',66,'2024-08-05 14:51:54.573237','2024-08-05 14:51:54.573254',2),(11,_binary '\0',67,'2024-08-05 14:51:54.574880','2024-08-05 14:51:54.574897',2),(12,_binary '\0',68,'2024-08-05 14:51:54.576591','2024-08-05 14:51:54.576607',2),(13,_binary '',69,'2024-08-05 14:51:54.578223','2024-08-15 17:39:23.621977',2),(14,_binary '\0',70,'2024-08-05 14:51:54.579903','2024-08-05 14:51:54.579918',2),(16,_binary '\0',71,'2024-08-05 14:51:54.581570','2024-08-05 14:51:54.581586',2),(17,_binary '\0',72,'2024-08-05 14:51:54.583130','2024-08-05 14:51:54.583147',2),(19,_binary '\0',73,'2024-08-05 14:51:54.584936','2024-08-05 14:51:54.584973',2),(20,_binary '\0',74,'2024-08-05 14:51:54.586567','2024-08-05 14:51:54.586582',2),(21,_binary '\0',75,'2024-08-05 14:51:54.588229','2024-08-05 14:51:54.588245',2),(22,_binary '\0',76,'2024-08-05 14:51:54.589794','2024-08-05 14:51:54.589811',2),(23,_binary '\0',77,'2024-08-05 14:51:54.591398','2024-08-05 14:51:54.591414',2),(24,_binary '\0',78,'2024-08-05 14:51:54.592937','2024-08-05 14:51:54.592952',2),(25,_binary '\0',79,'2024-08-05 14:51:54.594443','2024-08-05 14:51:54.594459',2),(26,_binary '\0',80,'2024-08-05 14:51:54.596175','2024-08-05 14:51:54.596190',2),(27,_binary '\0',81,'2024-08-05 14:51:54.597935','2024-08-05 14:51:54.597950',2),(28,_binary '\0',82,'2024-08-05 14:51:54.599488','2024-08-05 14:51:54.599504',2),(29,_binary '\0',83,'2024-08-05 14:51:54.601316','2024-08-05 14:51:54.601332',2),(30,_binary '\0',84,'2024-08-05 14:51:54.602853','2024-08-05 14:51:54.602869',2),(31,_binary '\0',85,'2024-08-05 14:51:54.604482','2024-08-05 14:51:54.604497',2),(32,_binary '\0',86,'2024-08-05 14:51:54.606060','2024-08-05 14:51:54.606075',2),(33,_binary '\0',87,'2024-08-05 14:51:54.607664','2024-08-05 14:51:54.607702',2),(34,_binary '\0',88,'2024-08-05 14:51:54.609403','2024-08-05 14:51:54.609419',2),(35,_binary '\0',89,'2024-08-05 14:51:54.610988','2024-08-05 14:51:54.611003',2),(36,_binary '\0',90,'2024-08-05 14:51:54.612508','2024-08-05 14:51:54.612523',2),(37,_binary '\0',91,'2024-08-05 14:51:54.613944','2024-08-05 14:51:54.613959',2),(38,_binary '\0',92,'2024-08-05 14:51:54.616198','2024-08-05 14:51:54.616214',2),(39,_binary '\0',93,'2024-08-05 14:51:54.618537','2024-08-05 14:51:54.618551',2),(40,_binary '\0',94,'2024-08-05 14:51:54.620041','2024-08-05 14:51:54.620056',2),(41,_binary '\0',95,'2024-08-05 14:51:54.621524','2024-08-05 14:51:54.621539',2),(42,_binary '\0',96,'2024-08-05 14:51:54.622995','2024-08-05 14:51:54.623010',2),(43,_binary '\0',97,'2024-08-05 14:51:54.624452','2024-08-05 14:51:54.624467',2),(44,_binary '\0',98,'2024-08-05 14:51:54.625927','2024-08-05 14:51:54.625941',2),(45,_binary '\0',99,'2024-08-05 14:51:54.627345','2024-08-05 14:51:54.627359',2),(46,_binary '\0',100,'2024-08-05 14:51:54.628879','2024-08-05 14:51:54.628894',2),(47,_binary '\0',101,'2024-08-05 14:51:54.630336','2024-08-05 14:51:54.630351',2),(48,_binary '\0',102,'2024-08-05 14:51:54.631801','2024-08-05 14:51:54.631815',2),(49,_binary '\0',103,'2024-08-05 14:51:54.633298','2024-08-05 14:51:54.633313',2),(50,_binary '\0',104,'2024-08-05 14:51:54.634757','2024-08-05 14:51:54.634772',2),(51,_binary '\0',105,'2024-08-05 14:51:54.636195','2024-08-05 14:51:54.636210',2),(52,_binary '\0',106,'2024-08-05 14:51:54.637633','2024-08-05 14:51:54.637647',2),(53,_binary '\0',107,'2024-08-05 14:51:54.639080','2024-08-05 14:51:54.639095',2),(54,_binary '\0',108,'2024-08-05 14:51:54.640591','2024-08-05 14:51:54.640605',2),(55,_binary '\0',109,'2024-08-05 14:51:54.642159','2024-08-05 14:51:54.642174',2),(56,_binary '\0',110,'2024-08-05 14:51:54.643794','2024-08-05 14:51:54.643808',2),(57,_binary '\0',111,'2024-08-05 14:51:54.645281','2024-08-05 14:51:54.645295',2),(58,_binary '\0',112,'2024-08-05 14:51:54.646765','2024-08-05 14:51:54.646779',2),(1,_binary '',113,'2024-08-05 14:54:50.782961','2024-08-05 15:27:47.135631',3),(2,_binary '\0',114,'2024-08-05 14:54:50.798849','2024-08-05 14:54:50.798849',3),(3,_binary '\0',115,'2024-08-05 14:54:50.817040','2024-08-05 14:54:50.817040',3),(4,_binary '\0',116,'2024-08-05 14:54:50.831172','2024-08-05 14:54:50.831172',3),(5,_binary '\0',117,'2024-08-05 14:54:50.848706','2024-08-05 14:54:50.848706',3),(6,_binary '\0',118,'2024-08-05 14:54:50.862715','2024-08-05 14:54:50.862715',3),(7,_binary '\0',119,'2024-08-05 14:54:50.881572','2024-08-05 14:54:50.881572',3),(8,_binary '\0',120,'2024-08-05 14:54:50.897731','2024-08-05 14:54:50.897731',3),(9,_binary '\0',121,'2024-08-05 14:54:50.913789','2024-08-05 14:54:50.913789',3),(10,_binary '\0',122,'2024-08-05 14:54:50.927339','2024-08-05 14:54:50.927339',3),(11,_binary '\0',123,'2024-08-05 14:54:50.941232','2024-08-05 14:54:50.941232',3),(12,_binary '\0',124,'2024-08-05 14:54:50.957208','2024-08-05 14:54:50.957208',3),(13,_binary '\0',125,'2024-08-05 14:54:50.974805','2024-08-05 14:54:50.974805',3),(14,_binary '\0',126,'2024-08-05 14:54:50.989872','2024-08-05 14:54:50.989872',3),(16,_binary '\0',127,'2024-08-05 14:54:51.002000','2024-08-05 14:54:51.002000',3),(17,_binary '\0',128,'2024-08-05 14:54:51.017284','2024-08-05 14:54:51.017284',3),(19,_binary '\0',129,'2024-08-05 14:54:51.032927','2024-08-05 14:54:51.032927',3),(20,_binary '\0',130,'2024-08-05 14:54:51.047574','2024-08-05 14:54:51.047574',3),(21,_binary '\0',131,'2024-08-05 14:54:51.062906','2024-08-05 14:54:51.062906',3),(22,_binary '\0',132,'2024-08-05 14:54:51.078132','2024-08-05 14:54:51.078132',3),(23,_binary '\0',133,'2024-08-05 14:54:51.091715','2024-08-05 14:54:51.091715',3),(24,_binary '\0',134,'2024-08-05 14:54:51.106825','2024-08-05 14:54:51.106825',3),(25,_binary '\0',135,'2024-08-05 14:54:51.121997','2024-08-05 14:54:51.121997',3),(26,_binary '\0',136,'2024-08-05 14:54:51.137969','2024-08-05 14:54:51.137969',3),(27,_binary '\0',137,'2024-08-05 14:54:51.154019','2024-08-05 14:54:51.154019',3),(28,_binary '\0',138,'2024-08-05 14:54:51.170054','2024-08-05 14:54:51.170054',3),(29,_binary '\0',139,'2024-08-05 14:54:51.184076','2024-08-05 14:54:51.184076',3),(30,_binary '\0',140,'2024-08-05 14:54:51.199289','2024-08-05 14:54:51.199289',3),(31,_binary '\0',141,'2024-08-05 14:54:51.214917','2024-08-05 14:54:51.214917',3),(32,_binary '\0',142,'2024-08-05 14:54:51.230883','2024-08-05 14:54:51.230883',3),(33,_binary '\0',143,'2024-08-05 14:54:51.246774','2024-08-05 14:54:51.246774',3),(34,_binary '\0',144,'2024-08-05 14:54:51.261076','2024-08-05 14:54:51.261076',3),(35,_binary '\0',145,'2024-08-05 14:54:51.275444','2024-08-05 14:54:51.275444',3),(36,_binary '\0',146,'2024-08-05 14:54:51.293867','2024-08-05 14:54:51.293867',3),(37,_binary '\0',147,'2024-08-05 14:54:51.312351','2024-08-05 14:54:51.312351',3),(38,_binary '\0',148,'2024-08-05 14:54:51.325983','2024-08-05 14:54:51.325983',3),(39,_binary '\0',149,'2024-08-05 14:54:51.342998','2024-08-05 14:54:51.342998',3),(40,_binary '\0',150,'2024-08-05 14:54:51.361984','2024-08-05 14:54:51.361984',3),(41,_binary '\0',151,'2024-08-05 14:54:51.376974','2024-08-05 14:54:51.376974',3),(42,_binary '\0',152,'2024-08-05 14:54:51.392259','2024-08-05 14:54:51.392259',3),(43,_binary '\0',153,'2024-08-05 14:54:51.407215','2024-08-05 14:54:51.407215',3),(44,_binary '\0',154,'2024-08-05 14:54:51.423680','2024-08-05 14:54:51.423680',3),(45,_binary '\0',155,'2024-08-05 14:54:51.437017','2024-08-05 14:54:51.437017',3),(46,_binary '\0',156,'2024-08-05 14:54:51.450042','2024-08-05 14:54:51.450042',3),(47,_binary '\0',157,'2024-08-05 14:54:51.467114','2024-08-05 14:54:51.467114',3),(48,_binary '\0',158,'2024-08-05 14:54:51.483067','2024-08-05 14:54:51.483067',3),(49,_binary '\0',159,'2024-08-05 14:54:51.498251','2024-08-05 14:54:51.498251',3),(50,_binary '\0',160,'2024-08-05 14:54:51.515239','2024-08-05 14:54:51.515239',3),(51,_binary '\0',161,'2024-08-05 14:54:51.531350','2024-08-05 14:54:51.531350',3),(52,_binary '\0',162,'2024-08-05 14:54:51.546275','2024-08-05 14:54:51.546275',3),(53,_binary '\0',163,'2024-08-05 14:54:51.561294','2024-08-05 14:54:51.561294',3),(54,_binary '\0',164,'2024-08-05 14:54:51.574344','2024-08-05 14:54:51.574344',3),(55,_binary '\0',165,'2024-08-05 14:54:51.589179','2024-08-05 14:54:51.589179',3),(56,_binary '\0',166,'2024-08-05 14:54:51.602941','2024-08-05 14:54:51.602941',3),(57,_binary '\0',167,'2024-08-05 14:54:51.618996','2024-08-05 14:54:51.618996',3),(58,_binary '\0',168,'2024-08-05 14:54:51.632441','2024-08-05 14:54:51.632441',3),(1,_binary '',169,'2024-08-05 15:09:47.801794','2024-08-06 12:03:18.982914',4),(2,_binary '',170,'2024-08-05 15:09:47.804919','2024-08-06 12:08:01.500947',4),(3,_binary '',171,'2024-08-05 15:09:47.807135','2024-08-06 12:12:44.111720',4),(4,_binary '',172,'2024-08-05 15:09:47.809470','2024-08-07 21:23:41.562442',4),(5,_binary '',173,'2024-08-05 15:09:47.811837','2024-08-12 01:47:07.280838',4),(6,_binary '',174,'2024-08-05 15:09:47.814099','2024-08-12 01:53:15.310316',4),(7,_binary '',175,'2024-08-05 15:09:47.816104','2024-08-14 14:24:50.845833',4),(8,_binary '',176,'2024-08-05 15:09:47.819182','2024-08-14 19:52:36.768082',4),(9,_binary '',177,'2024-08-05 15:09:47.821489','2024-08-14 15:37:06.827548',4),(10,_binary '',178,'2024-08-05 15:09:47.825137','2024-08-14 09:23:28.970981',4),(11,_binary '',179,'2024-08-05 15:09:47.827251','2024-08-14 09:03:29.028297',4),(12,_binary '\0',180,'2024-08-05 15:09:47.829372','2024-08-05 15:09:47.829397',4),(13,_binary '',181,'2024-08-05 15:09:47.831481','2024-08-15 17:55:01.102862',4),(14,_binary '',182,'2024-08-05 15:09:47.833644','2024-08-14 09:04:22.946388',4),(16,_binary '\0',183,'2024-08-05 15:09:47.835837','2024-08-05 15:09:47.835861',4),(17,_binary '\0',184,'2024-08-05 15:09:47.838061','2024-08-05 15:09:47.838085',4),(19,_binary '',185,'2024-08-05 15:09:47.840041','2024-08-14 21:37:07.109752',4),(20,_binary '\0',186,'2024-08-05 15:09:47.841986','2024-08-05 15:09:47.842011',4),(21,_binary '',187,'2024-08-05 15:09:47.843854','2024-08-06 12:43:31.369692',4),(22,_binary '',188,'2024-08-05 15:09:47.845845','2024-08-06 14:45:33.600978',4),(23,_binary '',189,'2024-08-05 15:09:47.848385','2024-08-06 13:31:32.028831',4),(24,_binary '\0',190,'2024-08-05 15:09:47.850467','2024-08-05 15:09:47.850490',4),(25,_binary '\0',191,'2024-08-05 15:09:47.852460','2024-08-05 15:09:47.852487',4),(26,_binary '\0',192,'2024-08-05 15:09:47.854370','2024-08-05 15:09:47.854394',4),(27,_binary '\0',193,'2024-08-05 15:09:47.856483','2024-08-05 15:09:47.856507',4),(28,_binary '\0',194,'2024-08-05 15:09:47.858438','2024-08-05 15:09:47.858461',4),(29,_binary '\0',195,'2024-08-05 15:09:47.860478','2024-08-05 15:09:47.860501',4),(30,_binary '\0',196,'2024-08-05 15:09:47.862520','2024-08-05 15:09:47.862542',4),(31,_binary '\0',197,'2024-08-05 15:09:47.864401','2024-08-05 15:09:47.864466',4),(32,_binary '\0',198,'2024-08-05 15:09:47.866617','2024-08-05 15:09:47.866641',4),(33,_binary '\0',199,'2024-08-05 15:09:47.868591','2024-08-05 15:09:47.868614',4),(34,_binary '\0',200,'2024-08-05 15:09:47.870480','2024-08-05 15:09:47.870504',4),(35,_binary '\0',201,'2024-08-05 15:09:47.872558','2024-08-05 15:09:47.872581',4),(36,_binary '\0',202,'2024-08-05 15:09:47.874734','2024-08-05 15:09:47.874757',4),(37,_binary '',203,'2024-08-05 15:09:47.877099','2024-08-06 13:44:09.582961',4),(38,_binary '\0',204,'2024-08-05 15:09:47.879252','2024-08-05 15:09:47.879275',4),(39,_binary '',205,'2024-08-05 15:09:47.881377','2024-08-06 12:12:02.903347',4),(40,_binary '',206,'2024-08-05 15:09:47.883415','2024-08-06 12:23:30.748470',4),(41,_binary '\0',207,'2024-08-05 15:09:47.885599','2024-08-05 15:09:47.885622',4),(42,_binary '\0',208,'2024-08-05 15:09:47.887692','2024-08-05 15:09:47.887715',4),(43,_binary '\0',209,'2024-08-05 15:09:47.889810','2024-08-05 15:09:47.889834',4),(44,_binary '\0',210,'2024-08-05 15:09:47.892131','2024-08-05 15:09:47.892156',4),(45,_binary '\0',211,'2024-08-05 15:09:47.894335','2024-08-05 15:09:47.894359',4),(46,_binary '\0',212,'2024-08-05 15:09:47.896611','2024-08-05 15:09:47.896636',4),(47,_binary '\0',213,'2024-08-05 15:09:47.898816','2024-08-05 15:09:47.898840',4),(48,_binary '\0',214,'2024-08-05 15:09:47.901110','2024-08-05 15:09:47.901139',4),(49,_binary '\0',215,'2024-08-05 15:09:47.903493','2024-08-05 15:09:47.903518',4),(50,_binary '\0',216,'2024-08-05 15:09:47.905560','2024-08-05 15:09:47.905585',4),(51,_binary '\0',217,'2024-08-05 15:09:47.908046','2024-08-05 15:09:47.908071',4),(52,_binary '\0',218,'2024-08-05 15:09:47.910491','2024-08-05 15:09:47.910579',4),(53,_binary '\0',219,'2024-08-05 15:09:47.912684','2024-08-05 15:09:47.912716',4),(54,_binary '\0',220,'2024-08-05 15:09:47.914858','2024-08-05 15:09:47.914883',4),(55,_binary '\0',221,'2024-08-05 15:09:47.917058','2024-08-05 15:09:47.917084',4),(56,_binary '\0',222,'2024-08-05 15:09:47.919183','2024-08-05 15:09:47.919208',4),(57,_binary '\0',223,'2024-08-05 15:09:47.921266','2024-08-05 15:09:47.921294',4),(58,_binary '\0',224,'2024-08-05 15:09:47.923356','2024-08-05 15:09:47.923381',4),(1,_binary '\0',225,'2024-08-05 15:52:24.105016','2024-08-05 15:52:24.105055',5),(2,_binary '\0',226,'2024-08-05 15:52:24.107529','2024-08-05 15:52:24.107556',5),(3,_binary '\0',227,'2024-08-05 15:52:24.109647','2024-08-05 15:52:24.109681',5),(4,_binary '\0',228,'2024-08-05 15:52:24.111755','2024-08-05 15:52:24.111780',5),(5,_binary '\0',229,'2024-08-05 15:52:24.113718','2024-08-05 15:52:24.113743',5),(6,_binary '\0',230,'2024-08-05 15:52:24.115718','2024-08-05 15:52:24.115765',5),(7,_binary '\0',231,'2024-08-05 15:52:24.117729','2024-08-05 15:52:24.117760',5),(8,_binary '\0',232,'2024-08-05 15:52:24.119717','2024-08-05 15:52:24.119740',5),(9,_binary '\0',233,'2024-08-05 15:52:24.121925','2024-08-05 15:52:24.121950',5),(10,_binary '\0',234,'2024-08-05 15:52:24.123734','2024-08-05 15:52:24.123757',5),(11,_binary '\0',235,'2024-08-05 15:52:24.125606','2024-08-05 15:52:24.125629',5),(12,_binary '\0',236,'2024-08-05 15:52:24.127498','2024-08-05 15:52:24.127543',5),(13,_binary '\0',237,'2024-08-05 15:52:24.129423','2024-08-05 15:52:24.129446',5),(14,_binary '\0',238,'2024-08-05 15:52:24.131655','2024-08-05 15:52:24.131678',5),(16,_binary '\0',239,'2024-08-05 15:52:24.133679','2024-08-05 15:52:24.133702',5),(17,_binary '\0',240,'2024-08-05 15:52:24.135605','2024-08-05 15:52:24.135631',5),(19,_binary '\0',241,'2024-08-05 15:52:24.137358','2024-08-05 15:52:24.137379',5),(20,_binary '\0',242,'2024-08-05 15:52:24.139097','2024-08-05 15:52:24.139119',5),(21,_binary '\0',243,'2024-08-05 15:52:24.141105','2024-08-05 15:52:24.141129',5),(22,_binary '\0',244,'2024-08-05 15:52:24.143014','2024-08-05 15:52:24.143036',5),(23,_binary '\0',245,'2024-08-05 15:52:24.144928','2024-08-05 15:52:24.144959',5),(24,_binary '\0',246,'2024-08-05 15:52:24.146864','2024-08-05 15:52:24.146888',5),(25,_binary '\0',247,'2024-08-05 15:52:24.148867','2024-08-05 15:52:24.148890',5),(26,_binary '\0',248,'2024-08-05 15:52:24.150805','2024-08-05 15:52:24.150854',5),(27,_binary '\0',249,'2024-08-05 15:52:24.152997','2024-08-05 15:52:24.153021',5),(28,_binary '\0',250,'2024-08-05 15:52:24.155117','2024-08-05 15:52:24.155139',5),(29,_binary '\0',251,'2024-08-05 15:52:24.157113','2024-08-05 15:52:24.157135',5),(30,_binary '\0',252,'2024-08-05 15:52:24.159074','2024-08-05 15:52:24.159096',5),(31,_binary '\0',253,'2024-08-05 15:52:24.161006','2024-08-05 15:52:24.161027',5),(32,_binary '\0',254,'2024-08-05 15:52:24.162815','2024-08-05 15:52:24.162836',5),(33,_binary '\0',255,'2024-08-05 15:52:24.164694','2024-08-05 15:52:24.164714',5),(34,_binary '\0',256,'2024-08-05 15:52:24.166683','2024-08-05 15:52:24.166704',5),(35,_binary '\0',257,'2024-08-05 15:52:24.168608','2024-08-05 15:52:24.168629',5),(36,_binary '\0',258,'2024-08-05 15:52:24.170467','2024-08-05 15:52:24.170488',5),(37,_binary '\0',259,'2024-08-05 15:52:24.172316','2024-08-05 15:52:24.172336',5),(38,_binary '\0',260,'2024-08-05 15:52:24.174158','2024-08-05 15:52:24.174180',5),(39,_binary '\0',261,'2024-08-05 15:52:24.176041','2024-08-05 15:52:24.176062',5),(40,_binary '\0',262,'2024-08-05 15:52:24.177922','2024-08-05 15:52:24.177950',5),(41,_binary '\0',263,'2024-08-05 15:52:24.179818','2024-08-05 15:52:24.179839',5),(42,_binary '\0',264,'2024-08-05 15:52:24.181808','2024-08-05 15:52:24.181829',5),(43,_binary '\0',265,'2024-08-05 15:52:24.183769','2024-08-05 15:52:24.183794',5),(44,_binary '\0',266,'2024-08-05 15:52:24.185725','2024-08-05 15:52:24.185746',5),(45,_binary '\0',267,'2024-08-05 15:52:24.187562','2024-08-05 15:52:24.187583',5),(46,_binary '\0',268,'2024-08-05 15:52:24.189541','2024-08-05 15:52:24.189561',5),(47,_binary '\0',269,'2024-08-05 15:52:24.191359','2024-08-05 15:52:24.191381',5),(48,_binary '\0',270,'2024-08-05 15:52:24.193334','2024-08-05 15:52:24.193356',5),(49,_binary '\0',271,'2024-08-05 15:52:24.195779','2024-08-05 15:52:24.195800',5),(50,_binary '\0',272,'2024-08-05 15:52:24.197702','2024-08-05 15:52:24.197723',5),(51,_binary '\0',273,'2024-08-05 15:52:24.199570','2024-08-05 15:52:24.199598',5),(52,_binary '\0',274,'2024-08-05 15:52:24.201375','2024-08-05 15:52:24.201395',5),(53,_binary '\0',275,'2024-08-05 15:52:24.203187','2024-08-05 15:52:24.203208',5),(54,_binary '\0',276,'2024-08-05 15:52:24.205000','2024-08-05 15:52:24.205033',5),(55,_binary '\0',277,'2024-08-05 15:52:24.206844','2024-08-05 15:52:24.206865',5),(56,_binary '\0',278,'2024-08-05 15:52:24.209000','2024-08-05 15:52:24.209023',5),(57,_binary '\0',279,'2024-08-05 15:52:24.210957','2024-08-05 15:52:24.210980',5),(58,_binary '\0',280,'2024-08-05 15:52:24.212865','2024-08-05 15:52:24.212885',5),(1,_binary '\0',281,'2024-08-05 15:53:28.177086','2024-08-05 15:53:28.177101',6),(2,_binary '\0',282,'2024-08-05 15:53:28.178640','2024-08-05 15:53:28.178654',6),(3,_binary '\0',283,'2024-08-05 15:53:28.180091','2024-08-05 15:53:28.180106',6),(4,_binary '\0',284,'2024-08-05 15:53:28.181600','2024-08-05 15:53:28.181615',6),(5,_binary '\0',285,'2024-08-05 15:53:28.183239','2024-08-05 15:53:28.183254',6),(6,_binary '\0',286,'2024-08-05 15:53:28.184807','2024-08-05 15:53:28.184826',6),(7,_binary '\0',287,'2024-08-05 15:53:28.186348','2024-08-05 15:53:28.186363',6),(8,_binary '\0',288,'2024-08-05 15:53:28.187882','2024-08-05 15:53:28.187897',6),(9,_binary '\0',289,'2024-08-05 15:53:28.189596','2024-08-05 15:53:28.189628',6),(10,_binary '\0',290,'2024-08-05 15:53:28.192069','2024-08-05 15:53:28.192085',6),(11,_binary '\0',291,'2024-08-05 15:53:28.193790','2024-08-05 15:53:28.193805',6),(12,_binary '\0',292,'2024-08-05 15:53:28.198354','2024-08-05 15:53:28.198368',6),(13,_binary '\0',293,'2024-08-05 15:53:28.199886','2024-08-05 15:53:28.199902',6),(14,_binary '\0',294,'2024-08-05 15:53:28.201418','2024-08-05 15:53:28.201434',6),(16,_binary '\0',295,'2024-08-05 15:53:28.203103','2024-08-05 15:53:28.203120',6),(17,_binary '\0',296,'2024-08-05 15:53:28.204805','2024-08-05 15:53:28.204826',6),(19,_binary '\0',297,'2024-08-05 15:53:28.206345','2024-08-05 15:53:28.206360',6),(20,_binary '\0',298,'2024-08-05 15:53:28.207873','2024-08-05 15:53:28.207887',6),(21,_binary '\0',299,'2024-08-05 15:53:28.209474','2024-08-05 15:53:28.209488',6),(22,_binary '\0',300,'2024-08-05 15:53:28.210899','2024-08-05 15:53:28.210914',6),(23,_binary '\0',301,'2024-08-05 15:53:28.212372','2024-08-05 15:53:28.212387',6),(24,_binary '\0',302,'2024-08-05 15:53:28.213900','2024-08-05 15:53:28.213914',6),(25,_binary '\0',303,'2024-08-05 15:53:28.215802','2024-08-05 15:53:28.215820',6),(26,_binary '\0',304,'2024-08-05 15:53:28.217397','2024-08-05 15:53:28.217411',6),(27,_binary '\0',305,'2024-08-05 15:53:28.218907','2024-08-05 15:53:28.218922',6),(28,_binary '\0',306,'2024-08-05 15:53:28.220356','2024-08-05 15:53:28.220370',6),(29,_binary '\0',307,'2024-08-05 15:53:28.221939','2024-08-05 15:53:28.221953',6),(30,_binary '\0',308,'2024-08-05 15:53:28.223542','2024-08-05 15:53:28.223558',6),(31,_binary '\0',309,'2024-08-05 15:53:28.225273','2024-08-05 15:53:28.225288',6),(32,_binary '\0',310,'2024-08-05 15:53:28.226831','2024-08-05 15:53:28.226878',6),(33,_binary '\0',311,'2024-08-05 15:53:28.228467','2024-08-05 15:53:28.228485',6),(34,_binary '\0',312,'2024-08-05 15:53:28.230001','2024-08-05 15:53:28.230043',6),(35,_binary '\0',313,'2024-08-05 15:53:28.231553','2024-08-05 15:53:28.231566',6),(36,_binary '\0',314,'2024-08-05 15:53:28.233180','2024-08-05 15:53:28.233194',6),(37,_binary '\0',315,'2024-08-05 15:53:28.235337','2024-08-05 15:53:28.235351',6),(38,_binary '\0',316,'2024-08-05 15:53:28.237399','2024-08-05 15:53:28.237415',6),(39,_binary '\0',317,'2024-08-05 15:53:28.239326','2024-08-05 15:53:28.239339',6),(40,_binary '\0',318,'2024-08-05 15:53:28.240825','2024-08-05 15:53:28.240838',6),(41,_binary '\0',319,'2024-08-05 15:53:28.242361','2024-08-05 15:53:28.242374',6),(42,_binary '\0',320,'2024-08-05 15:53:28.243842','2024-08-05 15:53:28.243856',6),(43,_binary '\0',321,'2024-08-05 15:53:28.245330','2024-08-05 15:53:28.245344',6),(44,_binary '\0',322,'2024-08-05 15:53:28.246894','2024-08-05 15:53:28.246908',6),(45,_binary '\0',323,'2024-08-05 15:53:28.248397','2024-08-05 15:53:28.248436',6),(46,_binary '\0',324,'2024-08-05 15:53:28.249970','2024-08-05 15:53:28.249983',6),(47,_binary '\0',325,'2024-08-05 15:53:28.251424','2024-08-05 15:53:28.251437',6),(48,_binary '\0',326,'2024-08-05 15:53:28.252946','2024-08-05 15:53:28.252960',6),(49,_binary '\0',327,'2024-08-05 15:53:28.254431','2024-08-05 15:53:28.254444',6),(50,_binary '\0',328,'2024-08-05 15:53:28.255894','2024-08-05 15:53:28.255908',6),(51,_binary '\0',329,'2024-08-05 15:53:28.261015','2024-08-05 15:53:28.261028',6),(52,_binary '\0',330,'2024-08-05 15:53:28.262548','2024-08-05 15:53:28.262561',6),(53,_binary '\0',331,'2024-08-05 15:53:28.263897','2024-08-05 15:53:28.263910',6),(54,_binary '\0',332,'2024-08-05 15:53:28.265313','2024-08-05 15:53:28.265326',6),(55,_binary '\0',333,'2024-08-05 15:53:28.266755','2024-08-05 15:53:28.266768',6),(56,_binary '\0',334,'2024-08-05 15:53:28.268184','2024-08-05 15:53:28.268254',6),(57,_binary '\0',335,'2024-08-05 15:53:28.269802','2024-08-05 15:53:28.269825',6),(58,_binary '\0',336,'2024-08-05 15:53:28.271286','2024-08-05 15:53:28.271299',6),(1,_binary '\0',337,'2024-08-05 15:58:22.773216','2024-08-05 15:58:22.773230',7),(2,_binary '\0',338,'2024-08-05 15:58:22.774593','2024-08-05 15:58:22.774607',7),(3,_binary '\0',339,'2024-08-05 15:58:22.775902','2024-08-05 15:58:22.775915',7),(4,_binary '\0',340,'2024-08-05 15:58:22.777246','2024-08-05 15:58:22.777267',7),(5,_binary '\0',341,'2024-08-05 15:58:22.778747','2024-08-05 15:58:22.778763',7),(6,_binary '\0',342,'2024-08-05 15:58:22.780043','2024-08-05 15:58:22.780063',7),(7,_binary '\0',343,'2024-08-05 15:58:22.781362','2024-08-05 15:58:22.781375',7),(8,_binary '\0',344,'2024-08-05 15:58:22.782698','2024-08-05 15:58:22.782716',7),(9,_binary '\0',345,'2024-08-05 15:58:22.784052','2024-08-05 15:58:22.784066',7),(10,_binary '\0',346,'2024-08-05 15:58:22.785499','2024-08-05 15:58:22.785513',7),(11,_binary '\0',347,'2024-08-05 15:58:22.786879','2024-08-05 15:58:22.786892',7),(12,_binary '\0',348,'2024-08-05 15:58:22.788180','2024-08-05 15:58:22.788193',7),(13,_binary '\0',349,'2024-08-05 15:58:22.789534','2024-08-05 15:58:22.789547',7),(14,_binary '\0',350,'2024-08-05 15:58:22.790946','2024-08-05 15:58:22.790959',7),(16,_binary '\0',351,'2024-08-05 15:58:22.792306','2024-08-05 15:58:22.792320',7),(17,_binary '\0',352,'2024-08-05 15:58:22.793668','2024-08-05 15:58:22.793681',7),(19,_binary '\0',353,'2024-08-05 15:58:22.794970','2024-08-05 15:58:22.794983',7),(20,_binary '\0',354,'2024-08-05 15:58:22.796258','2024-08-05 15:58:22.796272',7),(21,_binary '\0',355,'2024-08-05 15:58:22.797602','2024-08-05 15:58:22.797615',7),(22,_binary '\0',356,'2024-08-05 15:58:22.798924','2024-08-05 15:58:22.798937',7),(23,_binary '\0',357,'2024-08-05 15:58:22.800330','2024-08-05 15:58:22.800373',7),(24,_binary '\0',358,'2024-08-05 15:58:22.801817','2024-08-05 15:58:22.801830',7),(25,_binary '\0',359,'2024-08-05 15:58:22.803248','2024-08-05 15:58:22.803261',7),(26,_binary '\0',360,'2024-08-05 15:58:22.804681','2024-08-05 15:58:22.804695',7),(27,_binary '\0',361,'2024-08-05 15:58:22.805986','2024-08-05 15:58:22.806000',7),(28,_binary '\0',362,'2024-08-05 15:58:22.807447','2024-08-05 15:58:22.807463',7),(29,_binary '\0',363,'2024-08-05 15:58:22.808832','2024-08-05 15:58:22.808846',7),(30,_binary '\0',364,'2024-08-05 15:58:22.810143','2024-08-05 15:58:22.810155',7),(31,_binary '\0',365,'2024-08-05 15:58:22.811481','2024-08-05 15:58:22.811494',7),(32,_binary '\0',366,'2024-08-05 15:58:22.812964','2024-08-05 15:58:22.812979',7),(33,_binary '\0',367,'2024-08-05 15:58:22.814575','2024-08-05 15:58:22.814589',7),(34,_binary '\0',368,'2024-08-05 15:58:22.815964','2024-08-05 15:58:22.815977',7),(35,_binary '\0',369,'2024-08-05 15:58:22.818290','2024-08-05 15:58:22.818355',7),(36,_binary '\0',370,'2024-08-05 15:58:22.819790','2024-08-05 15:58:22.819803',7),(37,_binary '\0',371,'2024-08-05 15:58:22.821165','2024-08-05 15:58:22.821178',7),(38,_binary '\0',372,'2024-08-05 15:58:22.822695','2024-08-05 15:58:22.822712',7),(39,_binary '\0',373,'2024-08-05 15:58:22.824129','2024-08-05 15:58:22.824142',7),(40,_binary '\0',374,'2024-08-05 15:58:22.825634','2024-08-05 15:58:22.825647',7),(41,_binary '\0',375,'2024-08-05 15:58:22.827031','2024-08-05 15:58:22.827043',7),(42,_binary '\0',376,'2024-08-05 15:58:22.828396','2024-08-05 15:58:22.828442',7),(43,_binary '\0',377,'2024-08-05 15:58:22.829770','2024-08-05 15:58:22.829783',7),(44,_binary '\0',378,'2024-08-05 15:58:22.831135','2024-08-05 15:58:22.831148',7),(45,_binary '\0',379,'2024-08-05 15:58:22.832529','2024-08-05 15:58:22.832541',7),(46,_binary '\0',380,'2024-08-05 15:58:22.833842','2024-08-05 15:58:22.833855',7),(47,_binary '\0',381,'2024-08-05 15:58:22.835302','2024-08-05 15:58:22.835314',7),(48,_binary '\0',382,'2024-08-05 15:58:22.836710','2024-08-05 15:58:22.836722',7),(49,_binary '\0',383,'2024-08-05 15:58:22.838148','2024-08-05 15:58:22.838161',7),(50,_binary '\0',384,'2024-08-05 15:58:22.839518','2024-08-05 15:58:22.839531',7),(51,_binary '\0',385,'2024-08-05 15:58:22.840841','2024-08-05 15:58:22.840854',7),(52,_binary '\0',386,'2024-08-05 15:58:22.842190','2024-08-05 15:58:22.842203',7),(53,_binary '\0',387,'2024-08-05 15:58:22.843548','2024-08-05 15:58:22.843562',7),(54,_binary '\0',388,'2024-08-05 15:58:22.844824','2024-08-05 15:58:22.844837',7),(55,_binary '\0',389,'2024-08-05 15:58:22.846155','2024-08-05 15:58:22.846169',7),(56,_binary '\0',390,'2024-08-05 15:58:22.847514','2024-08-05 15:58:22.847527',7),(57,_binary '\0',391,'2024-08-05 15:58:22.848820','2024-08-05 15:58:22.848833',7),(58,_binary '\0',392,'2024-08-05 15:58:22.850198','2024-08-05 15:58:22.850211',7),(1,_binary '\0',393,'2024-08-05 16:13:46.140262','2024-08-05 16:13:46.140301',8),(2,_binary '\0',394,'2024-08-05 16:13:46.143093','2024-08-05 16:13:46.143117',8),(3,_binary '\0',395,'2024-08-05 16:13:46.145082','2024-08-05 16:13:46.145108',8),(4,_binary '\0',396,'2024-08-05 16:13:46.147003','2024-08-05 16:13:46.147028',8),(5,_binary '\0',397,'2024-08-05 16:13:46.149049','2024-08-05 16:13:46.149073',8),(6,_binary '\0',398,'2024-08-05 16:13:46.151054','2024-08-05 16:13:46.151084',8),(7,_binary '\0',399,'2024-08-05 16:13:46.153266','2024-08-05 16:13:46.153291',8),(8,_binary '\0',400,'2024-08-05 16:13:46.155511','2024-08-05 16:13:46.155535',8),(9,_binary '\0',401,'2024-08-05 16:13:46.157685','2024-08-05 16:13:46.157708',8),(10,_binary '\0',402,'2024-08-05 16:13:46.159934','2024-08-05 16:13:46.159957',8),(11,_binary '\0',403,'2024-08-05 16:13:46.162269','2024-08-05 16:13:46.162294',8),(12,_binary '\0',404,'2024-08-05 16:13:46.164487','2024-08-05 16:13:46.164510',8),(13,_binary '\0',405,'2024-08-05 16:13:46.166682','2024-08-05 16:13:46.166706',8),(14,_binary '\0',406,'2024-08-05 16:13:46.169762','2024-08-05 16:13:46.169790',8),(16,_binary '\0',407,'2024-08-05 16:13:46.172020','2024-08-05 16:13:46.172043',8),(17,_binary '\0',408,'2024-08-05 16:13:46.174203','2024-08-05 16:13:46.174233',8),(19,_binary '\0',409,'2024-08-05 16:13:46.176587','2024-08-05 16:13:46.176617',8),(20,_binary '\0',410,'2024-08-05 16:13:46.178863','2024-08-05 16:13:46.178889',8),(21,_binary '\0',411,'2024-08-05 16:13:46.180891','2024-08-05 16:13:46.180914',8),(22,_binary '\0',412,'2024-08-05 16:13:46.182915','2024-08-05 16:13:46.182938',8),(23,_binary '\0',413,'2024-08-05 16:13:46.184930','2024-08-05 16:13:46.184953',8),(24,_binary '\0',414,'2024-08-05 16:13:46.186756','2024-08-05 16:13:46.186781',8),(25,_binary '\0',415,'2024-08-05 16:13:46.188743','2024-08-05 16:13:46.188767',8),(26,_binary '\0',416,'2024-08-05 16:13:46.190897','2024-08-05 16:13:46.190922',8),(27,_binary '\0',417,'2024-08-05 16:13:46.193130','2024-08-05 16:13:46.193153',8),(28,_binary '\0',418,'2024-08-05 16:13:46.195165','2024-08-05 16:13:46.195187',8),(29,_binary '\0',419,'2024-08-05 16:13:46.197305','2024-08-05 16:13:46.197331',8),(30,_binary '\0',420,'2024-08-05 16:13:46.199221','2024-08-05 16:13:46.199245',8),(31,_binary '\0',421,'2024-08-05 16:13:46.201388','2024-08-05 16:13:46.201411',8),(32,_binary '\0',422,'2024-08-05 16:13:46.203346','2024-08-05 16:13:46.203370',8),(33,_binary '\0',423,'2024-08-05 16:13:46.205438','2024-08-05 16:13:46.205462',8),(34,_binary '\0',424,'2024-08-05 16:13:46.207470','2024-08-05 16:13:46.207493',8),(35,_binary '\0',425,'2024-08-05 16:13:46.209496','2024-08-05 16:13:46.209519',8),(36,_binary '\0',426,'2024-08-05 16:13:46.211511','2024-08-05 16:13:46.211536',8),(37,_binary '\0',427,'2024-08-05 16:13:46.213587','2024-08-05 16:13:46.213610',8),(38,_binary '\0',428,'2024-08-05 16:13:46.215748','2024-08-05 16:13:46.215771',8),(39,_binary '\0',429,'2024-08-05 16:13:46.217697','2024-08-05 16:13:46.217720',8),(40,_binary '\0',430,'2024-08-05 16:13:46.219590','2024-08-05 16:13:46.219614',8),(41,_binary '\0',431,'2024-08-05 16:13:46.221789','2024-08-05 16:13:46.221812',8),(42,_binary '\0',432,'2024-08-05 16:13:46.228215','2024-08-05 16:13:46.228242',8),(43,_binary '\0',433,'2024-08-05 16:13:46.230259','2024-08-05 16:13:46.230283',8),(44,_binary '\0',434,'2024-08-05 16:13:46.232062','2024-08-05 16:13:46.232084',8),(45,_binary '\0',435,'2024-08-05 16:13:46.233974','2024-08-05 16:13:46.234008',8),(46,_binary '\0',436,'2024-08-05 16:13:46.235772','2024-08-05 16:13:46.235795',8),(47,_binary '\0',437,'2024-08-05 16:13:46.240638','2024-08-05 16:13:46.240685',8),(48,_binary '\0',438,'2024-08-05 16:13:46.243543','2024-08-05 16:13:46.243569',8),(49,_binary '\0',439,'2024-08-05 16:13:46.246189','2024-08-05 16:13:46.246212',8),(50,_binary '\0',440,'2024-08-05 16:13:46.248171','2024-08-05 16:13:46.248193',8),(51,_binary '\0',441,'2024-08-05 16:13:46.249981','2024-08-05 16:13:46.250004',8),(52,_binary '\0',442,'2024-08-05 16:13:46.251824','2024-08-05 16:13:46.251847',8),(53,_binary '\0',443,'2024-08-05 16:13:46.253704','2024-08-05 16:13:46.253726',8),(54,_binary '\0',444,'2024-08-05 16:13:46.256603','2024-08-05 16:13:46.256625',8),(55,_binary '\0',445,'2024-08-05 16:13:46.258667','2024-08-05 16:13:46.258690',8),(56,_binary '\0',446,'2024-08-05 16:13:46.260537','2024-08-05 16:13:46.260560',8),(57,_binary '\0',447,'2024-08-05 16:13:46.262772','2024-08-05 16:13:46.262793',8),(58,_binary '\0',448,'2024-08-05 16:13:46.265057','2024-08-05 16:13:46.265079',8),(1,_binary '\0',449,'2024-08-05 16:27:08.755053','2024-08-05 16:27:08.755053',9),(2,_binary '\0',450,'2024-08-05 16:27:08.767262','2024-08-05 16:27:08.767262',9),(3,_binary '\0',451,'2024-08-05 16:27:08.780093','2024-08-05 16:27:08.780093',9),(4,_binary '\0',452,'2024-08-05 16:27:08.794182','2024-08-05 16:27:08.794182',9),(5,_binary '\0',453,'2024-08-05 16:27:08.806956','2024-08-05 16:27:08.806956',9),(6,_binary '\0',454,'2024-08-05 16:27:08.820675','2024-08-05 16:27:08.820675',9),(7,_binary '\0',455,'2024-08-05 16:27:08.832931','2024-08-05 16:27:08.834062',9),(8,_binary '\0',456,'2024-08-05 16:27:08.847937','2024-08-05 16:27:08.847937',9),(9,_binary '\0',457,'2024-08-05 16:27:08.862442','2024-08-05 16:27:08.862442',9),(10,_binary '\0',458,'2024-08-05 16:27:08.874442','2024-08-05 16:27:08.874442',9),(11,_binary '\0',459,'2024-08-05 16:27:08.886880','2024-08-05 16:27:08.886880',9),(12,_binary '\0',460,'2024-08-05 16:27:08.903583','2024-08-05 16:27:08.903583',9),(13,_binary '\0',461,'2024-08-05 16:27:08.916870','2024-08-05 16:27:08.916870',9),(14,_binary '\0',462,'2024-08-05 16:27:08.930673','2024-08-05 16:27:08.930673',9),(16,_binary '\0',463,'2024-08-05 16:27:08.945671','2024-08-05 16:27:08.945671',9),(17,_binary '\0',464,'2024-08-05 16:27:08.958490','2024-08-05 16:27:08.958490',9),(19,_binary '\0',465,'2024-08-05 16:27:08.974847','2024-08-05 16:27:08.974847',9),(20,_binary '\0',466,'2024-08-05 16:27:08.989248','2024-08-05 16:27:08.989248',9),(21,_binary '\0',467,'2024-08-05 16:27:09.005486','2024-08-05 16:27:09.005486',9),(22,_binary '\0',468,'2024-08-05 16:27:09.018980','2024-08-05 16:27:09.018980',9),(23,_binary '\0',469,'2024-08-05 16:27:09.032748','2024-08-05 16:27:09.032748',9),(24,_binary '\0',470,'2024-08-05 16:27:09.048291','2024-08-05 16:27:09.048291',9),(25,_binary '\0',471,'2024-08-05 16:27:09.062296','2024-08-05 16:27:09.062296',9),(26,_binary '\0',472,'2024-08-05 16:27:09.075052','2024-08-05 16:27:09.075052',9),(27,_binary '\0',473,'2024-08-05 16:27:09.090315','2024-08-05 16:27:09.090315',9),(28,_binary '\0',474,'2024-08-05 16:27:09.104400','2024-08-05 16:27:09.104400',9),(29,_binary '\0',475,'2024-08-05 16:27:09.120547','2024-08-05 16:27:09.120547',9),(30,_binary '\0',476,'2024-08-05 16:27:09.135301','2024-08-05 16:27:09.135301',9),(31,_binary '\0',477,'2024-08-05 16:27:09.151378','2024-08-05 16:27:09.151378',9),(32,_binary '\0',478,'2024-08-05 16:27:09.164601','2024-08-05 16:27:09.164601',9),(33,_binary '\0',479,'2024-08-05 16:27:09.180759','2024-08-05 16:27:09.180759',9),(34,_binary '\0',480,'2024-08-05 16:27:09.195146','2024-08-05 16:27:09.195146',9),(35,_binary '\0',481,'2024-08-05 16:27:09.208954','2024-08-05 16:27:09.208954',9),(36,_binary '\0',482,'2024-08-05 16:27:09.224373','2024-08-05 16:27:09.224373',9),(37,_binary '\0',483,'2024-08-05 16:27:09.239241','2024-08-05 16:27:09.239241',9),(38,_binary '\0',484,'2024-08-05 16:27:09.252720','2024-08-05 16:27:09.252720',9),(39,_binary '\0',485,'2024-08-05 16:27:09.268363','2024-08-05 16:27:09.268363',9),(40,_binary '\0',486,'2024-08-05 16:27:09.283121','2024-08-05 16:27:09.283121',9),(41,_binary '\0',487,'2024-08-05 16:27:09.299572','2024-08-05 16:27:09.299572',9),(42,_binary '\0',488,'2024-08-05 16:27:09.314325','2024-08-05 16:27:09.314325',9),(43,_binary '\0',489,'2024-08-05 16:27:09.329092','2024-08-05 16:27:09.329092',9),(44,_binary '\0',490,'2024-08-05 16:27:09.344152','2024-08-05 16:27:09.344152',9),(45,_binary '\0',491,'2024-08-05 16:27:09.358518','2024-08-05 16:27:09.358518',9),(46,_binary '\0',492,'2024-08-05 16:27:09.374422','2024-08-05 16:27:09.374422',9),(47,_binary '\0',493,'2024-08-05 16:27:09.389261','2024-08-05 16:27:09.389261',9),(48,_binary '\0',494,'2024-08-05 16:27:09.404459','2024-08-05 16:27:09.404459',9),(49,_binary '\0',495,'2024-08-05 16:27:09.418460','2024-08-05 16:27:09.418460',9),(50,_binary '\0',496,'2024-08-05 16:27:09.433586','2024-08-05 16:27:09.433586',9),(51,_binary '\0',497,'2024-08-05 16:27:09.448334','2024-08-05 16:27:09.448334',9),(52,_binary '\0',498,'2024-08-05 16:27:09.463743','2024-08-05 16:27:09.463743',9),(53,_binary '\0',499,'2024-08-05 16:27:09.477309','2024-08-05 16:27:09.477309',9),(54,_binary '\0',500,'2024-08-05 16:27:09.490961','2024-08-05 16:27:09.490961',9),(55,_binary '\0',501,'2024-08-05 16:27:09.505257','2024-08-05 16:27:09.505257',9),(56,_binary '\0',502,'2024-08-05 16:27:09.518271','2024-08-05 16:27:09.518271',9),(57,_binary '\0',503,'2024-08-05 16:27:09.533182','2024-08-05 16:27:09.533182',9),(58,_binary '\0',504,'2024-08-05 16:27:09.547155','2024-08-05 16:27:09.547155',9),(1,_binary '\0',505,'2024-08-05 16:32:07.054792','2024-08-05 16:32:07.054792',10),(2,_binary '\0',506,'2024-08-05 16:32:07.068822','2024-08-05 16:32:07.068822',10),(3,_binary '\0',507,'2024-08-05 16:32:07.082315','2024-08-05 16:32:07.082315',10),(4,_binary '\0',508,'2024-08-05 16:32:07.098314','2024-08-05 16:32:07.098314',10),(5,_binary '\0',509,'2024-08-05 16:32:07.120696','2024-08-05 16:32:07.120696',10),(6,_binary '\0',510,'2024-08-05 16:32:07.138000','2024-08-05 16:32:07.139015',10),(7,_binary '\0',511,'2024-08-05 16:32:07.152339','2024-08-05 16:32:07.152339',10),(8,_binary '\0',512,'2024-08-05 16:32:07.165410','2024-08-05 16:32:07.165410',10),(9,_binary '\0',513,'2024-08-05 16:32:07.183380','2024-08-05 16:32:07.183380',10),(10,_binary '\0',514,'2024-08-05 16:32:07.196379','2024-08-05 16:32:07.196379',10),(11,_binary '\0',515,'2024-08-05 16:32:07.212119','2024-08-05 16:32:07.212119',10),(12,_binary '\0',516,'2024-08-05 16:32:07.226117','2024-08-05 16:32:07.226117',10),(13,_binary '\0',517,'2024-08-05 16:32:07.239938','2024-08-05 16:32:07.239938',10),(14,_binary '\0',518,'2024-08-05 16:32:07.253635','2024-08-05 16:32:07.253635',10),(16,_binary '\0',519,'2024-08-05 16:32:07.268560','2024-08-05 16:32:07.268560',10),(17,_binary '\0',520,'2024-08-05 16:32:07.282332','2024-08-05 16:32:07.282332',10),(19,_binary '\0',521,'2024-08-05 16:32:07.298332','2024-08-05 16:32:07.298332',10),(20,_binary '\0',522,'2024-08-05 16:32:07.311285','2024-08-05 16:32:07.311285',10),(21,_binary '\0',523,'2024-08-05 16:32:07.326233','2024-08-05 16:32:07.326233',10),(22,_binary '\0',524,'2024-08-05 16:32:07.343346','2024-08-05 16:32:07.343346',10),(23,_binary '\0',525,'2024-08-05 16:32:07.356345','2024-08-05 16:32:07.356345',10),(24,_binary '\0',526,'2024-08-05 16:32:07.370255','2024-08-05 16:32:07.370255',10),(25,_binary '\0',527,'2024-08-05 16:32:07.386272','2024-08-05 16:32:07.386272',10),(26,_binary '\0',528,'2024-08-05 16:32:07.400252','2024-08-05 16:32:07.400252',10),(27,_binary '\0',529,'2024-08-05 16:32:07.414770','2024-08-05 16:32:07.414770',10),(28,_binary '\0',530,'2024-08-05 16:32:07.427697','2024-08-05 16:32:07.427697',10),(29,_binary '\0',531,'2024-08-05 16:32:07.464384','2024-08-05 16:32:07.464384',10),(30,_binary '\0',532,'2024-08-05 16:32:07.483472','2024-08-05 16:32:07.483472',10),(31,_binary '\0',533,'2024-08-05 16:32:07.506395','2024-08-05 16:32:07.506395',10),(32,_binary '\0',534,'2024-08-05 16:32:07.522423','2024-08-05 16:32:07.522423',10),(33,_binary '\0',535,'2024-08-05 16:32:07.536474','2024-08-05 16:32:07.536474',10),(34,_binary '\0',536,'2024-08-05 16:32:07.551481','2024-08-05 16:32:07.551481',10),(35,_binary '\0',537,'2024-08-05 16:32:07.570422','2024-08-05 16:32:07.570422',10),(36,_binary '\0',538,'2024-08-05 16:32:07.587245','2024-08-05 16:32:07.587245',10),(37,_binary '\0',539,'2024-08-05 16:32:07.603228','2024-08-05 16:32:07.603228',10),(38,_binary '\0',540,'2024-08-05 16:32:07.618228','2024-08-05 16:32:07.618228',10),(39,_binary '\0',541,'2024-08-05 16:32:07.636461','2024-08-05 16:32:07.636461',10),(40,_binary '\0',542,'2024-08-05 16:32:07.650896','2024-08-05 16:32:07.650896',10),(41,_binary '\0',543,'2024-08-05 16:32:07.664598','2024-08-05 16:32:07.664598',10),(42,_binary '\0',544,'2024-08-05 16:32:07.680502','2024-08-05 16:32:07.680502',10),(43,_binary '\0',545,'2024-08-05 16:32:07.699581','2024-08-05 16:32:07.699581',10),(44,_binary '\0',546,'2024-08-05 16:32:07.715659','2024-08-05 16:32:07.715659',10),(45,_binary '\0',547,'2024-08-05 16:32:07.728857','2024-08-05 16:32:07.728857',10),(46,_binary '\0',548,'2024-08-05 16:32:07.741980','2024-08-05 16:32:07.741980',10),(47,_binary '\0',549,'2024-08-05 16:32:07.755440','2024-08-05 16:32:07.755440',10),(48,_binary '\0',550,'2024-08-05 16:32:07.769408','2024-08-05 16:32:07.769408',10),(49,_binary '\0',551,'2024-08-05 16:32:07.789346','2024-08-05 16:32:07.789346',10),(50,_binary '\0',552,'2024-08-05 16:32:07.808328','2024-08-05 16:32:07.808328',10),(51,_binary '\0',553,'2024-08-05 16:32:07.823510','2024-08-05 16:32:07.823510',10),(52,_binary '\0',554,'2024-08-05 16:32:07.837546','2024-08-05 16:32:07.837546',10),(53,_binary '\0',555,'2024-08-05 16:32:07.851700','2024-08-05 16:32:07.852699',10),(54,_binary '\0',556,'2024-08-05 16:32:07.866313','2024-08-05 16:32:07.866313',10),(55,_binary '\0',557,'2024-08-05 16:32:07.880336','2024-08-05 16:32:07.880336',10),(56,_binary '\0',558,'2024-08-05 16:32:07.893344','2024-08-05 16:32:07.893344',10),(57,_binary '\0',559,'2024-08-05 16:32:07.911871','2024-08-05 16:32:07.911871',10),(58,_binary '\0',560,'2024-08-05 16:32:07.929021','2024-08-05 16:32:07.929021',10),(1,_binary '\0',561,'2024-08-05 16:40:58.000572','2024-08-05 16:40:58.000572',11),(2,_binary '\0',562,'2024-08-05 16:40:58.011881','2024-08-05 16:40:58.011881',11),(3,_binary '\0',563,'2024-08-05 16:40:58.031860','2024-08-05 16:40:58.031860',11),(4,_binary '\0',564,'2024-08-05 16:40:58.053434','2024-08-05 16:40:58.053434',11),(5,_binary '\0',565,'2024-08-05 16:40:58.063430','2024-08-05 16:40:58.063430',11),(6,_binary '\0',566,'2024-08-05 16:40:58.081840','2024-08-05 16:40:58.081840',11),(7,_binary '\0',567,'2024-08-05 16:40:58.098091','2024-08-05 16:40:58.098091',11),(8,_binary '\0',568,'2024-08-05 16:40:58.108919','2024-08-05 16:40:58.108919',11),(9,_binary '\0',569,'2024-08-05 16:40:58.121469','2024-08-05 16:40:58.121469',11),(10,_binary '\0',570,'2024-08-05 16:40:58.130896','2024-08-05 16:40:58.130896',11),(11,_binary '\0',571,'2024-08-05 16:40:58.150281','2024-08-05 16:40:58.150281',11),(12,_binary '\0',572,'2024-08-05 16:40:58.159479','2024-08-05 16:40:58.159479',11),(13,_binary '\0',573,'2024-08-05 16:40:58.170403','2024-08-05 16:40:58.170403',11),(14,_binary '\0',574,'2024-08-05 16:40:58.181685','2024-08-05 16:40:58.181685',11),(16,_binary '\0',575,'2024-08-05 16:40:58.200520','2024-08-05 16:40:58.200520',11),(17,_binary '\0',576,'2024-08-05 16:40:58.208905','2024-08-05 16:40:58.208905',11),(19,_binary '\0',577,'2024-08-05 16:40:58.221549','2024-08-05 16:40:58.221549',11),(20,_binary '\0',578,'2024-08-05 16:40:58.238362','2024-08-05 16:40:58.238362',11),(21,_binary '\0',579,'2024-08-05 16:40:58.251801','2024-08-05 16:40:58.251801',11),(22,_binary '\0',580,'2024-08-05 16:40:58.263146','2024-08-05 16:40:58.263146',11),(23,_binary '\0',581,'2024-08-05 16:40:58.279659','2024-08-05 16:40:58.279659',11),(24,_binary '\0',582,'2024-08-05 16:40:58.297050','2024-08-05 16:40:58.297050',11),(25,_binary '\0',583,'2024-08-05 16:40:58.301926','2024-08-05 16:40:58.301926',11),(26,_binary '\0',584,'2024-08-05 16:40:58.321314','2024-08-05 16:40:58.321314',11),(27,_binary '\0',585,'2024-08-05 16:40:58.330674','2024-08-05 16:40:58.330674',11),(28,_binary '\0',586,'2024-08-05 16:40:58.347302','2024-08-05 16:40:58.347302',11),(29,_binary '\0',587,'2024-08-05 16:40:58.359301','2024-08-05 16:40:58.359301',11),(30,_binary '\0',588,'2024-08-05 16:40:58.371662','2024-08-05 16:40:58.371662',11),(31,_binary '\0',589,'2024-08-05 16:40:58.389364','2024-08-05 16:40:58.389364',11),(32,_binary '\0',590,'2024-08-05 16:40:58.401318','2024-08-05 16:40:58.401318',11),(33,_binary '\0',591,'2024-08-05 16:40:58.409286','2024-08-05 16:40:58.409286',11),(34,_binary '\0',592,'2024-08-05 16:40:58.429597','2024-08-05 16:40:58.429597',11),(35,_binary '\0',593,'2024-08-05 16:40:58.439577','2024-08-05 16:40:58.439577',11),(36,_binary '\0',594,'2024-08-05 16:40:58.451670','2024-08-05 16:40:58.451670',11),(37,_binary '\0',595,'2024-08-05 16:40:58.470531','2024-08-05 16:40:58.470531',11),(38,_binary '\0',596,'2024-08-05 16:40:58.481545','2024-08-05 16:40:58.481545',11),(39,_binary '\0',597,'2024-08-05 16:40:58.498098','2024-08-05 16:40:58.498098',11),(40,_binary '\0',598,'2024-08-05 16:40:58.511487','2024-08-05 16:40:58.511487',11),(41,_binary '\0',599,'2024-08-05 16:40:58.520185','2024-08-05 16:40:58.520185',11),(42,_binary '\0',600,'2024-08-05 16:40:58.539945','2024-08-05 16:40:58.539945',11),(43,_binary '\0',601,'2024-08-05 16:40:58.550502','2024-08-05 16:40:58.550502',11),(44,_binary '\0',602,'2024-08-05 16:40:58.558681','2024-08-05 16:40:58.558681',11),(45,_binary '\0',603,'2024-08-05 16:40:58.579449','2024-08-05 16:40:58.579449',11),(46,_binary '\0',604,'2024-08-05 16:40:58.588748','2024-08-05 16:40:58.588748',11),(47,_binary '\0',605,'2024-08-05 16:40:58.602045','2024-08-05 16:40:58.602045',11),(48,_binary '\0',606,'2024-08-05 16:40:58.611414','2024-08-05 16:40:58.611414',11),(49,_binary '\0',607,'2024-08-05 16:40:58.629318','2024-08-05 16:40:58.629318',11),(50,_binary '\0',608,'2024-08-05 16:40:58.641800','2024-08-05 16:40:58.641800',11),(51,_binary '\0',609,'2024-08-05 16:40:58.650523','2024-08-05 16:40:58.650523',11),(52,_binary '\0',610,'2024-08-05 16:40:58.670437','2024-08-05 16:40:58.670437',11),(53,_binary '\0',611,'2024-08-05 16:40:58.680107','2024-08-05 16:40:58.680107',11),(54,_binary '\0',612,'2024-08-05 16:40:58.697495','2024-08-05 16:40:58.697495',11),(55,_binary '\0',613,'2024-08-05 16:40:58.709709','2024-08-05 16:40:58.709709',11),(56,_binary '\0',614,'2024-08-05 16:40:58.721593','2024-08-05 16:40:58.721593',11),(57,_binary '\0',615,'2024-08-05 16:40:58.739308','2024-08-05 16:40:58.739308',11),(58,_binary '\0',616,'2024-08-05 16:40:58.751474','2024-08-05 16:40:58.751474',11),(1,_binary '',617,'2024-08-05 17:39:28.713084','2024-08-14 20:05:25.556912',12),(2,_binary '',618,'2024-08-05 17:39:28.715773','2024-08-14 20:11:42.941729',12),(3,_binary '',619,'2024-08-05 17:39:28.717976','2024-08-14 20:12:29.636984',12),(4,_binary '\0',620,'2024-08-05 17:39:28.720014','2024-08-05 17:39:28.720040',12),(5,_binary '',621,'2024-08-05 17:39:28.722078','2024-08-06 12:24:06.515278',12),(6,_binary '\0',622,'2024-08-05 17:39:28.724162','2024-08-05 17:39:28.724194',12),(7,_binary '\0',623,'2024-08-05 17:39:28.726302','2024-08-05 17:39:28.726327',12),(8,_binary '\0',624,'2024-08-05 17:39:28.728518','2024-08-05 17:39:28.728545',12),(9,_binary '\0',625,'2024-08-05 17:39:28.730752','2024-08-05 17:39:28.730779',12),(10,_binary '\0',626,'2024-08-05 17:39:28.732875','2024-08-05 17:39:28.732898',12),(11,_binary '\0',627,'2024-08-05 17:39:28.734937','2024-08-05 17:39:28.734977',12),(12,_binary '\0',628,'2024-08-05 17:39:28.737076','2024-08-05 17:39:28.737102',12),(13,_binary '\0',629,'2024-08-05 17:39:28.739193','2024-08-05 17:39:28.739219',12),(14,_binary '\0',630,'2024-08-05 17:39:28.741256','2024-08-05 17:39:28.741284',12),(16,_binary '\0',631,'2024-08-05 17:39:28.743277','2024-08-05 17:39:28.743303',12),(17,_binary '\0',632,'2024-08-05 17:39:28.745277','2024-08-05 17:39:28.745303',12),(19,_binary '',633,'2024-08-05 17:39:28.747295','2024-08-06 13:32:36.074947',12),(20,_binary '\0',634,'2024-08-05 17:39:28.749317','2024-08-05 17:39:28.749342',12),(21,_binary '',635,'2024-08-05 17:39:28.751389','2024-08-06 12:13:12.167316',12),(22,_binary '\0',636,'2024-08-05 17:39:28.753478','2024-08-05 17:39:28.753503',12),(23,_binary '\0',637,'2024-08-05 17:39:28.755530','2024-08-05 17:39:28.755555',12),(24,_binary '\0',638,'2024-08-05 17:39:28.757659','2024-08-05 17:39:28.757685',12),(25,_binary '\0',639,'2024-08-05 17:39:28.759712','2024-08-05 17:39:28.759737',12),(26,_binary '\0',640,'2024-08-05 17:39:28.761774','2024-08-05 17:39:28.761801',12),(27,_binary '\0',641,'2024-08-05 17:39:28.763720','2024-08-05 17:39:28.763747',12),(28,_binary '\0',642,'2024-08-05 17:39:28.765747','2024-08-05 17:39:28.765772',12),(29,_binary '\0',643,'2024-08-05 17:39:28.767747','2024-08-05 17:39:28.767772',12),(30,_binary '\0',644,'2024-08-05 17:39:28.769747','2024-08-05 17:39:28.769775',12),(31,_binary '\0',645,'2024-08-05 17:39:28.771792','2024-08-05 17:39:28.771817',12),(32,_binary '\0',646,'2024-08-05 17:39:28.773797','2024-08-05 17:39:28.773823',12),(33,_binary '\0',647,'2024-08-05 17:39:28.775850','2024-08-05 17:39:28.775876',12),(34,_binary '\0',648,'2024-08-05 17:39:28.777809','2024-08-05 17:39:28.777836',12),(35,_binary '\0',649,'2024-08-05 17:39:28.779790','2024-08-05 17:39:28.779817',12),(36,_binary '\0',650,'2024-08-05 17:39:28.781754','2024-08-05 17:39:28.781781',12),(37,_binary '\0',651,'2024-08-05 17:39:28.783847','2024-08-05 17:39:28.783871',12),(38,_binary '\0',652,'2024-08-05 17:39:28.785849','2024-08-05 17:39:28.785874',12),(39,_binary '\0',653,'2024-08-05 17:39:28.787836','2024-08-05 17:39:28.787861',12),(40,_binary '\0',654,'2024-08-05 17:39:28.789892','2024-08-05 17:39:28.789918',12),(41,_binary '\0',655,'2024-08-05 17:39:28.791888','2024-08-05 17:39:28.791915',12),(42,_binary '\0',656,'2024-08-05 17:39:28.793911','2024-08-05 17:39:28.793937',12),(43,_binary '\0',657,'2024-08-05 17:39:28.795938','2024-08-05 17:39:28.795964',12),(44,_binary '\0',658,'2024-08-05 17:39:28.797887','2024-08-05 17:39:28.797912',12),(45,_binary '\0',659,'2024-08-05 17:39:28.799942','2024-08-05 17:39:28.799971',12),(46,_binary '\0',660,'2024-08-05 17:39:28.802055','2024-08-05 17:39:28.802079',12),(47,_binary '\0',661,'2024-08-05 17:39:28.804216','2024-08-05 17:39:28.804240',12),(48,_binary '\0',662,'2024-08-05 17:39:28.806375','2024-08-05 17:39:28.806399',12),(49,_binary '\0',663,'2024-08-05 17:39:28.808720','2024-08-05 17:39:28.808741',12),(50,_binary '\0',664,'2024-08-05 17:39:28.810751','2024-08-05 17:39:28.810777',12),(51,_binary '\0',665,'2024-08-05 17:39:28.812841','2024-08-05 17:39:28.812865',12),(52,_binary '\0',666,'2024-08-05 17:39:28.815007','2024-08-05 17:39:28.815030',12),(53,_binary '\0',667,'2024-08-05 17:39:28.817092','2024-08-05 17:39:28.817115',12),(54,_binary '\0',668,'2024-08-05 17:39:28.819202','2024-08-05 17:39:28.819223',12),(55,_binary '\0',669,'2024-08-05 17:39:28.821330','2024-08-05 17:39:28.821353',12),(56,_binary '\0',670,'2024-08-05 17:39:28.823456','2024-08-05 17:39:28.823480',12),(57,_binary '\0',671,'2024-08-05 17:39:28.825667','2024-08-05 17:39:28.825691',12),(58,_binary '\0',672,'2024-08-05 17:39:28.828127','2024-08-05 17:39:28.828153',12),(1,_binary '',673,'2024-08-05 23:15:24.574527','2024-08-14 19:57:34.676863',13),(2,_binary '\0',674,'2024-08-05 23:15:24.576825','2024-08-05 23:15:24.576839',13),(3,_binary '',675,'2024-08-05 23:15:24.578590','2024-08-15 09:47:47.496628',13),(4,_binary '\0',676,'2024-08-05 23:15:24.580529','2024-08-05 23:15:24.580544',13),(5,_binary '\0',677,'2024-08-05 23:15:24.584953','2024-08-05 23:15:24.584971',13),(6,_binary '\0',678,'2024-08-05 23:15:24.586854','2024-08-05 23:15:24.586870',13),(7,_binary '\0',679,'2024-08-05 23:15:24.588722','2024-08-05 23:15:24.588738',13),(8,_binary '\0',680,'2024-08-05 23:15:24.590640','2024-08-05 23:15:24.590655',13),(9,_binary '\0',681,'2024-08-05 23:15:24.592358','2024-08-05 23:15:24.592373',13),(10,_binary '\0',682,'2024-08-05 23:15:24.594145','2024-08-05 23:15:24.594159',13),(11,_binary '\0',683,'2024-08-05 23:15:24.595846','2024-08-05 23:15:24.595860',13),(12,_binary '\0',684,'2024-08-05 23:15:24.597654','2024-08-05 23:15:24.597669',13),(13,_binary '\0',685,'2024-08-05 23:15:24.599533','2024-08-05 23:15:24.599547',13),(14,_binary '\0',686,'2024-08-05 23:15:24.601289','2024-08-05 23:15:24.601303',13),(16,_binary '\0',687,'2024-08-05 23:15:24.603324','2024-08-05 23:15:24.603338',13),(17,_binary '\0',688,'2024-08-05 23:15:24.605203','2024-08-05 23:15:24.605218',13),(19,_binary '\0',689,'2024-08-05 23:15:24.607163','2024-08-05 23:15:24.607177',13),(20,_binary '\0',690,'2024-08-05 23:15:24.608855','2024-08-05 23:15:24.608871',13),(21,_binary '',691,'2024-08-05 23:15:24.610771','2024-08-06 12:12:25.791980',13),(22,_binary '\0',692,'2024-08-05 23:15:24.612633','2024-08-05 23:15:24.612648',13),(23,_binary '\0',693,'2024-08-05 23:15:24.614364','2024-08-05 23:15:24.614379',13),(24,_binary '\0',694,'2024-08-05 23:15:24.616122','2024-08-05 23:15:24.616137',13),(25,_binary '\0',695,'2024-08-05 23:15:24.617887','2024-08-05 23:15:24.617902',13),(26,_binary '',696,'2024-08-05 23:15:24.619588','2024-08-06 12:24:36.230827',13),(27,_binary '\0',697,'2024-08-05 23:15:24.621431','2024-08-05 23:15:24.621446',13),(28,_binary '\0',698,'2024-08-05 23:15:24.623191','2024-08-05 23:15:24.623206',13),(29,_binary '\0',699,'2024-08-05 23:15:24.627001','2024-08-05 23:15:24.627016',13),(30,_binary '\0',700,'2024-08-05 23:15:24.628610','2024-08-05 23:15:24.628625',13),(31,_binary '\0',701,'2024-08-05 23:15:24.630180','2024-08-05 23:15:24.630195',13),(32,_binary '\0',702,'2024-08-05 23:15:24.631770','2024-08-05 23:15:24.631785',13),(33,_binary '\0',703,'2024-08-05 23:15:24.633378','2024-08-05 23:15:24.633394',13),(34,_binary '\0',704,'2024-08-05 23:15:24.634934','2024-08-05 23:15:24.634948',13),(35,_binary '\0',705,'2024-08-05 23:15:24.636501','2024-08-05 23:15:24.636515',13),(36,_binary '\0',706,'2024-08-05 23:15:24.638170','2024-08-05 23:15:24.638184',13),(37,_binary '\0',707,'2024-08-05 23:15:24.639825','2024-08-05 23:15:24.639840',13),(38,_binary '\0',708,'2024-08-05 23:15:24.641446','2024-08-05 23:15:24.641460',13),(39,_binary '\0',709,'2024-08-05 23:15:24.643088','2024-08-05 23:15:24.643102',13),(40,_binary '\0',710,'2024-08-05 23:15:24.644747','2024-08-05 23:15:24.644761',13),(41,_binary '\0',711,'2024-08-05 23:15:24.646389','2024-08-05 23:15:24.646404',13),(42,_binary '\0',712,'2024-08-05 23:15:24.648195','2024-08-05 23:15:24.648213',13),(43,_binary '\0',713,'2024-08-05 23:15:24.649890','2024-08-05 23:15:24.649905',13),(44,_binary '\0',714,'2024-08-05 23:15:24.651535','2024-08-05 23:15:24.651550',13),(45,_binary '\0',715,'2024-08-05 23:15:24.653209','2024-08-05 23:15:24.653223',13),(46,_binary '\0',716,'2024-08-05 23:15:24.654966','2024-08-05 23:15:24.654980',13),(47,_binary '\0',717,'2024-08-05 23:15:24.656706','2024-08-05 23:15:24.656730',13),(48,_binary '\0',718,'2024-08-05 23:15:24.658601','2024-08-05 23:15:24.658615',13),(49,_binary '\0',719,'2024-08-05 23:15:24.660258','2024-08-05 23:15:24.660272',13),(50,_binary '\0',720,'2024-08-05 23:15:24.661907','2024-08-05 23:15:24.661921',13),(51,_binary '\0',721,'2024-08-05 23:15:24.663561','2024-08-05 23:15:24.663575',13),(52,_binary '\0',722,'2024-08-05 23:15:24.665234','2024-08-05 23:15:24.665250',13),(53,_binary '\0',723,'2024-08-05 23:15:24.666952','2024-08-05 23:15:24.666965',13),(54,_binary '\0',724,'2024-08-05 23:15:24.668576','2024-08-05 23:15:24.668590',13),(55,_binary '\0',725,'2024-08-05 23:15:24.670349','2024-08-05 23:15:24.670363',13),(56,_binary '\0',726,'2024-08-05 23:15:24.671965','2024-08-05 23:15:24.671978',13),(57,_binary '\0',727,'2024-08-05 23:15:24.676228','2024-08-05 23:15:24.676242',13),(58,_binary '\0',728,'2024-08-05 23:15:24.677997','2024-08-05 23:15:24.678011',13),(1,_binary '\0',953,'2024-08-06 00:32:46.525433','2024-08-06 00:32:46.525433',18),(2,_binary '\0',954,'2024-08-06 00:32:46.537439','2024-08-06 00:32:46.537439',18),(3,_binary '\0',955,'2024-08-06 00:32:46.550971','2024-08-06 00:32:46.550971',18),(4,_binary '\0',956,'2024-08-06 00:32:46.563949','2024-08-06 00:32:46.563949',18),(5,_binary '\0',957,'2024-08-06 00:32:46.578425','2024-08-06 00:32:46.578425',18),(6,_binary '\0',958,'2024-08-06 00:32:46.592642','2024-08-06 00:32:46.592642',18),(7,_binary '\0',959,'2024-08-06 00:32:46.607046','2024-08-06 00:32:46.607046',18),(8,_binary '\0',960,'2024-08-06 00:32:46.619045','2024-08-06 00:32:46.619045',18),(9,_binary '\0',961,'2024-08-06 00:32:46.633508','2024-08-06 00:32:46.633508',18),(10,_binary '\0',962,'2024-08-06 00:32:46.648568','2024-08-06 00:32:46.648568',18),(11,_binary '\0',963,'2024-08-06 00:32:46.663617','2024-08-06 00:32:46.663617',18),(12,_binary '\0',964,'2024-08-06 00:32:46.679341','2024-08-06 00:32:46.679341',18),(13,_binary '\0',965,'2024-08-06 00:32:46.695725','2024-08-06 00:32:46.695725',18),(14,_binary '\0',966,'2024-08-06 00:32:46.714697','2024-08-06 00:32:46.714697',18),(16,_binary '\0',967,'2024-08-06 00:32:46.733052','2024-08-06 00:32:46.733052',18),(17,_binary '\0',968,'2024-08-06 00:32:46.748996','2024-08-06 00:32:46.748996',18),(19,_binary '\0',969,'2024-08-06 00:32:46.766584','2024-08-06 00:32:46.766584',18),(20,_binary '\0',970,'2024-08-06 00:32:46.781579','2024-08-06 00:32:46.781579',18),(21,_binary '\0',971,'2024-08-06 00:32:46.796576','2024-08-06 00:32:46.796576',18),(22,_binary '\0',972,'2024-08-06 00:32:46.811106','2024-08-06 00:32:46.811106',18),(23,_binary '\0',973,'2024-08-06 00:32:46.823887','2024-08-06 00:32:46.823887',18),(24,_binary '\0',974,'2024-08-06 00:32:46.838023','2024-08-06 00:32:46.838023',18),(25,_binary '\0',975,'2024-08-06 00:32:46.851493','2024-08-06 00:32:46.851493',18),(26,_binary '\0',976,'2024-08-06 00:32:46.866340','2024-08-06 00:32:46.866340',18),(27,_binary '\0',977,'2024-08-06 00:32:46.882024','2024-08-06 00:32:46.882024',18),(28,_binary '\0',978,'2024-08-06 00:32:46.898674','2024-08-06 00:32:46.898674',18),(29,_binary '\0',979,'2024-08-06 00:32:46.913861','2024-08-06 00:32:46.913861',18),(30,_binary '\0',980,'2024-08-06 00:32:46.928300','2024-08-06 00:32:46.928300',18),(31,_binary '\0',981,'2024-08-06 00:32:46.944630','2024-08-06 00:32:46.944630',18),(32,_binary '\0',982,'2024-08-06 00:32:46.959576','2024-08-06 00:32:46.959576',18),(33,_binary '\0',983,'2024-08-06 00:32:46.973920','2024-08-06 00:32:46.973920',18),(34,_binary '\0',984,'2024-08-06 00:32:46.994991','2024-08-06 00:32:46.994991',18),(35,_binary '\0',985,'2024-08-06 00:32:47.013202','2024-08-06 00:32:47.013202',18),(36,_binary '\0',986,'2024-08-06 00:32:47.027186','2024-08-06 00:32:47.027186',18),(37,_binary '\0',987,'2024-08-06 00:32:47.039482','2024-08-06 00:32:47.039482',18),(38,_binary '\0',988,'2024-08-06 00:32:47.052955','2024-08-06 00:32:47.052955',18),(39,_binary '\0',989,'2024-08-06 00:32:47.065900','2024-08-06 00:32:47.065900',18),(40,_binary '\0',990,'2024-08-06 00:32:47.080374','2024-08-06 00:32:47.080374',18),(41,_binary '\0',991,'2024-08-06 00:32:47.093045','2024-08-06 00:32:47.093045',18),(42,_binary '\0',992,'2024-08-06 00:32:47.107420','2024-08-06 00:32:47.107420',18),(43,_binary '\0',993,'2024-08-06 00:32:47.119728','2024-08-06 00:32:47.119728',18),(44,_binary '\0',994,'2024-08-06 00:32:47.133416','2024-08-06 00:32:47.133416',18),(45,_binary '\0',995,'2024-08-06 00:32:47.146733','2024-08-06 00:32:47.146733',18),(46,_binary '\0',996,'2024-08-06 00:32:47.160832','2024-08-06 00:32:47.160832',18),(47,_binary '\0',997,'2024-08-06 00:32:47.174734','2024-08-06 00:32:47.174734',18),(48,_binary '\0',998,'2024-08-06 00:32:47.188733','2024-08-06 00:32:47.188733',18),(49,_binary '\0',999,'2024-08-06 00:32:47.202797','2024-08-06 00:32:47.202797',18),(50,_binary '\0',1000,'2024-08-06 00:32:47.221828','2024-08-06 00:32:47.221828',18),(51,_binary '\0',1001,'2024-08-06 00:32:47.240729','2024-08-06 00:32:47.240729',18),(52,_binary '\0',1002,'2024-08-06 00:32:47.253851','2024-08-06 00:32:47.253851',18),(53,_binary '\0',1003,'2024-08-06 00:32:47.267838','2024-08-06 00:32:47.267838',18),(54,_binary '\0',1004,'2024-08-06 00:32:47.280728','2024-08-06 00:32:47.280728',18),(55,_binary '\0',1005,'2024-08-06 00:32:47.293021','2024-08-06 00:32:47.293021',18),(56,_binary '\0',1006,'2024-08-06 00:32:47.306696','2024-08-06 00:32:47.306696',18),(57,_binary '\0',1007,'2024-08-06 00:32:47.320004','2024-08-06 00:32:47.320004',18),(58,_binary '\0',1008,'2024-08-06 00:32:47.333217','2024-08-06 00:32:47.333217',18),(1,_binary '',1009,'2024-08-06 01:16:06.565776','2024-08-06 12:26:54.818807',19),(2,_binary '',1010,'2024-08-06 01:16:06.568242','2024-08-15 16:48:40.006851',19),(3,_binary '\0',1011,'2024-08-06 01:16:06.570281','2024-08-06 01:16:06.570305',19),(4,_binary '\0',1012,'2024-08-06 01:16:06.572358','2024-08-06 01:16:06.572381',19),(5,_binary '',1013,'2024-08-06 01:16:06.574619','2024-08-06 12:27:20.605352',19),(6,_binary '',1014,'2024-08-06 01:16:06.576857','2024-08-06 12:43:01.808378',19),(7,_binary '\0',1015,'2024-08-06 01:16:06.579362','2024-08-06 01:16:06.579394',19),(8,_binary '\0',1016,'2024-08-06 01:16:06.581718','2024-08-06 01:16:06.581742',19),(9,_binary '',1017,'2024-08-06 01:16:06.586779','2024-08-06 13:30:40.140648',19),(10,_binary '\0',1018,'2024-08-06 01:16:06.588831','2024-08-06 01:16:06.588854',19),(11,_binary '\0',1019,'2024-08-06 01:16:06.590848','2024-08-06 01:16:06.590872',19),(12,_binary '\0',1020,'2024-08-06 01:16:06.592863','2024-08-06 01:16:06.592886',19),(13,_binary '\0',1021,'2024-08-06 01:16:06.594984','2024-08-06 01:16:06.595010',19),(14,_binary '\0',1022,'2024-08-06 01:16:06.597045','2024-08-06 01:16:06.597069',19),(16,_binary '\0',1023,'2024-08-06 01:16:06.599093','2024-08-06 01:16:06.599116',19),(17,_binary '\0',1024,'2024-08-06 01:16:06.601126','2024-08-06 01:16:06.601149',19),(19,_binary '\0',1025,'2024-08-06 01:16:06.603084','2024-08-06 01:16:06.603107',19),(20,_binary '\0',1026,'2024-08-06 01:16:06.605073','2024-08-06 01:16:06.605097',19),(21,_binary '\0',1027,'2024-08-06 01:16:06.607032','2024-08-06 01:16:06.607057',19),(22,_binary '\0',1028,'2024-08-06 01:16:06.609117','2024-08-06 01:16:06.609141',19),(23,_binary '\0',1029,'2024-08-06 01:16:06.611205','2024-08-06 01:16:06.611229',19),(24,_binary '\0',1030,'2024-08-06 01:16:06.613170','2024-08-06 01:16:06.613193',19),(25,_binary '\0',1031,'2024-08-06 01:16:06.615176','2024-08-06 01:16:06.615200',19),(26,_binary '\0',1032,'2024-08-06 01:16:06.617354','2024-08-06 01:16:06.617379',19),(27,_binary '\0',1033,'2024-08-06 01:16:06.619295','2024-08-06 01:16:06.619318',19),(28,_binary '\0',1034,'2024-08-06 01:16:06.621325','2024-08-06 01:16:06.621349',19),(29,_binary '\0',1035,'2024-08-06 01:16:06.623229','2024-08-06 01:16:06.623253',19),(30,_binary '\0',1036,'2024-08-06 01:16:06.625261','2024-08-06 01:16:06.625284',19),(31,_binary '\0',1037,'2024-08-06 01:16:06.627225','2024-08-06 01:16:06.627249',19),(32,_binary '\0',1038,'2024-08-06 01:16:06.629243','2024-08-06 01:16:06.629292',19),(33,_binary '\0',1039,'2024-08-06 01:16:06.631201','2024-08-06 01:16:06.631224',19),(34,_binary '\0',1040,'2024-08-06 01:16:06.633255','2024-08-06 01:16:06.633282',19),(35,_binary '\0',1041,'2024-08-06 01:16:06.635508','2024-08-06 01:16:06.635532',19),(36,_binary '\0',1042,'2024-08-06 01:16:06.637677','2024-08-06 01:16:06.637701',19),(37,_binary '\0',1043,'2024-08-06 01:16:06.639684','2024-08-06 01:16:06.639705',19),(38,_binary '\0',1044,'2024-08-06 01:16:06.641587','2024-08-06 01:16:06.641614',19),(39,_binary '\0',1045,'2024-08-06 01:16:06.643384','2024-08-06 01:16:06.643409',19),(40,_binary '\0',1046,'2024-08-06 01:16:06.645513','2024-08-06 01:16:06.645536',19),(41,_binary '\0',1047,'2024-08-06 01:16:06.647503','2024-08-06 01:16:06.647526',19),(42,_binary '\0',1048,'2024-08-06 01:16:06.651786','2024-08-06 01:16:06.651811',19),(43,_binary '\0',1049,'2024-08-06 01:16:06.653863','2024-08-06 01:16:06.653888',19),(44,_binary '\0',1050,'2024-08-06 01:16:06.655741','2024-08-06 01:16:06.655764',19),(45,_binary '\0',1051,'2024-08-06 01:16:06.657507','2024-08-06 01:16:06.657529',19),(46,_binary '\0',1052,'2024-08-06 01:16:06.659285','2024-08-06 01:16:06.659308',19),(47,_binary '\0',1053,'2024-08-06 01:16:06.661082','2024-08-06 01:16:06.661105',19),(48,_binary '\0',1054,'2024-08-06 01:16:06.663097','2024-08-06 01:16:06.663123',19),(49,_binary '\0',1055,'2024-08-06 01:16:06.665162','2024-08-06 01:16:06.665187',19),(50,_binary '\0',1056,'2024-08-06 01:16:06.666902','2024-08-06 01:16:06.666925',19),(51,_binary '\0',1057,'2024-08-06 01:16:06.669372','2024-08-06 01:16:06.669398',19),(52,_binary '\0',1058,'2024-08-06 01:16:06.671128','2024-08-06 01:16:06.671151',19),(53,_binary '\0',1059,'2024-08-06 01:16:06.673004','2024-08-06 01:16:06.673027',19),(54,_binary '\0',1060,'2024-08-06 01:16:06.675348','2024-08-06 01:16:06.675372',19),(55,_binary '\0',1061,'2024-08-06 01:16:06.677170','2024-08-06 01:16:06.677193',19),(56,_binary '\0',1062,'2024-08-06 01:16:06.679445','2024-08-06 01:16:06.679472',19),(57,_binary '\0',1063,'2024-08-06 01:16:06.681472','2024-08-06 01:16:06.681496',19),(58,_binary '\0',1064,'2024-08-06 01:16:06.683346','2024-08-06 01:16:06.683440',19),(1,_binary '\0',1065,'2024-08-06 14:04:19.965644','2024-08-06 14:04:19.965677',20),(2,_binary '\0',1066,'2024-08-06 14:04:19.967995','2024-08-06 14:04:19.968016',20),(3,_binary '\0',1067,'2024-08-06 14:04:19.969994','2024-08-06 14:04:19.970014',20),(4,_binary '\0',1068,'2024-08-06 14:04:19.971894','2024-08-06 14:04:19.971927',20),(5,_binary '\0',1069,'2024-08-06 14:04:19.973761','2024-08-06 14:04:19.973780',20),(6,_binary '\0',1070,'2024-08-06 14:04:19.975564','2024-08-06 14:04:19.975590',20),(7,_binary '\0',1071,'2024-08-06 14:04:19.977396','2024-08-06 14:04:19.977415',20),(8,_binary '\0',1072,'2024-08-06 14:04:19.979314','2024-08-06 14:04:19.979334',20),(9,_binary '\0',1073,'2024-08-06 14:04:19.981235','2024-08-06 14:04:19.981255',20),(10,_binary '\0',1074,'2024-08-06 14:04:19.983038','2024-08-06 14:04:19.983057',20),(11,_binary '\0',1075,'2024-08-06 14:04:19.984811','2024-08-06 14:04:19.984831',20),(12,_binary '\0',1076,'2024-08-06 14:04:19.986690','2024-08-06 14:04:19.986710',20),(13,_binary '\0',1077,'2024-08-06 14:04:19.988596','2024-08-06 14:04:19.988616',20),(14,_binary '\0',1078,'2024-08-06 14:04:19.990578','2024-08-06 14:04:19.990598',20),(16,_binary '\0',1079,'2024-08-06 14:04:19.992372','2024-08-06 14:04:19.992392',20),(17,_binary '\0',1080,'2024-08-06 14:04:19.994441','2024-08-06 14:04:19.994492',20),(19,_binary '\0',1081,'2024-08-06 14:04:19.996434','2024-08-06 14:04:19.996463',20),(20,_binary '\0',1082,'2024-08-06 14:04:19.998352','2024-08-06 14:04:19.998371',20),(21,_binary '\0',1083,'2024-08-06 14:04:20.000299','2024-08-06 14:04:20.000317',20),(22,_binary '\0',1084,'2024-08-06 14:04:20.002293','2024-08-06 14:04:20.002312',20),(23,_binary '\0',1085,'2024-08-06 14:04:20.004154','2024-08-06 14:04:20.004172',20),(24,_binary '\0',1086,'2024-08-06 14:04:20.006342','2024-08-06 14:04:20.006360',20),(25,_binary '\0',1087,'2024-08-06 14:04:20.008271','2024-08-06 14:04:20.008289',20),(26,_binary '\0',1088,'2024-08-06 14:04:20.010245','2024-08-06 14:04:20.010264',20),(27,_binary '\0',1089,'2024-08-06 14:04:20.012235','2024-08-06 14:04:20.012253',20),(28,_binary '\0',1090,'2024-08-06 14:04:20.014222','2024-08-06 14:04:20.014240',20),(29,_binary '\0',1091,'2024-08-06 14:04:20.016134','2024-08-06 14:04:20.016153',20),(30,_binary '\0',1092,'2024-08-06 14:04:20.018017','2024-08-06 14:04:20.018035',20),(31,_binary '\0',1093,'2024-08-06 14:04:20.019902','2024-08-06 14:04:20.019930',20),(32,_binary '\0',1094,'2024-08-06 14:04:20.021956','2024-08-06 14:04:20.021978',20),(33,_binary '\0',1095,'2024-08-06 14:04:20.023775','2024-08-06 14:04:20.023800',20),(34,_binary '\0',1096,'2024-08-06 14:04:20.025722','2024-08-06 14:04:20.025742',20),(35,_binary '\0',1097,'2024-08-06 14:04:20.027635','2024-08-06 14:04:20.027652',20),(36,_binary '\0',1098,'2024-08-06 14:04:20.029570','2024-08-06 14:04:20.029587',20),(37,_binary '\0',1099,'2024-08-06 14:04:20.031530','2024-08-06 14:04:20.031548',20),(38,_binary '\0',1100,'2024-08-06 14:04:20.033438','2024-08-06 14:04:20.033455',20),(39,_binary '\0',1101,'2024-08-06 14:04:20.035249','2024-08-06 14:04:20.035266',20),(40,_binary '\0',1102,'2024-08-06 14:04:20.037087','2024-08-06 14:04:20.037104',20),(41,_binary '\0',1103,'2024-08-06 14:04:20.038987','2024-08-06 14:04:20.039005',20),(42,_binary '\0',1104,'2024-08-06 14:04:20.040898','2024-08-06 14:04:20.040915',20),(43,_binary '\0',1105,'2024-08-06 14:04:20.042693','2024-08-06 14:04:20.042711',20),(44,_binary '\0',1106,'2024-08-06 14:04:20.044563','2024-08-06 14:04:20.044579',20),(45,_binary '\0',1107,'2024-08-06 14:04:20.046394','2024-08-06 14:04:20.046410',20),(46,_binary '\0',1108,'2024-08-06 14:04:20.048195','2024-08-06 14:04:20.048212',20),(47,_binary '\0',1109,'2024-08-06 14:04:20.050284','2024-08-06 14:04:20.050303',20),(48,_binary '\0',1110,'2024-08-06 14:04:20.052699','2024-08-06 14:04:20.052720',20),(49,_binary '\0',1111,'2024-08-06 14:04:20.054829','2024-08-06 14:04:20.054846',20),(50,_binary '\0',1112,'2024-08-06 14:04:20.056729','2024-08-06 14:04:20.056746',20),(51,_binary '\0',1113,'2024-08-06 14:04:20.058841','2024-08-06 14:04:20.058857',20),(52,_binary '\0',1114,'2024-08-06 14:04:20.060703','2024-08-06 14:04:20.060721',20),(53,_binary '\0',1115,'2024-08-06 14:04:20.062608','2024-08-06 14:04:20.062626',20),(54,_binary '\0',1116,'2024-08-06 14:04:20.064581','2024-08-06 14:04:20.064598',20),(55,_binary '\0',1117,'2024-08-06 14:04:20.066442','2024-08-06 14:04:20.066459',20),(56,_binary '\0',1118,'2024-08-06 14:04:20.068306','2024-08-06 14:04:20.068324',20),(57,_binary '\0',1119,'2024-08-06 14:04:20.070302','2024-08-06 14:04:20.070318',20),(58,_binary '\0',1120,'2024-08-06 14:04:20.072293','2024-08-06 14:04:20.072309',20),(1,_binary '\0',1121,'2024-08-06 17:26:40.800760','2024-08-06 17:26:40.800760',21),(2,_binary '\0',1122,'2024-08-06 17:26:40.814804','2024-08-06 17:26:40.814804',21),(3,_binary '\0',1123,'2024-08-06 17:26:40.831275','2024-08-06 17:26:40.831275',21),(4,_binary '\0',1124,'2024-08-06 17:26:40.849289','2024-08-06 17:26:40.849289',21),(5,_binary '\0',1125,'2024-08-06 17:26:40.866130','2024-08-06 17:26:40.866130',21),(6,_binary '\0',1126,'2024-08-06 17:26:40.884295','2024-08-06 17:26:40.884295',21),(7,_binary '\0',1127,'2024-08-06 17:26:40.899291','2024-08-06 17:26:40.899291',21),(8,_binary '\0',1128,'2024-08-06 17:26:40.914291','2024-08-06 17:26:40.914291',21),(9,_binary '\0',1129,'2024-08-06 17:26:40.931125','2024-08-06 17:26:40.931125',21),(10,_binary '\0',1130,'2024-08-06 17:26:40.948153','2024-08-06 17:26:40.948153',21),(11,_binary '\0',1131,'2024-08-06 17:26:40.965201','2024-08-06 17:26:40.965201',21),(12,_binary '\0',1132,'2024-08-06 17:26:40.981207','2024-08-06 17:26:40.981207',21),(13,_binary '\0',1133,'2024-08-06 17:26:40.996505','2024-08-06 17:26:40.996505',21),(14,_binary '\0',1134,'2024-08-06 17:26:41.011019','2024-08-06 17:26:41.011019',21),(16,_binary '\0',1135,'2024-08-06 17:26:41.027087','2024-08-06 17:26:41.027087',21),(17,_binary '\0',1136,'2024-08-06 17:26:41.046116','2024-08-06 17:26:41.046116',21),(19,_binary '\0',1137,'2024-08-06 17:26:41.063036','2024-08-06 17:26:41.063036',21),(20,_binary '\0',1138,'2024-08-06 17:26:41.079278','2024-08-06 17:26:41.079278',21),(21,_binary '\0',1139,'2024-08-06 17:26:41.095278','2024-08-06 17:26:41.095278',21),(22,_binary '\0',1140,'2024-08-06 17:26:41.112329','2024-08-06 17:26:41.112329',21),(23,_binary '\0',1141,'2024-08-06 17:26:41.128719','2024-08-06 17:26:41.128719',21),(24,_binary '\0',1142,'2024-08-06 17:26:41.145816','2024-08-06 17:26:41.145816',21),(25,_binary '\0',1143,'2024-08-06 17:26:41.161479','2024-08-06 17:26:41.161479',21),(26,_binary '\0',1144,'2024-08-06 17:26:41.175797','2024-08-06 17:26:41.175797',21),(27,_binary '\0',1145,'2024-08-06 17:26:41.191607','2024-08-06 17:26:41.191607',21),(28,_binary '\0',1146,'2024-08-06 17:26:41.206507','2024-08-06 17:26:41.206507',21),(29,_binary '\0',1147,'2024-08-06 17:26:41.223311','2024-08-06 17:26:41.223311',21),(30,_binary '\0',1148,'2024-08-06 17:26:41.239835','2024-08-06 17:26:41.239835',21),(31,_binary '\0',1149,'2024-08-06 17:26:41.255669','2024-08-06 17:26:41.255669',21),(32,_binary '\0',1150,'2024-08-06 17:26:41.273409','2024-08-06 17:26:41.273409',21),(33,_binary '\0',1151,'2024-08-06 17:26:41.288697','2024-08-06 17:26:41.288697',21),(34,_binary '\0',1152,'2024-08-06 17:26:41.304796','2024-08-06 17:26:41.304796',21),(35,_binary '\0',1153,'2024-08-06 17:26:41.321957','2024-08-06 17:26:41.321957',21),(36,_binary '\0',1154,'2024-08-06 17:26:41.337806','2024-08-06 17:26:41.337836',21),(37,_binary '\0',1155,'2024-08-06 17:26:41.353021','2024-08-06 17:26:41.353021',21),(38,_binary '\0',1156,'2024-08-06 17:26:41.370068','2024-08-06 17:26:41.370068',21),(39,_binary '\0',1157,'2024-08-06 17:26:41.385229','2024-08-06 17:26:41.385229',21),(40,_binary '\0',1158,'2024-08-06 17:26:41.402333','2024-08-06 17:26:41.402333',21),(41,_binary '\0',1159,'2024-08-06 17:26:41.416377','2024-08-06 17:26:41.416377',21),(42,_binary '\0',1160,'2024-08-06 17:26:41.430343','2024-08-06 17:26:41.430343',21),(43,_binary '\0',1161,'2024-08-06 17:26:41.447871','2024-08-06 17:26:41.447871',21),(44,_binary '\0',1162,'2024-08-06 17:26:41.465318','2024-08-06 17:26:41.465318',21),(45,_binary '\0',1163,'2024-08-06 17:26:41.479594','2024-08-06 17:26:41.479594',21),(46,_binary '\0',1164,'2024-08-06 17:26:41.496593','2024-08-06 17:26:41.496593',21),(47,_binary '\0',1165,'2024-08-06 17:26:41.512619','2024-08-06 17:26:41.512619',21),(48,_binary '\0',1166,'2024-08-06 17:26:41.528979','2024-08-06 17:26:41.528979',21),(49,_binary '\0',1167,'2024-08-06 17:26:41.544611','2024-08-06 17:26:41.544611',21),(50,_binary '\0',1168,'2024-08-06 17:26:41.561820','2024-08-06 17:26:41.561820',21),(51,_binary '\0',1169,'2024-08-06 17:26:41.575283','2024-08-06 17:26:41.575283',21),(52,_binary '\0',1170,'2024-08-06 17:26:41.591431','2024-08-06 17:26:41.591431',21),(53,_binary '\0',1171,'2024-08-06 17:26:41.608595','2024-08-06 17:26:41.608595',21),(54,_binary '\0',1172,'2024-08-06 17:26:41.623404','2024-08-06 17:26:41.623404',21),(55,_binary '\0',1173,'2024-08-06 17:26:41.640533','2024-08-06 17:26:41.640533',21),(56,_binary '\0',1174,'2024-08-06 17:26:41.657815','2024-08-06 17:26:41.657815',21),(57,_binary '\0',1175,'2024-08-06 17:26:41.672536','2024-08-06 17:26:41.672536',21),(58,_binary '\0',1176,'2024-08-06 17:26:41.689367','2024-08-06 17:26:41.689367',21),(1,_binary '\0',1177,'2024-08-06 17:27:15.380814','2024-08-06 17:27:15.380857',22),(2,_binary '\0',1178,'2024-08-06 17:27:15.383363','2024-08-06 17:27:15.383389',22),(3,_binary '\0',1179,'2024-08-06 17:27:15.385529','2024-08-06 17:27:15.385553',22),(4,_binary '\0',1180,'2024-08-06 17:27:15.387708','2024-08-06 17:27:15.387732',22),(5,_binary '\0',1181,'2024-08-06 17:27:15.389708','2024-08-06 17:27:15.389732',22),(6,_binary '\0',1182,'2024-08-06 17:27:15.391633','2024-08-06 17:27:15.391665',22),(7,_binary '\0',1183,'2024-08-06 17:27:15.393794','2024-08-06 17:27:15.393819',22),(8,_binary '\0',1184,'2024-08-06 17:27:15.395757','2024-08-06 17:27:15.395857',22),(9,_binary '\0',1185,'2024-08-06 17:27:15.397832','2024-08-06 17:27:15.397856',22),(10,_binary '\0',1186,'2024-08-06 17:27:15.400236','2024-08-06 17:27:15.400262',22),(11,_binary '\0',1187,'2024-08-06 17:27:15.402223','2024-08-06 17:27:15.402358',22),(12,_binary '\0',1188,'2024-08-06 17:27:15.404373','2024-08-06 17:27:15.404399',22),(13,_binary '\0',1189,'2024-08-06 17:27:15.406532','2024-08-06 17:27:15.406556',22),(14,_binary '\0',1190,'2024-08-06 17:27:15.408671','2024-08-06 17:27:15.408694',22),(16,_binary '\0',1191,'2024-08-06 17:27:15.410716','2024-08-06 17:27:15.410740',22),(17,_binary '\0',1192,'2024-08-06 17:27:15.413030','2024-08-06 17:27:15.413053',22),(19,_binary '\0',1193,'2024-08-06 17:27:15.415739','2024-08-06 17:27:15.415766',22),(20,_binary '\0',1194,'2024-08-06 17:27:15.418828','2024-08-06 17:27:15.418850',22),(21,_binary '\0',1195,'2024-08-06 17:27:15.420906','2024-08-06 17:27:15.420932',22),(22,_binary '\0',1196,'2024-08-06 17:27:15.423321','2024-08-06 17:27:15.423344',22),(23,_binary '\0',1197,'2024-08-06 17:27:15.425956','2024-08-06 17:27:15.425985',22),(24,_binary '\0',1198,'2024-08-06 17:27:15.428068','2024-08-06 17:27:15.428094',22),(25,_binary '\0',1199,'2024-08-06 17:27:15.430422','2024-08-06 17:27:15.430448',22),(26,_binary '\0',1200,'2024-08-06 17:27:15.433126','2024-08-06 17:27:15.433153',22),(27,_binary '\0',1201,'2024-08-06 17:27:15.435697','2024-08-06 17:27:15.435723',22),(28,_binary '\0',1202,'2024-08-06 17:27:15.440887','2024-08-06 17:27:15.440916',22),(29,_binary '\0',1203,'2024-08-06 17:27:15.442869','2024-08-06 17:27:15.442892',22),(30,_binary '\0',1204,'2024-08-06 17:27:15.444811','2024-08-06 17:27:15.444834',22),(31,_binary '\0',1205,'2024-08-06 17:27:15.453939','2024-08-06 17:27:15.453971',22),(32,_binary '\0',1206,'2024-08-06 17:27:15.456233','2024-08-06 17:27:15.456256',22),(33,_binary '\0',1207,'2024-08-06 17:27:15.458417','2024-08-06 17:27:15.458441',22),(34,_binary '\0',1208,'2024-08-06 17:27:15.460462','2024-08-06 17:27:15.460563',22),(35,_binary '\0',1209,'2024-08-06 17:27:15.462523','2024-08-06 17:27:15.462546',22),(36,_binary '\0',1210,'2024-08-06 17:27:15.464486','2024-08-06 17:27:15.464510',22),(37,_binary '\0',1211,'2024-08-06 17:27:15.466662','2024-08-06 17:27:15.466737',22),(38,_binary '\0',1212,'2024-08-06 17:27:15.468717','2024-08-06 17:27:15.468774',22),(39,_binary '\0',1213,'2024-08-06 17:27:15.470759','2024-08-06 17:27:15.470783',22),(40,_binary '\0',1214,'2024-08-06 17:27:15.472748','2024-08-06 17:27:15.472772',22),(41,_binary '\0',1215,'2024-08-06 17:27:15.477858','2024-08-06 17:27:15.477882',22),(42,_binary '\0',1216,'2024-08-06 17:27:15.479792','2024-08-06 17:27:15.479819',22),(43,_binary '\0',1217,'2024-08-06 17:27:15.482033','2024-08-06 17:27:15.482060',22),(44,_binary '\0',1218,'2024-08-06 17:27:15.484153','2024-08-06 17:27:15.484177',22),(45,_binary '\0',1219,'2024-08-06 17:27:15.486231','2024-08-06 17:27:15.486255',22),(46,_binary '\0',1220,'2024-08-06 17:27:15.488206','2024-08-06 17:27:15.488229',22),(47,_binary '\0',1221,'2024-08-06 17:27:15.490505','2024-08-06 17:27:15.490531',22),(48,_binary '\0',1222,'2024-08-06 17:27:15.492778','2024-08-06 17:27:15.492805',22),(49,_binary '\0',1223,'2024-08-06 17:27:15.495227','2024-08-06 17:27:15.495252',22),(50,_binary '\0',1224,'2024-08-06 17:27:15.497371','2024-08-06 17:27:15.497394',22),(51,_binary '\0',1225,'2024-08-06 17:27:15.499459','2024-08-06 17:27:15.499483',22),(52,_binary '\0',1226,'2024-08-06 17:27:15.501580','2024-08-06 17:27:15.501604',22),(53,_binary '\0',1227,'2024-08-06 17:27:15.503688','2024-08-06 17:27:15.503711',22),(54,_binary '\0',1228,'2024-08-06 17:27:15.505862','2024-08-06 17:27:15.505885',22),(55,_binary '\0',1229,'2024-08-06 17:27:15.508019','2024-08-06 17:27:15.508042',22),(56,_binary '\0',1230,'2024-08-06 17:27:15.510136','2024-08-06 17:27:15.510159',22),(57,_binary '\0',1231,'2024-08-06 17:27:15.512242','2024-08-06 17:27:15.512266',22),(58,_binary '\0',1232,'2024-08-06 17:27:15.514305','2024-08-06 17:27:15.514337',22),(1,_binary '\0',1233,'2024-08-06 17:35:46.567206','2024-08-06 17:35:46.567236',23),(2,_binary '\0',1234,'2024-08-06 17:35:46.569180','2024-08-06 17:35:46.569199',23),(3,_binary '\0',1235,'2024-08-06 17:35:46.571021','2024-08-06 17:35:46.571040',23),(4,_binary '\0',1236,'2024-08-06 17:35:46.572866','2024-08-06 17:35:46.572903',23),(5,_binary '\0',1237,'2024-08-06 17:35:46.574632','2024-08-06 17:35:46.574651',23),(6,_binary '\0',1238,'2024-08-06 17:35:46.576386','2024-08-06 17:35:46.576435',23),(7,_binary '\0',1239,'2024-08-06 17:35:46.578244','2024-08-06 17:35:46.578263',23),(8,_binary '\0',1240,'2024-08-06 17:35:46.580031','2024-08-06 17:35:46.580050',23),(9,_binary '\0',1241,'2024-08-06 17:35:46.582453','2024-08-06 17:35:46.582476',23),(10,_binary '\0',1242,'2024-08-06 17:35:46.584524','2024-08-06 17:35:46.584561',23),(11,_binary '\0',1243,'2024-08-06 17:35:46.586340','2024-08-06 17:35:46.586360',23),(12,_binary '\0',1244,'2024-08-06 17:35:46.588162','2024-08-06 17:35:46.588182',23),(13,_binary '\0',1245,'2024-08-06 17:35:46.590188','2024-08-06 17:35:46.590208',23),(14,_binary '\0',1246,'2024-08-06 17:35:46.592131','2024-08-06 17:35:46.592151',23),(16,_binary '\0',1247,'2024-08-06 17:35:46.594085','2024-08-06 17:35:46.594105',23),(17,_binary '\0',1248,'2024-08-06 17:35:46.595940','2024-08-06 17:35:46.595960',23),(19,_binary '\0',1249,'2024-08-06 17:35:46.597745','2024-08-06 17:35:46.597764',23),(20,_binary '\0',1250,'2024-08-06 17:35:46.599725','2024-08-06 17:35:46.599746',23),(21,_binary '\0',1251,'2024-08-06 17:35:46.601633','2024-08-06 17:35:46.601653',23),(22,_binary '\0',1252,'2024-08-06 17:35:46.603445','2024-08-06 17:35:46.603467',23),(23,_binary '\0',1253,'2024-08-06 17:35:46.605337','2024-08-06 17:35:46.605357',23),(24,_binary '\0',1254,'2024-08-06 17:35:46.607346','2024-08-06 17:35:46.607366',23),(25,_binary '\0',1255,'2024-08-06 17:35:46.609240','2024-08-06 17:35:46.609260',23),(26,_binary '\0',1256,'2024-08-06 17:35:46.611307','2024-08-06 17:35:46.611329',23),(27,_binary '\0',1257,'2024-08-06 17:35:46.613416','2024-08-06 17:35:46.613438',23),(28,_binary '\0',1258,'2024-08-06 17:35:46.615266','2024-08-06 17:35:46.615285',23),(29,_binary '\0',1259,'2024-08-06 17:35:46.617219','2024-08-06 17:35:46.617239',23),(30,_binary '\0',1260,'2024-08-06 17:35:46.619087','2024-08-06 17:35:46.619105',23),(31,_binary '\0',1261,'2024-08-06 17:35:46.621052','2024-08-06 17:35:46.621070',23),(32,_binary '\0',1262,'2024-08-06 17:35:46.623122','2024-08-06 17:35:46.623141',23),(33,_binary '\0',1263,'2024-08-06 17:35:46.625098','2024-08-06 17:35:46.625117',23),(34,_binary '\0',1264,'2024-08-06 17:35:46.627046','2024-08-06 17:35:46.627067',23),(35,_binary '\0',1265,'2024-08-06 17:35:46.629056','2024-08-06 17:35:46.629075',23),(36,_binary '\0',1266,'2024-08-06 17:35:46.631011','2024-08-06 17:35:46.631030',23),(37,_binary '\0',1267,'2024-08-06 17:35:46.632985','2024-08-06 17:35:46.633004',23),(38,_binary '\0',1268,'2024-08-06 17:35:46.634826','2024-08-06 17:35:46.634845',23),(39,_binary '\0',1269,'2024-08-06 17:35:46.636713','2024-08-06 17:35:46.636732',23),(40,_binary '\0',1270,'2024-08-06 17:35:46.638753','2024-08-06 17:35:46.638772',23),(41,_binary '\0',1271,'2024-08-06 17:35:46.640696','2024-08-06 17:35:46.640715',23),(42,_binary '\0',1272,'2024-08-06 17:35:46.642525','2024-08-06 17:35:46.642544',23),(43,_binary '\0',1273,'2024-08-06 17:35:46.644481','2024-08-06 17:35:46.644502',23),(44,_binary '\0',1274,'2024-08-06 17:35:46.646324','2024-08-06 17:35:46.646343',23),(45,_binary '\0',1275,'2024-08-06 17:35:46.648400','2024-08-06 17:35:46.648456',23),(46,_binary '\0',1276,'2024-08-06 17:35:46.650408','2024-08-06 17:35:46.650428',23),(47,_binary '\0',1277,'2024-08-06 17:35:46.652468','2024-08-06 17:35:46.652489',23),(48,_binary '\0',1278,'2024-08-06 17:35:46.654422','2024-08-06 17:35:46.654448',23),(49,_binary '\0',1279,'2024-08-06 17:35:46.656519','2024-08-06 17:35:46.656541',23),(50,_binary '\0',1280,'2024-08-06 17:35:46.658445','2024-08-06 17:35:46.658466',23),(51,_binary '\0',1281,'2024-08-06 17:35:46.660324','2024-08-06 17:35:46.660344',23),(52,_binary '\0',1282,'2024-08-06 17:35:46.662269','2024-08-06 17:35:46.662287',23),(53,_binary '\0',1283,'2024-08-06 17:35:46.664894','2024-08-06 17:35:46.664914',23),(54,_binary '\0',1284,'2024-08-06 17:35:46.666696','2024-08-06 17:35:46.666715',23),(55,_binary '\0',1285,'2024-08-06 17:35:46.668621','2024-08-06 17:35:46.668655',23),(56,_binary '\0',1286,'2024-08-06 17:35:46.670581','2024-08-06 17:35:46.670601',23),(57,_binary '\0',1287,'2024-08-06 17:35:46.672490','2024-08-06 17:35:46.672512',23),(58,_binary '\0',1288,'2024-08-06 17:35:46.674446','2024-08-06 17:35:46.674464',23),(1,_binary '\0',1289,'2024-08-06 17:44:57.060580','2024-08-06 17:44:57.060619',24),(2,_binary '\0',1290,'2024-08-06 17:44:57.063243','2024-08-06 17:44:57.063271',24),(3,_binary '\0',1291,'2024-08-06 17:44:57.065462','2024-08-06 17:44:57.065486',24),(4,_binary '\0',1292,'2024-08-06 17:44:57.067538','2024-08-06 17:44:57.067562',24),(5,_binary '\0',1293,'2024-08-06 17:44:57.069522','2024-08-06 17:44:57.069545',24),(6,_binary '\0',1294,'2024-08-06 17:44:57.071573','2024-08-06 17:44:57.071605',24),(7,_binary '\0',1295,'2024-08-06 17:44:57.073766','2024-08-06 17:44:57.073793',24),(8,_binary '\0',1296,'2024-08-06 17:44:57.075855','2024-08-06 17:44:57.075877',24),(9,_binary '\0',1297,'2024-08-06 17:44:57.078122','2024-08-06 17:44:57.078150',24),(10,_binary '\0',1298,'2024-08-06 17:44:57.080280','2024-08-06 17:44:57.080305',24),(11,_binary '\0',1299,'2024-08-06 17:44:57.082405','2024-08-06 17:44:57.082429',24),(12,_binary '\0',1300,'2024-08-06 17:44:57.084548','2024-08-06 17:44:57.084572',24),(13,_binary '\0',1301,'2024-08-06 17:44:57.086644','2024-08-06 17:44:57.086669',24),(14,_binary '\0',1302,'2024-08-06 17:44:57.088750','2024-08-06 17:44:57.088774',24),(16,_binary '\0',1303,'2024-08-06 17:44:57.090785','2024-08-06 17:44:57.090809',24),(17,_binary '\0',1304,'2024-08-06 17:44:57.093044','2024-08-06 17:44:57.093068',24),(19,_binary '\0',1305,'2024-08-06 17:44:57.095187','2024-08-06 17:44:57.095211',24),(20,_binary '\0',1306,'2024-08-06 17:44:57.097295','2024-08-06 17:44:57.097319',24),(21,_binary '\0',1307,'2024-08-06 17:44:57.102875','2024-08-06 17:44:57.102903',24),(22,_binary '\0',1308,'2024-08-06 17:44:57.104990','2024-08-06 17:44:57.105012',24),(23,_binary '\0',1309,'2024-08-06 17:44:57.106955','2024-08-06 17:44:57.106977',24),(24,_binary '\0',1310,'2024-08-06 17:44:57.108935','2024-08-06 17:44:57.108957',24),(25,_binary '\0',1311,'2024-08-06 17:44:57.110926','2024-08-06 17:44:57.110948',24),(26,_binary '\0',1312,'2024-08-06 17:44:57.112989','2024-08-06 17:44:57.113011',24),(27,_binary '\0',1313,'2024-08-06 17:44:57.115091','2024-08-06 17:44:57.115121',24),(28,_binary '\0',1314,'2024-08-06 17:44:57.117086','2024-08-06 17:44:57.117108',24),(29,_binary '\0',1315,'2024-08-06 17:44:57.119126','2024-08-06 17:44:57.119148',24),(30,_binary '\0',1316,'2024-08-06 17:44:57.121088','2024-08-06 17:44:57.121110',24),(31,_binary '\0',1317,'2024-08-06 17:44:57.123158','2024-08-06 17:44:57.123184',24),(32,_binary '\0',1318,'2024-08-06 17:44:57.125227','2024-08-06 17:44:57.125250',24),(33,_binary '\0',1319,'2024-08-06 17:44:57.127355','2024-08-06 17:44:57.127377',24),(34,_binary '\0',1320,'2024-08-06 17:44:57.129345','2024-08-06 17:44:57.129367',24),(35,_binary '\0',1321,'2024-08-06 17:44:57.131536','2024-08-06 17:44:57.131559',24),(36,_binary '\0',1322,'2024-08-06 17:44:57.133614','2024-08-06 17:44:57.133638',24),(37,_binary '\0',1323,'2024-08-06 17:44:57.135694','2024-08-06 17:44:57.135718',24),(38,_binary '\0',1324,'2024-08-06 17:44:57.137797','2024-08-06 17:44:57.137820',24),(39,_binary '\0',1325,'2024-08-06 17:44:57.139797','2024-08-06 17:44:57.139819',24),(40,_binary '\0',1326,'2024-08-06 17:44:57.141868','2024-08-06 17:44:57.141890',24),(41,_binary '\0',1327,'2024-08-06 17:44:57.143929','2024-08-06 17:44:57.143951',24),(42,_binary '\0',1328,'2024-08-06 17:44:57.146045','2024-08-06 17:44:57.146069',24),(43,_binary '\0',1329,'2024-08-06 17:44:57.148124','2024-08-06 17:44:57.148148',24),(44,_binary '\0',1330,'2024-08-06 17:44:57.150206','2024-08-06 17:44:57.150230',24),(45,_binary '\0',1331,'2024-08-06 17:44:57.152249','2024-08-06 17:44:57.152271',24),(46,_binary '\0',1332,'2024-08-06 17:44:57.154374','2024-08-06 17:44:57.154396',24),(47,_binary '\0',1333,'2024-08-06 17:44:57.156488','2024-08-06 17:44:57.156511',24),(48,_binary '\0',1334,'2024-08-06 17:44:57.158635','2024-08-06 17:44:57.158661',24),(49,_binary '\0',1335,'2024-08-06 17:44:57.161069','2024-08-06 17:44:57.161094',24),(50,_binary '\0',1336,'2024-08-06 17:44:57.163191','2024-08-06 17:44:57.163214',24),(51,_binary '\0',1337,'2024-08-06 17:44:57.165350','2024-08-06 17:44:57.165373',24),(52,_binary '\0',1338,'2024-08-06 17:44:57.167368','2024-08-06 17:44:57.167390',24),(53,_binary '\0',1339,'2024-08-06 17:44:57.169420','2024-08-06 17:44:57.169442',24),(54,_binary '\0',1340,'2024-08-06 17:44:57.171445','2024-08-06 17:44:57.171468',24),(55,_binary '\0',1341,'2024-08-06 17:44:57.173434','2024-08-06 17:44:57.173456',24),(56,_binary '\0',1342,'2024-08-06 17:44:57.175427','2024-08-06 17:44:57.175450',24),(57,_binary '\0',1343,'2024-08-06 17:44:57.177497','2024-08-06 17:44:57.177520',24),(58,_binary '\0',1344,'2024-08-06 17:44:57.179518','2024-08-06 17:44:57.179540',24),(1,_binary '\0',1345,'2024-08-06 22:59:41.199732','2024-08-06 22:59:41.199758',25),(2,_binary '\0',1346,'2024-08-06 22:59:41.202042','2024-08-06 22:59:41.202059',25),(3,_binary '\0',1347,'2024-08-06 22:59:41.203881','2024-08-06 22:59:41.203897',25),(4,_binary '\0',1348,'2024-08-06 22:59:41.205608','2024-08-06 22:59:41.205624',25),(5,_binary '\0',1349,'2024-08-06 22:59:41.207395','2024-08-06 22:59:41.207414',25),(6,_binary '\0',1350,'2024-08-06 22:59:41.209222','2024-08-06 22:59:41.209256',25),(7,_binary '\0',1351,'2024-08-06 22:59:41.210988','2024-08-06 22:59:41.211003',25),(8,_binary '\0',1352,'2024-08-06 22:59:41.212813','2024-08-06 22:59:41.212829',25),(9,_binary '\0',1353,'2024-08-06 22:59:41.214566','2024-08-06 22:59:41.214582',25),(10,_binary '\0',1354,'2024-08-06 22:59:41.216287','2024-08-06 22:59:41.216302',25),(11,_binary '\0',1355,'2024-08-06 22:59:41.218013','2024-08-06 22:59:41.218029',25),(12,_binary '\0',1356,'2024-08-06 22:59:41.219731','2024-08-06 22:59:41.219747',25),(13,_binary '\0',1357,'2024-08-06 22:59:41.221426','2024-08-06 22:59:41.221442',25),(14,_binary '\0',1358,'2024-08-06 22:59:41.223177','2024-08-06 22:59:41.223193',25),(16,_binary '\0',1359,'2024-08-06 22:59:41.224866','2024-08-06 22:59:41.224881',25),(17,_binary '\0',1360,'2024-08-06 22:59:41.226619','2024-08-06 22:59:41.226637',25),(19,_binary '\0',1361,'2024-08-06 22:59:41.228297','2024-08-06 22:59:41.228312',25),(20,_binary '\0',1362,'2024-08-06 22:59:41.229987','2024-08-06 22:59:41.230003',25),(21,_binary '\0',1363,'2024-08-06 22:59:41.231699','2024-08-06 22:59:41.231714',25),(22,_binary '\0',1364,'2024-08-06 22:59:41.233536','2024-08-06 22:59:41.233557',25),(23,_binary '\0',1365,'2024-08-06 22:59:41.235433','2024-08-06 22:59:41.235450',25),(24,_binary '\0',1366,'2024-08-06 22:59:41.237276','2024-08-06 22:59:41.237293',25),(25,_binary '\0',1367,'2024-08-06 22:59:41.238989','2024-08-06 22:59:41.239007',25),(26,_binary '\0',1368,'2024-08-06 22:59:41.240821','2024-08-06 22:59:41.240838',25),(27,_binary '\0',1369,'2024-08-06 22:59:41.242611','2024-08-06 22:59:41.242627',25),(28,_binary '\0',1370,'2024-08-06 22:59:41.244327','2024-08-06 22:59:41.244343',25),(29,_binary '\0',1371,'2024-08-06 22:59:41.246155','2024-08-06 22:59:41.246173',25),(30,_binary '\0',1372,'2024-08-06 22:59:41.247806','2024-08-06 22:59:41.247822',25),(31,_binary '\0',1373,'2024-08-06 22:59:41.249543','2024-08-06 22:59:41.249559',25),(32,_binary '\0',1374,'2024-08-06 22:59:41.251136','2024-08-06 22:59:41.251152',25),(33,_binary '\0',1375,'2024-08-06 22:59:41.252931','2024-08-06 22:59:41.252947',25),(34,_binary '\0',1376,'2024-08-06 22:59:41.254633','2024-08-06 22:59:41.254653',25),(35,_binary '\0',1377,'2024-08-06 22:59:41.256297','2024-08-06 22:59:41.256313',25),(36,_binary '\0',1378,'2024-08-06 22:59:41.258583','2024-08-06 22:59:41.258599',25),(37,_binary '\0',1379,'2024-08-06 22:59:41.260354','2024-08-06 22:59:41.260369',25),(38,_binary '\0',1380,'2024-08-06 22:59:41.261989','2024-08-06 22:59:41.262004',25),(39,_binary '\0',1381,'2024-08-06 22:59:41.263638','2024-08-06 22:59:41.263653',25),(40,_binary '\0',1382,'2024-08-06 22:59:41.265286','2024-08-06 22:59:41.265301',25),(41,_binary '\0',1383,'2024-08-06 22:59:41.266945','2024-08-06 22:59:41.266960',25),(42,_binary '\0',1384,'2024-08-06 22:59:41.268716','2024-08-06 22:59:41.268731',25),(43,_binary '\0',1385,'2024-08-06 22:59:41.270429','2024-08-06 22:59:41.270448',25),(44,_binary '\0',1386,'2024-08-06 22:59:41.272091','2024-08-06 22:59:41.272106',25),(45,_binary '\0',1387,'2024-08-06 22:59:41.273723','2024-08-06 22:59:41.273738',25),(46,_binary '\0',1388,'2024-08-06 22:59:41.275309','2024-08-06 22:59:41.275325',25),(47,_binary '\0',1389,'2024-08-06 22:59:41.276940','2024-08-06 22:59:41.276955',25),(48,_binary '\0',1390,'2024-08-06 22:59:41.278599','2024-08-06 22:59:41.278616',25),(49,_binary '\0',1391,'2024-08-06 22:59:41.280309','2024-08-06 22:59:41.280324',25),(50,_binary '\0',1392,'2024-08-06 22:59:41.282118','2024-08-06 22:59:41.282134',25),(51,_binary '\0',1393,'2024-08-06 22:59:41.283860','2024-08-06 22:59:41.283875',25),(52,_binary '\0',1394,'2024-08-06 22:59:41.288876','2024-08-06 22:59:41.288893',25),(53,_binary '\0',1395,'2024-08-06 22:59:41.291846','2024-08-06 22:59:41.291863',25),(54,_binary '\0',1396,'2024-08-06 22:59:41.293908','2024-08-06 22:59:41.293936',25),(55,_binary '\0',1397,'2024-08-06 22:59:41.295776','2024-08-06 22:59:41.295790',25),(56,_binary '\0',1398,'2024-08-06 22:59:41.297853','2024-08-06 22:59:41.297868',25),(57,_binary '\0',1399,'2024-08-06 22:59:41.299826','2024-08-06 22:59:41.299842',25),(58,_binary '\0',1400,'2024-08-06 22:59:41.301745','2024-08-06 22:59:41.301847',25),(1,_binary '\0',1401,'2024-08-07 08:47:59.394049','2024-08-07 08:47:59.394065',26),(2,_binary '\0',1402,'2024-08-07 08:47:59.395918','2024-08-07 08:47:59.395930',26),(3,_binary '\0',1403,'2024-08-07 08:47:59.397585','2024-08-07 08:47:59.397597',26),(4,_binary '\0',1404,'2024-08-07 08:47:59.399309','2024-08-07 08:47:59.399322',26),(5,_binary '\0',1405,'2024-08-07 08:47:59.400937','2024-08-07 08:47:59.400952',26),(6,_binary '\0',1406,'2024-08-07 08:47:59.402689','2024-08-07 08:47:59.402701',26),(7,_binary '\0',1407,'2024-08-07 08:47:59.404349','2024-08-07 08:47:59.404360',26),(8,_binary '\0',1408,'2024-08-07 08:47:59.406011','2024-08-07 08:47:59.406026',26),(9,_binary '\0',1409,'2024-08-07 08:47:59.407666','2024-08-07 08:47:59.407680',26),(10,_binary '\0',1410,'2024-08-07 08:47:59.409358','2024-08-07 08:47:59.409370',26),(11,_binary '\0',1411,'2024-08-07 08:47:59.410946','2024-08-07 08:47:59.410958',26),(12,_binary '\0',1412,'2024-08-07 08:47:59.412563','2024-08-07 08:47:59.412575',26),(13,_binary '\0',1413,'2024-08-07 08:47:59.414283','2024-08-07 08:47:59.414301',26),(14,_binary '\0',1414,'2024-08-07 08:47:59.415911','2024-08-07 08:47:59.415923',26),(16,_binary '\0',1415,'2024-08-07 08:47:59.417515','2024-08-07 08:47:59.417528',26),(17,_binary '\0',1416,'2024-08-07 08:47:59.419179','2024-08-07 08:47:59.419192',26),(19,_binary '\0',1417,'2024-08-07 08:47:59.420865','2024-08-07 08:47:59.420879',26),(20,_binary '\0',1418,'2024-08-07 08:47:59.422611','2024-08-07 08:47:59.422624',26),(21,_binary '\0',1419,'2024-08-07 08:47:59.424275','2024-08-07 08:47:59.424288',26),(22,_binary '\0',1420,'2024-08-07 08:47:59.425867','2024-08-07 08:47:59.425879',26),(23,_binary '\0',1421,'2024-08-07 08:47:59.427458','2024-08-07 08:47:59.427471',26),(24,_binary '\0',1422,'2024-08-07 08:47:59.429064','2024-08-07 08:47:59.429079',26),(25,_binary '\0',1423,'2024-08-07 08:47:59.430551','2024-08-07 08:47:59.430564',26),(26,_binary '\0',1424,'2024-08-07 08:47:59.432097','2024-08-07 08:47:59.432110',26),(27,_binary '\0',1425,'2024-08-07 08:47:59.433894','2024-08-07 08:47:59.433907',26),(28,_binary '\0',1426,'2024-08-07 08:47:59.435396','2024-08-07 08:47:59.435409',26),(29,_binary '\0',1427,'2024-08-07 08:47:59.436983','2024-08-07 08:47:59.436995',26),(30,_binary '\0',1428,'2024-08-07 08:47:59.438492','2024-08-07 08:47:59.438505',26),(31,_binary '\0',1429,'2024-08-07 08:47:59.440036','2024-08-07 08:47:59.440048',26),(32,_binary '\0',1430,'2024-08-07 08:47:59.441588','2024-08-07 08:47:59.441600',26),(33,_binary '\0',1431,'2024-08-07 08:47:59.443240','2024-08-07 08:47:59.443253',26),(34,_binary '\0',1432,'2024-08-07 08:47:59.444745','2024-08-07 08:47:59.444757',26),(35,_binary '\0',1433,'2024-08-07 08:47:59.446511','2024-08-07 08:47:59.446523',26),(36,_binary '\0',1434,'2024-08-07 08:47:59.447930','2024-08-07 08:47:59.447943',26),(37,_binary '\0',1435,'2024-08-07 08:47:59.449550','2024-08-07 08:47:59.449562',26),(38,_binary '\0',1436,'2024-08-07 08:47:59.450986','2024-08-07 08:47:59.450999',26),(39,_binary '\0',1437,'2024-08-07 08:47:59.452361','2024-08-07 08:47:59.452373',26),(40,_binary '\0',1438,'2024-08-07 08:47:59.454043','2024-08-07 08:47:59.454056',26),(41,_binary '\0',1439,'2024-08-07 08:47:59.456035','2024-08-07 08:47:59.456048',26),(42,_binary '\0',1440,'2024-08-07 08:47:59.458283','2024-08-07 08:47:59.458296',26),(43,_binary '\0',1441,'2024-08-07 08:47:59.460182','2024-08-07 08:47:59.460197',26),(44,_binary '\0',1442,'2024-08-07 08:47:59.462229','2024-08-07 08:47:59.462241',26),(45,_binary '\0',1443,'2024-08-07 08:47:59.463998','2024-08-07 08:47:59.464011',26),(46,_binary '\0',1444,'2024-08-07 08:47:59.466373','2024-08-07 08:47:59.466387',26),(47,_binary '\0',1445,'2024-08-07 08:47:59.468171','2024-08-07 08:47:59.468184',26),(48,_binary '\0',1446,'2024-08-07 08:47:59.470003','2024-08-07 08:47:59.470016',26),(49,_binary '\0',1447,'2024-08-07 08:47:59.471814','2024-08-07 08:47:59.471828',26),(50,_binary '\0',1448,'2024-08-07 08:47:59.473612','2024-08-07 08:47:59.473624',26),(51,_binary '\0',1449,'2024-08-07 08:47:59.475437','2024-08-07 08:47:59.475449',26),(52,_binary '\0',1450,'2024-08-07 08:47:59.477082','2024-08-07 08:47:59.477094',26),(53,_binary '\0',1451,'2024-08-07 08:47:59.479199','2024-08-07 08:47:59.479212',26),(54,_binary '\0',1452,'2024-08-07 08:47:59.481013','2024-08-07 08:47:59.481074',26),(55,_binary '\0',1453,'2024-08-07 08:47:59.482957','2024-08-07 08:47:59.482970',26),(56,_binary '\0',1454,'2024-08-07 08:47:59.484773','2024-08-07 08:47:59.484893',26),(57,_binary '\0',1455,'2024-08-07 08:47:59.486691','2024-08-07 08:47:59.486703',26),(58,_binary '\0',1456,'2024-08-07 08:47:59.488571','2024-08-07 08:47:59.488584',26),(1,_binary '\0',1457,'2024-08-07 12:04:55.105815','2024-08-07 12:04:55.105836',27),(2,_binary '\0',1458,'2024-08-07 12:04:55.109510','2024-08-07 12:04:55.109523',27),(3,_binary '\0',1459,'2024-08-07 12:04:55.112725','2024-08-07 12:04:55.112737',27),(4,_binary '\0',1460,'2024-08-07 12:04:55.114335','2024-08-07 12:04:55.114346',27),(5,_binary '\0',1461,'2024-08-07 12:04:55.115886','2024-08-07 12:04:55.115898',27),(6,_binary '\0',1462,'2024-08-07 12:04:55.117362','2024-08-07 12:04:55.117392',27),(7,_binary '\0',1463,'2024-08-07 12:04:55.118934','2024-08-07 12:04:55.118945',27),(8,_binary '\0',1464,'2024-08-07 12:04:55.120700','2024-08-07 12:04:55.120711',27),(9,_binary '\0',1465,'2024-08-07 12:04:55.122190','2024-08-07 12:04:55.122201',27),(10,_binary '\0',1466,'2024-08-07 12:04:55.123705','2024-08-07 12:04:55.123716',27),(11,_binary '\0',1467,'2024-08-07 12:04:55.125160','2024-08-07 12:04:55.125171',27),(12,_binary '\0',1468,'2024-08-07 12:04:55.126743','2024-08-07 12:04:55.126754',27),(13,_binary '\0',1469,'2024-08-07 12:04:55.128505','2024-08-07 12:04:55.128517',27),(14,_binary '\0',1470,'2024-08-07 12:04:55.130082','2024-08-07 12:04:55.130092',27),(16,_binary '\0',1471,'2024-08-07 12:04:55.131821','2024-08-07 12:04:55.131832',27),(17,_binary '\0',1472,'2024-08-07 12:04:55.133323','2024-08-07 12:04:55.133333',27),(19,_binary '\0',1473,'2024-08-07 12:04:55.134877','2024-08-07 12:04:55.134888',27),(20,_binary '\0',1474,'2024-08-07 12:04:55.136311','2024-08-07 12:04:55.136329',27),(21,_binary '\0',1475,'2024-08-07 12:04:55.137792','2024-08-07 12:04:55.137803',27),(22,_binary '\0',1476,'2024-08-07 12:04:55.139257','2024-08-07 12:04:55.139269',27),(23,_binary '\0',1477,'2024-08-07 12:04:55.140811','2024-08-07 12:04:55.140823',27),(24,_binary '\0',1478,'2024-08-07 12:04:55.142400','2024-08-07 12:04:55.142411',27),(25,_binary '\0',1479,'2024-08-07 12:04:55.143867','2024-08-07 12:04:55.143878',27),(26,_binary '\0',1480,'2024-08-07 12:04:55.145441','2024-08-07 12:04:55.145452',27),(27,_binary '\0',1481,'2024-08-07 12:04:55.146963','2024-08-07 12:04:55.146975',27),(28,_binary '\0',1482,'2024-08-07 12:04:55.148397','2024-08-07 12:04:55.148458',27),(29,_binary '\0',1483,'2024-08-07 12:04:55.149880','2024-08-07 12:04:55.149891',27),(30,_binary '\0',1484,'2024-08-07 12:04:55.151411','2024-08-07 12:04:55.151423',27),(31,_binary '\0',1485,'2024-08-07 12:04:55.152876','2024-08-07 12:04:55.152888',27),(32,_binary '\0',1486,'2024-08-07 12:04:55.154357','2024-08-07 12:04:55.154369',27),(33,_binary '\0',1487,'2024-08-07 12:04:55.155844','2024-08-07 12:04:55.155856',27),(34,_binary '\0',1488,'2024-08-07 12:04:55.157279','2024-08-07 12:04:55.157291',27),(35,_binary '\0',1489,'2024-08-07 12:04:55.158794','2024-08-07 12:04:55.158806',27),(36,_binary '\0',1490,'2024-08-07 12:04:55.160336','2024-08-07 12:04:55.160348',27),(37,_binary '\0',1491,'2024-08-07 12:04:55.161871','2024-08-07 12:04:55.161882',27),(38,_binary '\0',1492,'2024-08-07 12:04:55.163269','2024-08-07 12:04:55.163281',27),(39,_binary '\0',1493,'2024-08-07 12:04:55.164767','2024-08-07 12:04:55.164779',27),(40,_binary '\0',1494,'2024-08-07 12:04:55.166216','2024-08-07 12:04:55.166227',27),(41,_binary '\0',1495,'2024-08-07 12:04:55.167742','2024-08-07 12:04:55.167754',27),(42,_binary '\0',1496,'2024-08-07 12:04:55.169306','2024-08-07 12:04:55.169317',27),(43,_binary '\0',1497,'2024-08-07 12:04:55.170700','2024-08-07 12:04:55.170714',27),(44,_binary '\0',1498,'2024-08-07 12:04:55.172184','2024-08-07 12:04:55.172195',27),(45,_binary '\0',1499,'2024-08-07 12:04:55.173680','2024-08-07 12:04:55.173691',27),(46,_binary '\0',1500,'2024-08-07 12:04:55.175097','2024-08-07 12:04:55.175108',27),(47,_binary '\0',1501,'2024-08-07 12:04:55.176517','2024-08-07 12:04:55.176528',27),(48,_binary '\0',1502,'2024-08-07 12:04:55.177948','2024-08-07 12:04:55.177961',27),(49,_binary '\0',1503,'2024-08-07 12:04:55.179504','2024-08-07 12:04:55.179515',27),(50,_binary '\0',1504,'2024-08-07 12:04:55.181074','2024-08-07 12:04:55.181085',27),(51,_binary '\0',1505,'2024-08-07 12:04:55.182537','2024-08-07 12:04:55.182548',27),(52,_binary '\0',1506,'2024-08-07 12:04:55.184081','2024-08-07 12:04:55.184092',27),(53,_binary '\0',1507,'2024-08-07 12:04:55.185580','2024-08-07 12:04:55.185591',27),(54,_binary '\0',1508,'2024-08-07 12:04:55.187065','2024-08-07 12:04:55.187076',27),(55,_binary '\0',1509,'2024-08-07 12:04:55.188545','2024-08-07 12:04:55.188557',27),(56,_binary '\0',1510,'2024-08-07 12:04:55.189983','2024-08-07 12:04:55.189994',27),(57,_binary '\0',1511,'2024-08-07 12:04:55.191394','2024-08-07 12:04:55.191405',27),(58,_binary '\0',1512,'2024-08-07 12:04:55.192839','2024-08-07 12:04:55.192850',27),(1,_binary '',1513,'2024-08-07 12:11:35.578668','2024-08-15 15:08:42.573675',28),(2,_binary '\0',1514,'2024-08-07 12:11:35.580140','2024-08-07 12:11:35.580152',28),(3,_binary '\0',1515,'2024-08-07 12:11:35.581464','2024-08-07 12:11:35.581476',28),(4,_binary '\0',1516,'2024-08-07 12:11:35.582812','2024-08-07 12:11:35.582823',28),(5,_binary '\0',1517,'2024-08-07 12:11:35.584100','2024-08-07 12:11:35.584112',28),(6,_binary '\0',1518,'2024-08-07 12:11:35.585454','2024-08-07 12:11:35.585465',28),(7,_binary '\0',1519,'2024-08-07 12:11:35.586781','2024-08-07 12:11:35.586792',28),(8,_binary '\0',1520,'2024-08-07 12:11:35.588151','2024-08-07 12:11:35.588161',28),(9,_binary '\0',1521,'2024-08-07 12:11:35.589603','2024-08-07 12:11:35.589614',28),(10,_binary '\0',1522,'2024-08-07 12:11:35.590911','2024-08-07 12:11:35.590922',28),(11,_binary '\0',1523,'2024-08-07 12:11:35.592162','2024-08-07 12:11:35.592173',28),(12,_binary '\0',1524,'2024-08-07 12:11:35.593465','2024-08-07 12:11:35.593476',28),(13,_binary '',1525,'2024-08-07 12:11:35.594739','2024-08-16 08:18:37.084849',28),(14,_binary '\0',1526,'2024-08-07 12:11:35.595989','2024-08-07 12:11:35.596000',28),(16,_binary '\0',1527,'2024-08-07 12:11:35.597310','2024-08-07 12:11:35.597321',28),(17,_binary '\0',1528,'2024-08-07 12:11:35.598582','2024-08-07 12:11:35.598592',28),(19,_binary '\0',1529,'2024-08-07 12:11:35.600051','2024-08-07 12:11:35.600068',28),(20,_binary '\0',1530,'2024-08-07 12:11:35.601546','2024-08-07 12:11:35.601558',28),(21,_binary '\0',1531,'2024-08-07 12:11:35.602977','2024-08-07 12:11:35.602990',28),(22,_binary '\0',1532,'2024-08-07 12:11:35.604595','2024-08-07 12:11:35.604607',28),(23,_binary '\0',1533,'2024-08-07 12:11:35.606073','2024-08-07 12:11:35.606085',28),(24,_binary '\0',1534,'2024-08-07 12:11:35.607415','2024-08-07 12:11:35.607427',28),(25,_binary '\0',1535,'2024-08-07 12:11:35.608872','2024-08-07 12:11:35.608884',28),(26,_binary '\0',1536,'2024-08-07 12:11:35.610240','2024-08-07 12:11:35.610250',28),(27,_binary '\0',1537,'2024-08-07 12:11:35.611639','2024-08-07 12:11:35.611651',28),(28,_binary '\0',1538,'2024-08-07 12:11:35.613027','2024-08-07 12:11:35.613039',28),(29,_binary '\0',1539,'2024-08-07 12:11:35.614461','2024-08-07 12:11:35.614473',28),(30,_binary '\0',1540,'2024-08-07 12:11:35.616014','2024-08-07 12:11:35.616027',28),(31,_binary '\0',1541,'2024-08-07 12:11:35.617506','2024-08-07 12:11:35.617520',28),(32,_binary '\0',1542,'2024-08-07 12:11:35.618919','2024-08-07 12:11:35.618930',28),(33,_binary '\0',1543,'2024-08-07 12:11:35.620242','2024-08-07 12:11:35.620279',28),(34,_binary '\0',1544,'2024-08-07 12:11:35.621728','2024-08-07 12:11:35.621741',28),(35,_binary '\0',1545,'2024-08-07 12:11:35.623212','2024-08-07 12:11:35.623223',28),(36,_binary '\0',1546,'2024-08-07 12:11:35.624727','2024-08-07 12:11:35.624739',28),(37,_binary '\0',1547,'2024-08-07 12:11:35.626153','2024-08-07 12:11:35.626191',28),(38,_binary '\0',1548,'2024-08-07 12:11:35.627931','2024-08-07 12:11:35.627949',28),(39,_binary '\0',1549,'2024-08-07 12:11:35.629518','2024-08-07 12:11:35.629528',28),(40,_binary '\0',1550,'2024-08-07 12:11:35.630952','2024-08-07 12:11:35.630964',28),(41,_binary '\0',1551,'2024-08-07 12:11:35.632402','2024-08-07 12:11:35.632437',28),(42,_binary '\0',1552,'2024-08-07 12:11:35.633814','2024-08-07 12:11:35.633825',28),(43,_binary '\0',1553,'2024-08-07 12:11:35.635026','2024-08-07 12:11:35.635036',28),(44,_binary '\0',1554,'2024-08-07 12:11:35.636245','2024-08-07 12:11:35.636255',28),(45,_binary '\0',1555,'2024-08-07 12:11:35.637507','2024-08-07 12:11:35.637517',28),(46,_binary '\0',1556,'2024-08-07 12:11:35.638765','2024-08-07 12:11:35.638775',28),(47,_binary '\0',1557,'2024-08-07 12:11:35.640210','2024-08-07 12:11:35.640222',28),(48,_binary '\0',1558,'2024-08-07 12:11:35.641639','2024-08-07 12:11:35.641650',28),(49,_binary '\0',1559,'2024-08-07 12:11:35.643026','2024-08-07 12:11:35.643036',28),(50,_binary '\0',1560,'2024-08-07 12:11:35.644385','2024-08-07 12:11:35.644396',28),(51,_binary '\0',1561,'2024-08-07 12:11:35.645753','2024-08-07 12:11:35.645765',28),(52,_binary '\0',1562,'2024-08-07 12:11:35.647078','2024-08-07 12:11:35.647089',28),(53,_binary '\0',1563,'2024-08-07 12:11:35.648483','2024-08-07 12:11:35.648493',28),(54,_binary '\0',1564,'2024-08-07 12:11:35.649795','2024-08-07 12:11:35.649806',28),(55,_binary '\0',1565,'2024-08-07 12:11:35.651281','2024-08-07 12:11:35.651291',28),(56,_binary '\0',1566,'2024-08-07 12:11:35.652586','2024-08-07 12:11:35.652597',28),(57,_binary '\0',1567,'2024-08-07 12:11:35.653955','2024-08-07 12:11:35.653967',28),(58,_binary '\0',1568,'2024-08-07 12:11:35.655372','2024-08-07 12:11:35.655383',28),(1,_binary '',1569,'2024-08-07 22:56:51.634039','2024-08-07 22:57:57.299943',29),(2,_binary '',1570,'2024-08-07 22:56:51.636257','2024-08-07 22:58:20.805914',29),(3,_binary '\0',1571,'2024-08-07 22:56:51.638080','2024-08-07 22:56:51.638105',29),(4,_binary '\0',1572,'2024-08-07 22:56:51.640020','2024-08-07 22:56:51.640037',29),(5,_binary '',1573,'2024-08-07 22:56:51.645044','2024-08-14 00:33:56.747987',29),(6,_binary '',1574,'2024-08-07 22:56:51.646860','2024-08-14 00:34:28.646076',29),(7,_binary '\0',1575,'2024-08-07 22:56:51.648657','2024-08-07 22:56:51.648674',29),(8,_binary '\0',1576,'2024-08-07 22:56:51.650691','2024-08-07 22:56:51.650708',29),(9,_binary '\0',1577,'2024-08-07 22:56:51.652647','2024-08-07 22:56:51.652664',29),(10,_binary '\0',1578,'2024-08-07 22:56:51.654679','2024-08-07 22:56:51.654697',29),(11,_binary '\0',1579,'2024-08-07 22:56:51.656482','2024-08-07 22:56:51.656499',29),(12,_binary '\0',1580,'2024-08-07 22:56:51.658164','2024-08-07 22:56:51.658181',29),(13,_binary '\0',1581,'2024-08-07 22:56:51.660114','2024-08-07 22:56:51.660130',29),(14,_binary '\0',1582,'2024-08-07 22:56:51.661938','2024-08-07 22:56:51.661955',29),(16,_binary '',1583,'2024-08-07 22:56:51.663849','2024-08-07 22:58:38.707828',29),(17,_binary '\0',1584,'2024-08-07 22:56:51.665616','2024-08-07 22:56:51.665633',29),(19,_binary '\0',1585,'2024-08-07 22:56:51.667350','2024-08-07 22:56:51.667368',29),(20,_binary '\0',1586,'2024-08-07 22:56:51.669077','2024-08-07 22:56:51.669103',29),(21,_binary '\0',1587,'2024-08-07 22:56:51.671085','2024-08-07 22:56:51.671100',29),(22,_binary '\0',1588,'2024-08-07 22:56:51.673011','2024-08-07 22:56:51.673028',29),(23,_binary '\0',1589,'2024-08-07 22:56:51.674801','2024-08-07 22:56:51.674818',29),(24,_binary '\0',1590,'2024-08-07 22:56:51.676603','2024-08-07 22:56:51.676619',29),(25,_binary '\0',1591,'2024-08-07 22:56:51.678367','2024-08-07 22:56:51.678383',29),(26,_binary '\0',1592,'2024-08-07 22:56:51.680080','2024-08-07 22:56:51.680099',29),(27,_binary '\0',1593,'2024-08-07 22:56:51.681925','2024-08-07 22:56:51.681941',29),(28,_binary '\0',1594,'2024-08-07 22:56:51.683951','2024-08-07 22:56:51.683968',29),(29,_binary '\0',1595,'2024-08-07 22:56:51.685871','2024-08-07 22:56:51.685888',29),(30,_binary '\0',1596,'2024-08-07 22:56:51.687789','2024-08-07 22:56:51.687805',29),(31,_binary '\0',1597,'2024-08-07 22:56:51.693834','2024-08-07 22:56:51.693851',29),(32,_binary '\0',1598,'2024-08-07 22:56:51.695752','2024-08-07 22:56:51.695770',29),(33,_binary '\0',1599,'2024-08-07 22:56:51.697738','2024-08-07 22:56:51.697754',29),(34,_binary '\0',1600,'2024-08-07 22:56:51.699715','2024-08-07 22:56:51.699730',29),(35,_binary '\0',1601,'2024-08-07 22:56:51.701690','2024-08-07 22:56:51.701706',29),(36,_binary '\0',1602,'2024-08-07 22:56:51.703694','2024-08-07 22:56:51.703711',29),(37,_binary '\0',1603,'2024-08-07 22:56:51.705660','2024-08-07 22:56:51.705679',29),(38,_binary '\0',1604,'2024-08-07 22:56:51.707588','2024-08-07 22:56:51.707608',29),(39,_binary '\0',1605,'2024-08-07 22:56:51.709484','2024-08-07 22:56:51.709500',29),(40,_binary '\0',1606,'2024-08-07 22:56:51.711389','2024-08-07 22:56:51.711405',29),(41,_binary '\0',1607,'2024-08-07 22:56:51.713322','2024-08-07 22:56:51.713337',29),(42,_binary '\0',1608,'2024-08-07 22:56:51.715285','2024-08-07 22:56:51.715302',29),(43,_binary '\0',1609,'2024-08-07 22:56:51.717217','2024-08-07 22:56:51.717236',29),(44,_binary '\0',1610,'2024-08-07 22:56:51.719133','2024-08-07 22:56:51.719149',29),(45,_binary '\0',1611,'2024-08-07 22:56:51.720969','2024-08-07 22:56:51.720986',29),(46,_binary '\0',1612,'2024-08-07 22:56:51.722870','2024-08-07 22:56:51.722887',29),(47,_binary '\0',1613,'2024-08-07 22:56:51.724874','2024-08-07 22:56:51.724890',29),(48,_binary '\0',1614,'2024-08-07 22:56:51.726945','2024-08-07 22:56:51.726964',29),(49,_binary '\0',1615,'2024-08-07 22:56:51.729374','2024-08-07 22:56:51.729390',29),(50,_binary '\0',1616,'2024-08-07 22:56:51.731219','2024-08-07 22:56:51.731235',29),(51,_binary '\0',1617,'2024-08-07 22:56:51.733079','2024-08-07 22:56:51.733095',29),(52,_binary '\0',1618,'2024-08-07 22:56:51.735002','2024-08-07 22:56:51.735022',29),(53,_binary '\0',1619,'2024-08-07 22:56:51.736946','2024-08-07 22:56:51.736965',29),(54,_binary '\0',1620,'2024-08-07 22:56:51.738862','2024-08-07 22:56:51.738878',29),(55,_binary '\0',1621,'2024-08-07 22:56:51.740832','2024-08-07 22:56:51.740848',29),(56,_binary '\0',1622,'2024-08-07 22:56:51.742821','2024-08-07 22:56:51.742837',29),(57,_binary '\0',1623,'2024-08-07 22:56:51.744633','2024-08-07 22:56:51.744655',29),(58,_binary '\0',1624,'2024-08-07 22:56:51.746589','2024-08-07 22:56:51.746607',29),(1,_binary '\0',1625,'2024-08-09 09:40:55.274421','2024-08-09 09:40:55.274459',30),(2,_binary '\0',1626,'2024-08-09 09:40:55.277057','2024-08-09 09:40:55.277082',30),(3,_binary '\0',1627,'2024-08-09 09:40:55.279108','2024-08-09 09:40:55.279132',30),(4,_binary '\0',1628,'2024-08-09 09:40:55.281908','2024-08-09 09:40:55.281932',30),(5,_binary '\0',1629,'2024-08-09 09:40:55.284016','2024-08-09 09:40:55.284039',30),(6,_binary '\0',1630,'2024-08-09 09:40:55.286046','2024-08-09 09:40:55.286076',30),(7,_binary '\0',1631,'2024-08-09 09:40:55.288081','2024-08-09 09:40:55.288105',30),(8,_binary '\0',1632,'2024-08-09 09:40:55.290224','2024-08-09 09:40:55.290248',30),(9,_binary '\0',1633,'2024-08-09 09:40:55.292306','2024-08-09 09:40:55.292331',30),(10,_binary '\0',1634,'2024-08-09 09:40:55.294385','2024-08-09 09:40:55.294409',30),(11,_binary '\0',1635,'2024-08-09 09:40:55.296500','2024-08-09 09:40:55.296524',30),(12,_binary '\0',1636,'2024-08-09 09:40:55.298737','2024-08-09 09:40:55.298763',30),(13,_binary '\0',1637,'2024-08-09 09:40:55.300991','2024-08-09 09:40:55.301043',30),(14,_binary '\0',1638,'2024-08-09 09:40:55.303150','2024-08-09 09:40:55.303197',30),(16,_binary '\0',1639,'2024-08-09 09:40:55.305200','2024-08-09 09:40:55.305220',30),(17,_binary '\0',1640,'2024-08-09 09:40:55.307298','2024-08-09 09:40:55.307319',30),(19,_binary '\0',1641,'2024-08-09 09:40:55.309322','2024-08-09 09:40:55.309372',30),(20,_binary '\0',1642,'2024-08-09 09:40:55.311423','2024-08-09 09:40:55.311452',30),(21,_binary '\0',1643,'2024-08-09 09:40:55.313377','2024-08-09 09:40:55.313397',30),(22,_binary '\0',1644,'2024-08-09 09:40:55.315457','2024-08-09 09:40:55.315477',30),(23,_binary '\0',1645,'2024-08-09 09:40:55.317390','2024-08-09 09:40:55.317413',30),(24,_binary '\0',1646,'2024-08-09 09:40:55.319327','2024-08-09 09:40:55.319348',30),(25,_binary '\0',1647,'2024-08-09 09:40:55.321237','2024-08-09 09:40:55.321258',30),(26,_binary '\0',1648,'2024-08-09 09:40:55.323302','2024-08-09 09:40:55.323323',30),(27,_binary '\0',1649,'2024-08-09 09:40:55.325486','2024-08-09 09:40:55.325507',30),(28,_binary '\0',1650,'2024-08-09 09:40:55.328088','2024-08-09 09:40:55.328108',30),(29,_binary '\0',1651,'2024-08-09 09:40:55.330085','2024-08-09 09:40:55.330143',30),(30,_binary '\0',1652,'2024-08-09 09:40:55.332030','2024-08-09 09:40:55.332059',30),(31,_binary '\0',1653,'2024-08-09 09:40:55.334272','2024-08-09 09:40:55.334294',30),(32,_binary '\0',1654,'2024-08-09 09:40:55.336294','2024-08-09 09:40:55.336317',30),(33,_binary '\0',1655,'2024-08-09 09:40:55.338284','2024-08-09 09:40:55.338304',30),(34,_binary '\0',1656,'2024-08-09 09:40:55.340018','2024-08-09 09:40:55.340038',30),(35,_binary '\0',1657,'2024-08-09 09:40:55.341846','2024-08-09 09:40:55.341867',30),(36,_binary '\0',1658,'2024-08-09 09:40:55.343603','2024-08-09 09:40:55.343623',30),(37,_binary '\0',1659,'2024-08-09 09:40:55.345442','2024-08-09 09:40:55.345462',30),(38,_binary '\0',1660,'2024-08-09 09:40:55.347212','2024-08-09 09:40:55.347231',30),(39,_binary '\0',1661,'2024-08-09 09:40:55.349622','2024-08-09 09:40:55.349641',30),(40,_binary '\0',1662,'2024-08-09 09:40:55.351434','2024-08-09 09:40:55.351457',30),(41,_binary '\0',1663,'2024-08-09 09:40:55.353242','2024-08-09 09:40:55.353261',30),(42,_binary '\0',1664,'2024-08-09 09:40:55.354990','2024-08-09 09:40:55.355010',30),(43,_binary '\0',1665,'2024-08-09 09:40:55.356818','2024-08-09 09:40:55.356840',30),(44,_binary '\0',1666,'2024-08-09 09:40:55.359018','2024-08-09 09:40:55.359038',30),(45,_binary '\0',1667,'2024-08-09 09:40:55.360959','2024-08-09 09:40:55.360979',30),(46,_binary '\0',1668,'2024-08-09 09:40:55.362785','2024-08-09 09:40:55.362804',30),(47,_binary '\0',1669,'2024-08-09 09:40:55.364687','2024-08-09 09:40:55.364707',30),(48,_binary '\0',1670,'2024-08-09 09:40:55.366556','2024-08-09 09:40:55.366577',30),(49,_binary '\0',1671,'2024-08-09 09:40:55.368539','2024-08-09 09:40:55.368560',30),(50,_binary '\0',1672,'2024-08-09 09:40:55.370770','2024-08-09 09:40:55.370790',30),(51,_binary '\0',1673,'2024-08-09 09:40:55.372543','2024-08-09 09:40:55.372563',30),(52,_binary '\0',1674,'2024-08-09 09:40:55.374183','2024-08-09 09:40:55.374203',30),(53,_binary '\0',1675,'2024-08-09 09:40:55.375901','2024-08-09 09:40:55.375922',30),(54,_binary '\0',1676,'2024-08-09 09:40:55.377669','2024-08-09 09:40:55.377689',30),(55,_binary '\0',1677,'2024-08-09 09:40:55.379475','2024-08-09 09:40:55.379494',30),(56,_binary '\0',1678,'2024-08-09 09:40:55.381274','2024-08-09 09:40:55.381294',30),(57,_binary '\0',1679,'2024-08-09 09:40:55.383043','2024-08-09 09:40:55.383063',30),(58,_binary '\0',1680,'2024-08-09 09:40:55.384775','2024-08-09 09:40:55.384795',30),(1,_binary '\0',1681,'2024-08-09 12:05:22.292242','2024-08-09 12:05:22.292280',31),(2,_binary '\0',1682,'2024-08-09 12:05:22.294657','2024-08-09 12:05:22.294682',31),(3,_binary '\0',1683,'2024-08-09 12:05:22.296662','2024-08-09 12:05:22.296687',31),(4,_binary '\0',1684,'2024-08-09 12:05:22.298592','2024-08-09 12:05:22.298617',31),(5,_binary '\0',1685,'2024-08-09 12:05:22.300639','2024-08-09 12:05:22.300671',31),(6,_binary '\0',1686,'2024-08-09 12:05:22.302556','2024-08-09 12:05:22.302602',31),(7,_binary '\0',1687,'2024-08-09 12:05:22.304693','2024-08-09 12:05:22.304718',31),(8,_binary '\0',1688,'2024-08-09 12:05:22.306643','2024-08-09 12:05:22.306675',31),(9,_binary '\0',1689,'2024-08-09 12:05:22.308916','2024-08-09 12:05:22.308946',31),(10,_binary '\0',1690,'2024-08-09 12:05:22.310966','2024-08-09 12:05:22.310998',31),(11,_binary '\0',1691,'2024-08-09 12:05:22.312997','2024-08-09 12:05:22.313022',31),(12,_binary '\0',1692,'2024-08-09 12:05:22.315111','2024-08-09 12:05:22.315138',31),(13,_binary '\0',1693,'2024-08-09 12:05:22.317195','2024-08-09 12:05:22.317222',31),(14,_binary '\0',1694,'2024-08-09 12:05:22.320298','2024-08-09 12:05:22.320325',31),(16,_binary '\0',1695,'2024-08-09 12:05:22.322415','2024-08-09 12:05:22.322441',31),(17,_binary '\0',1696,'2024-08-09 12:05:22.324331','2024-08-09 12:05:22.324355',31),(19,_binary '\0',1697,'2024-08-09 12:05:22.326293','2024-08-09 12:05:22.326319',31),(20,_binary '\0',1698,'2024-08-09 12:05:22.328599','2024-08-09 12:05:22.328631',31),(21,_binary '\0',1699,'2024-08-09 12:05:22.330945','2024-08-09 12:05:22.330970',31),(22,_binary '\0',1700,'2024-08-09 12:05:22.332985','2024-08-09 12:05:22.333009',31),(23,_binary '\0',1701,'2024-08-09 12:05:22.335052','2024-08-09 12:05:22.335075',31),(24,_binary '\0',1702,'2024-08-09 12:05:22.336981','2024-08-09 12:05:22.337024',31),(25,_binary '\0',1703,'2024-08-09 12:05:22.338854','2024-08-09 12:05:22.338877',31),(26,_binary '\0',1704,'2024-08-09 12:05:22.340760','2024-08-09 12:05:22.340786',31),(27,_binary '\0',1705,'2024-08-09 12:05:22.342576','2024-08-09 12:05:22.342599',31),(28,_binary '\0',1706,'2024-08-09 12:05:22.344435','2024-08-09 12:05:22.344462',31),(29,_binary '\0',1707,'2024-08-09 12:05:22.346375','2024-08-09 12:05:22.346399',31),(30,_binary '\0',1708,'2024-08-09 12:05:22.348357','2024-08-09 12:05:22.348380',31),(31,_binary '\0',1709,'2024-08-09 12:05:22.350238','2024-08-09 12:05:22.350261',31),(32,_binary '\0',1710,'2024-08-09 12:05:22.352760','2024-08-09 12:05:22.352783',31),(33,_binary '\0',1711,'2024-08-09 12:05:22.354531','2024-08-09 12:05:22.354554',31),(34,_binary '\0',1712,'2024-08-09 12:05:22.356275','2024-08-09 12:05:22.356298',31),(35,_binary '\0',1713,'2024-08-09 12:05:22.358101','2024-08-09 12:05:22.358125',31),(36,_binary '\0',1714,'2024-08-09 12:05:22.360032','2024-08-09 12:05:22.360056',31),(37,_binary '\0',1715,'2024-08-09 12:05:22.361937','2024-08-09 12:05:22.361959',31),(38,_binary '\0',1716,'2024-08-09 12:05:22.363837','2024-08-09 12:05:22.363861',31),(39,_binary '\0',1717,'2024-08-09 12:05:22.365620','2024-08-09 12:05:22.365645',31),(40,_binary '\0',1718,'2024-08-09 12:05:22.367669','2024-08-09 12:05:22.367694',31),(41,_binary '\0',1719,'2024-08-09 12:05:22.369536','2024-08-09 12:05:22.369566',31),(42,_binary '\0',1720,'2024-08-09 12:05:22.371431','2024-08-09 12:05:22.371465',31),(43,_binary '\0',1721,'2024-08-09 12:05:22.373341','2024-08-09 12:05:22.373366',31),(44,_binary '\0',1722,'2024-08-09 12:05:22.375345','2024-08-09 12:05:22.375366',31),(45,_binary '\0',1723,'2024-08-09 12:05:22.377339','2024-08-09 12:05:22.377362',31),(46,_binary '\0',1724,'2024-08-09 12:05:22.379336','2024-08-09 12:05:22.379358',31),(47,_binary '\0',1725,'2024-08-09 12:05:22.381283','2024-08-09 12:05:22.381305',31),(48,_binary '\0',1726,'2024-08-09 12:05:22.383826','2024-08-09 12:05:22.383852',31),(49,_binary '\0',1727,'2024-08-09 12:05:22.385973','2024-08-09 12:05:22.385996',31),(50,_binary '\0',1728,'2024-08-09 12:05:22.387943','2024-08-09 12:05:22.387966',31),(51,_binary '\0',1729,'2024-08-09 12:05:22.389871','2024-08-09 12:05:22.389894',31),(52,_binary '\0',1730,'2024-08-09 12:05:22.391754','2024-08-09 12:05:22.391776',31),(53,_binary '\0',1731,'2024-08-09 12:05:22.393725','2024-08-09 12:05:22.393748',31),(54,_binary '\0',1732,'2024-08-09 12:05:22.395967','2024-08-09 12:05:22.395991',31),(55,_binary '\0',1733,'2024-08-09 12:05:22.397960','2024-08-09 12:05:22.397987',31),(56,_binary '\0',1734,'2024-08-09 12:05:22.399795','2024-08-09 12:05:22.399820',31),(57,_binary '\0',1735,'2024-08-09 12:05:22.401952','2024-08-09 12:05:22.401974',31),(58,_binary '\0',1736,'2024-08-09 12:05:22.403819','2024-08-09 12:05:22.403842',31),(1,_binary '\0',1737,'2024-08-09 12:05:51.720616','2024-08-09 12:05:51.720649',32),(2,_binary '\0',1738,'2024-08-09 12:05:51.723069','2024-08-09 12:05:51.723092',32),(3,_binary '\0',1739,'2024-08-09 12:05:51.724865','2024-08-09 12:05:51.724887',32),(4,_binary '\0',1740,'2024-08-09 12:05:51.726602','2024-08-09 12:05:51.726624',32),(5,_binary '\0',1741,'2024-08-09 12:05:51.728666','2024-08-09 12:05:51.728689',32),(6,_binary '\0',1742,'2024-08-09 12:05:51.730330','2024-08-09 12:05:51.730350',32),(7,_binary '\0',1743,'2024-08-09 12:05:51.732461','2024-08-09 12:05:51.732483',32),(8,_binary '\0',1744,'2024-08-09 12:05:51.734496','2024-08-09 12:05:51.734518',32),(9,_binary '\0',1745,'2024-08-09 12:05:51.736530','2024-08-09 12:05:51.736554',32),(10,_binary '\0',1746,'2024-08-09 12:05:51.738392','2024-08-09 12:05:51.738414',32),(11,_binary '\0',1747,'2024-08-09 12:05:51.740296','2024-08-09 12:05:51.740318',32),(12,_binary '\0',1748,'2024-08-09 12:05:51.742292','2024-08-09 12:05:51.742315',32),(13,_binary '\0',1749,'2024-08-09 12:05:51.743969','2024-08-09 12:05:51.743992',32),(14,_binary '\0',1750,'2024-08-09 12:05:51.745723','2024-08-09 12:05:51.745779',32),(16,_binary '\0',1751,'2024-08-09 12:05:51.747407','2024-08-09 12:05:51.747449',32),(17,_binary '\0',1752,'2024-08-09 12:05:51.749085','2024-08-09 12:05:51.749122',32),(19,_binary '\0',1753,'2024-08-09 12:05:51.750848','2024-08-09 12:05:51.750891',32),(20,_binary '\0',1754,'2024-08-09 12:05:51.752642','2024-08-09 12:05:51.752670',32),(21,_binary '\0',1755,'2024-08-09 12:05:51.754376','2024-08-09 12:05:51.754393',32),(22,_binary '',1756,'2024-08-09 12:05:51.756291','2024-08-14 12:15:06.854768',32),(23,_binary '\0',1757,'2024-08-09 12:05:51.758303','2024-08-09 12:05:51.758321',32),(24,_binary '\0',1758,'2024-08-09 12:05:51.760377','2024-08-09 12:05:51.760400',32),(25,_binary '\0',1759,'2024-08-09 12:05:51.762346','2024-08-09 12:05:51.762363',32),(26,_binary '\0',1760,'2024-08-09 12:05:51.764223','2024-08-09 12:05:51.764237',32),(27,_binary '\0',1761,'2024-08-09 12:05:51.766177','2024-08-09 12:05:51.766194',32),(28,_binary '\0',1762,'2024-08-09 12:05:51.767888','2024-08-09 12:05:51.767923',32),(29,_binary '\0',1763,'2024-08-09 12:05:51.770017','2024-08-09 12:05:51.770042',32),(30,_binary '\0',1764,'2024-08-09 12:05:51.771931','2024-08-09 12:05:51.771948',32),(31,_binary '\0',1765,'2024-08-09 12:05:51.773949','2024-08-09 12:05:51.773966',32),(32,_binary '\0',1766,'2024-08-09 12:05:51.775941','2024-08-09 12:05:51.775957',32),(33,_binary '\0',1767,'2024-08-09 12:05:51.777778','2024-08-09 12:05:51.777812',32),(34,_binary '\0',1768,'2024-08-09 12:05:51.779664','2024-08-09 12:05:51.779682',32),(35,_binary '\0',1769,'2024-08-09 12:05:51.781495','2024-08-09 12:05:51.781511',32),(36,_binary '\0',1770,'2024-08-09 12:05:51.783657','2024-08-09 12:05:51.783673',32),(37,_binary '\0',1771,'2024-08-09 12:05:51.785389','2024-08-09 12:05:51.785411',32),(38,_binary '\0',1772,'2024-08-09 12:05:51.787134','2024-08-09 12:05:51.787154',32),(39,_binary '\0',1773,'2024-08-09 12:05:51.789462','2024-08-09 12:05:51.789480',32),(40,_binary '\0',1774,'2024-08-09 12:05:51.791143','2024-08-09 12:05:51.791161',32),(41,_binary '\0',1775,'2024-08-09 12:05:51.793297','2024-08-09 12:05:51.793315',32),(42,_binary '\0',1776,'2024-08-09 12:05:51.795066','2024-08-09 12:05:51.795086',32),(43,_binary '\0',1777,'2024-08-09 12:05:51.796740','2024-08-09 12:05:51.796831',32),(44,_binary '\0',1778,'2024-08-09 12:05:51.798757','2024-08-09 12:05:51.798774',32),(45,_binary '\0',1779,'2024-08-09 12:05:51.800519','2024-08-09 12:05:51.800539',32),(46,_binary '\0',1780,'2024-08-09 12:05:51.802187','2024-08-09 12:05:51.802205',32),(47,_binary '\0',1781,'2024-08-09 12:05:51.803978','2024-08-09 12:05:51.803997',32),(48,_binary '\0',1782,'2024-08-09 12:05:51.805817','2024-08-09 12:05:51.805836',32),(49,_binary '\0',1783,'2024-08-09 12:05:51.807558','2024-08-09 12:05:51.807576',32),(50,_binary '\0',1784,'2024-08-09 12:05:51.809574','2024-08-09 12:05:51.809593',32),(51,_binary '\0',1785,'2024-08-09 12:05:51.811357','2024-08-09 12:05:51.811375',32),(52,_binary '\0',1786,'2024-08-09 12:05:51.813222','2024-08-09 12:05:51.813240',32),(53,_binary '\0',1787,'2024-08-09 12:05:51.815112','2024-08-09 12:05:51.815130',32),(54,_binary '\0',1788,'2024-08-09 12:05:51.816948','2024-08-09 12:05:51.816965',32),(55,_binary '\0',1789,'2024-08-09 12:05:51.818814','2024-08-09 12:05:51.818832',32),(56,_binary '\0',1790,'2024-08-09 12:05:51.820823','2024-08-09 12:05:51.820840',32),(57,_binary '\0',1791,'2024-08-09 12:05:51.822836','2024-08-09 12:05:51.822855',32),(58,_binary '\0',1792,'2024-08-09 12:05:51.825253','2024-08-09 12:05:51.825271',32),(1,_binary '\0',1793,'2024-08-09 14:48:36.459257','2024-08-09 14:48:36.459298',33),(2,_binary '\0',1794,'2024-08-09 14:48:36.462365','2024-08-09 14:48:36.462390',33),(3,_binary '\0',1795,'2024-08-09 14:48:36.465265','2024-08-09 14:48:36.465293',33),(4,_binary '\0',1796,'2024-08-09 14:48:36.468090','2024-08-09 14:48:36.468116',33),(5,_binary '\0',1797,'2024-08-09 14:48:36.470392','2024-08-09 14:48:36.470418',33),(6,_binary '\0',1798,'2024-08-09 14:48:36.472656','2024-08-09 14:48:36.472686',33),(7,_binary '\0',1799,'2024-08-09 14:48:36.475353','2024-08-09 14:48:36.475379',33),(8,_binary '\0',1800,'2024-08-09 14:48:36.477943','2024-08-09 14:48:36.477967',33),(9,_binary '\0',1801,'2024-08-09 14:48:36.480241','2024-08-09 14:48:36.480267',33),(10,_binary '\0',1802,'2024-08-09 14:48:36.483431','2024-08-09 14:48:36.483454',33),(11,_binary '\0',1803,'2024-08-09 14:48:36.490767','2024-08-09 14:48:36.490797',33),(12,_binary '\0',1804,'2024-08-09 14:48:36.493610','2024-08-09 14:48:36.493639',33),(13,_binary '\0',1805,'2024-08-09 14:48:36.495999','2024-08-09 14:48:36.496023',33),(14,_binary '\0',1806,'2024-08-09 14:48:36.498454','2024-08-09 14:48:36.498479',33),(16,_binary '\0',1807,'2024-08-09 14:48:36.500985','2024-08-09 14:48:36.501009',33),(17,_binary '\0',1808,'2024-08-09 14:48:36.503383','2024-08-09 14:48:36.503408',33),(19,_binary '\0',1809,'2024-08-09 14:48:36.506456','2024-08-09 14:48:36.506482',33),(20,_binary '\0',1810,'2024-08-09 14:48:36.508781','2024-08-09 14:48:36.508806',33),(21,_binary '\0',1811,'2024-08-09 14:48:36.511135','2024-08-09 14:48:36.511160',33),(22,_binary '\0',1812,'2024-08-09 14:48:36.514081','2024-08-09 14:48:36.514105',33),(23,_binary '\0',1813,'2024-08-09 14:48:36.516188','2024-08-09 14:48:36.516212',33),(24,_binary '\0',1814,'2024-08-09 14:48:36.518747','2024-08-09 14:48:36.518771',33),(25,_binary '\0',1815,'2024-08-09 14:48:36.520834','2024-08-09 14:48:36.520857',33),(26,_binary '\0',1816,'2024-08-09 14:48:36.522901','2024-08-09 14:48:36.522925',33),(27,_binary '\0',1817,'2024-08-09 14:48:36.525345','2024-08-09 14:48:36.525369',33),(28,_binary '\0',1818,'2024-08-09 14:48:36.527254','2024-08-09 14:48:36.527277',33),(29,_binary '\0',1819,'2024-08-09 14:48:36.529265','2024-08-09 14:48:36.529314',33),(30,_binary '\0',1820,'2024-08-09 14:48:36.531308','2024-08-09 14:48:36.531340',33),(31,_binary '\0',1821,'2024-08-09 14:48:36.533544','2024-08-09 14:48:36.533567',33),(32,_binary '\0',1822,'2024-08-09 14:48:36.535582','2024-08-09 14:48:36.535607',33),(33,_binary '\0',1823,'2024-08-09 14:48:36.537727','2024-08-09 14:48:36.537751',33),(34,_binary '\0',1824,'2024-08-09 14:48:36.539603','2024-08-09 14:48:36.539625',33),(35,_binary '\0',1825,'2024-08-09 14:48:36.541594','2024-08-09 14:48:36.541618',33),(36,_binary '\0',1826,'2024-08-09 14:48:36.543480','2024-08-09 14:48:36.543502',33),(37,_binary '\0',1827,'2024-08-09 14:48:36.546124','2024-08-09 14:48:36.546147',33),(38,_binary '\0',1828,'2024-08-09 14:48:36.548513','2024-08-09 14:48:36.548538',33),(39,_binary '\0',1829,'2024-08-09 14:48:36.550957','2024-08-09 14:48:36.550979',33),(40,_binary '\0',1830,'2024-08-09 14:48:36.553163','2024-08-09 14:48:36.553186',33),(41,_binary '\0',1831,'2024-08-09 14:48:36.555226','2024-08-09 14:48:36.555257',33),(42,_binary '\0',1832,'2024-08-09 14:48:36.557094','2024-08-09 14:48:36.557166',33),(43,_binary '\0',1833,'2024-08-09 14:48:36.559052','2024-08-09 14:48:36.559077',33),(44,_binary '\0',1834,'2024-08-09 14:48:36.560998','2024-08-09 14:48:36.561019',33),(45,_binary '\0',1835,'2024-08-09 14:48:36.562999','2024-08-09 14:48:36.563022',33),(46,_binary '\0',1836,'2024-08-09 14:48:36.565234','2024-08-09 14:48:36.565256',33),(47,_binary '\0',1837,'2024-08-09 14:48:36.567195','2024-08-09 14:48:36.567218',33),(48,_binary '\0',1838,'2024-08-09 14:48:36.569256','2024-08-09 14:48:36.569283',33),(49,_binary '\0',1839,'2024-08-09 14:48:36.571366','2024-08-09 14:48:36.571389',33),(50,_binary '\0',1840,'2024-08-09 14:48:36.573447','2024-08-09 14:48:36.573489',33),(51,_binary '\0',1841,'2024-08-09 14:48:36.575443','2024-08-09 14:48:36.575477',33),(52,_binary '\0',1842,'2024-08-09 14:48:36.577451','2024-08-09 14:48:36.577477',33),(53,_binary '\0',1843,'2024-08-09 14:48:36.580389','2024-08-09 14:48:36.580436',33),(54,_binary '\0',1844,'2024-08-09 14:48:36.582241','2024-08-09 14:48:36.582263',33),(55,_binary '\0',1845,'2024-08-09 14:48:36.584284','2024-08-09 14:48:36.584307',33),(56,_binary '\0',1846,'2024-08-09 14:48:36.586140','2024-08-09 14:48:36.586190',33),(57,_binary '\0',1847,'2024-08-09 14:48:36.587934','2024-08-09 14:48:36.587957',33),(58,_binary '\0',1848,'2024-08-09 14:48:36.589810','2024-08-09 14:48:36.589835',33),(1,_binary '',1849,'2024-08-09 15:21:06.679682','2024-08-13 14:08:30.306040',34),(2,_binary '',1850,'2024-08-09 15:21:06.682646','2024-08-13 14:52:05.155006',34),(3,_binary '',1851,'2024-08-09 15:21:06.684975','2024-08-13 14:53:36.663164',34),(4,_binary '\0',1852,'2024-08-09 15:21:06.687012','2024-08-09 15:21:06.687043',34),(5,_binary '\0',1853,'2024-08-09 15:21:06.689068','2024-08-09 15:21:06.689092',34),(6,_binary '\0',1854,'2024-08-09 15:21:06.690959','2024-08-09 15:21:06.690989',34),(7,_binary '\0',1855,'2024-08-09 15:21:06.692994','2024-08-09 15:21:06.693017',34),(8,_binary '\0',1856,'2024-08-09 15:21:06.695275','2024-08-09 15:21:06.695300',34),(9,_binary '\0',1857,'2024-08-09 15:21:06.697328','2024-08-09 15:21:06.697349',34),(10,_binary '\0',1858,'2024-08-09 15:21:06.700137','2024-08-09 15:21:06.700160',34),(11,_binary '\0',1859,'2024-08-09 15:21:06.702513','2024-08-09 15:21:06.702535',34),(12,_binary '\0',1860,'2024-08-09 15:21:06.704285','2024-08-09 15:21:06.704306',34),(13,_binary '\0',1861,'2024-08-09 15:21:06.706107','2024-08-09 15:21:06.706128',34),(14,_binary '\0',1862,'2024-08-09 15:21:06.708024','2024-08-09 15:21:06.708046',34),(16,_binary '\0',1863,'2024-08-09 15:21:06.709972','2024-08-09 15:21:06.709993',34),(17,_binary '\0',1864,'2024-08-09 15:21:06.711894','2024-08-09 15:21:06.711915',34),(19,_binary '\0',1865,'2024-08-09 15:21:06.713700','2024-08-09 15:21:06.713721',34),(20,_binary '\0',1866,'2024-08-09 15:21:06.715485','2024-08-09 15:21:06.715516',34),(21,_binary '\0',1867,'2024-08-09 15:21:06.717427','2024-08-09 15:21:06.717466',34),(22,_binary '\0',1868,'2024-08-09 15:21:06.719292','2024-08-09 15:21:06.719316',34),(23,_binary '\0',1869,'2024-08-09 15:21:06.721132','2024-08-09 15:21:06.721151',34),(24,_binary '\0',1870,'2024-08-09 15:21:06.723046','2024-08-09 15:21:06.723064',34),(25,_binary '\0',1871,'2024-08-09 15:21:06.725054','2024-08-09 15:21:06.725075',34),(26,_binary '\0',1872,'2024-08-09 15:21:06.726954','2024-08-09 15:21:06.726975',34),(27,_binary '\0',1873,'2024-08-09 15:21:06.728960','2024-08-09 15:21:06.728980',34),(28,_binary '\0',1874,'2024-08-09 15:21:06.730963','2024-08-09 15:21:06.730985',34),(29,_binary '\0',1875,'2024-08-09 15:21:06.732804','2024-08-09 15:21:06.732825',34),(30,_binary '\0',1876,'2024-08-09 15:21:06.735715','2024-08-09 15:21:06.735736',34),(31,_binary '\0',1877,'2024-08-09 15:21:06.737994','2024-08-09 15:21:06.738016',34),(32,_binary '\0',1878,'2024-08-09 15:21:06.740110','2024-08-09 15:21:06.740152',34),(33,_binary '\0',1879,'2024-08-09 15:21:06.742155','2024-08-09 15:21:06.742184',34),(34,_binary '\0',1880,'2024-08-09 15:21:06.744615','2024-08-09 15:21:06.744635',34),(35,_binary '\0',1881,'2024-08-09 15:21:06.746656','2024-08-09 15:21:06.746675',34),(36,_binary '\0',1882,'2024-08-09 15:21:06.748627','2024-08-09 15:21:06.748649',34),(37,_binary '\0',1883,'2024-08-09 15:21:06.750925','2024-08-09 15:21:06.750945',34),(38,_binary '\0',1884,'2024-08-09 15:21:06.752914','2024-08-09 15:21:06.752932',34),(39,_binary '\0',1885,'2024-08-09 15:21:06.754838','2024-08-09 15:21:06.754857',34),(40,_binary '\0',1886,'2024-08-09 15:21:06.756884','2024-08-09 15:21:06.756902',34),(41,_binary '\0',1887,'2024-08-09 15:21:06.760102','2024-08-09 15:21:06.760121',34),(42,_binary '\0',1888,'2024-08-09 15:21:06.762186','2024-08-09 15:21:06.762204',34),(43,_binary '\0',1889,'2024-08-09 15:21:06.764131','2024-08-09 15:21:06.764151',34),(44,_binary '\0',1890,'2024-08-09 15:21:06.766361','2024-08-09 15:21:06.766379',34),(45,_binary '\0',1891,'2024-08-09 15:21:06.768505','2024-08-09 15:21:06.768526',34),(46,_binary '\0',1892,'2024-08-09 15:21:06.770402','2024-08-09 15:21:06.770421',34),(47,_binary '\0',1893,'2024-08-09 15:21:06.772518','2024-08-09 15:21:06.772540',34),(48,_binary '\0',1894,'2024-08-09 15:21:06.774537','2024-08-09 15:21:06.774561',34),(49,_binary '\0',1895,'2024-08-09 15:21:06.776755','2024-08-09 15:21:06.776775',34),(50,_binary '\0',1896,'2024-08-09 15:21:06.779070','2024-08-09 15:21:06.779089',34),(51,_binary '\0',1897,'2024-08-09 15:21:06.781135','2024-08-09 15:21:06.781154',34),(52,_binary '\0',1898,'2024-08-09 15:21:06.783068','2024-08-09 15:21:06.783086',34),(53,_binary '\0',1899,'2024-08-09 15:21:06.784993','2024-08-09 15:21:06.785012',34),(54,_binary '\0',1900,'2024-08-09 15:21:06.786948','2024-08-09 15:21:06.786967',34),(55,_binary '\0',1901,'2024-08-09 15:21:06.788861','2024-08-09 15:21:06.788879',34),(56,_binary '\0',1902,'2024-08-09 15:21:06.790747','2024-08-09 15:21:06.790766',34),(57,_binary '\0',1903,'2024-08-09 15:21:06.792665','2024-08-09 15:21:06.792683',34),(58,_binary '\0',1904,'2024-08-09 15:21:06.794574','2024-08-09 15:21:06.794593',34),(1,_binary '\0',1905,'2024-08-09 15:22:21.444316','2024-08-09 15:22:21.444342',35),(2,_binary '\0',1906,'2024-08-09 15:22:21.446290','2024-08-09 15:22:21.446331',35),(3,_binary '\0',1907,'2024-08-09 15:22:21.448034','2024-08-09 15:22:21.448056',35),(4,_binary '\0',1908,'2024-08-09 15:22:21.449804','2024-08-09 15:22:21.449858',35),(5,_binary '\0',1909,'2024-08-09 15:22:21.451629','2024-08-09 15:22:21.451647',35),(6,_binary '\0',1910,'2024-08-09 15:22:21.453356','2024-08-09 15:22:21.453374',35),(7,_binary '\0',1911,'2024-08-09 15:22:21.455330','2024-08-09 15:22:21.455371',35),(8,_binary '\0',1912,'2024-08-09 15:22:21.457186','2024-08-09 15:22:21.457209',35),(9,_binary '\0',1913,'2024-08-09 15:22:21.458903','2024-08-09 15:22:21.458920',35),(10,_binary '\0',1914,'2024-08-09 15:22:21.460581','2024-08-09 15:22:21.460598',35),(11,_binary '\0',1915,'2024-08-09 15:22:21.462231','2024-08-09 15:22:21.462249',35),(12,_binary '\0',1916,'2024-08-09 15:22:21.463990','2024-08-09 15:22:21.464007',35),(13,_binary '\0',1917,'2024-08-09 15:22:21.465757','2024-08-09 15:22:21.465774',35),(14,_binary '\0',1918,'2024-08-09 15:22:21.467622','2024-08-09 15:22:21.467640',35),(16,_binary '\0',1919,'2024-08-09 15:22:21.469606','2024-08-09 15:22:21.469626',35),(17,_binary '\0',1920,'2024-08-09 15:22:21.471379','2024-08-09 15:22:21.471397',35),(19,_binary '\0',1921,'2024-08-09 15:22:21.473187','2024-08-09 15:22:21.473204',35),(20,_binary '\0',1922,'2024-08-09 15:22:21.474932','2024-08-09 15:22:21.474952',35),(21,_binary '\0',1923,'2024-08-09 15:22:21.476798','2024-08-09 15:22:21.476817',35),(22,_binary '\0',1924,'2024-08-09 15:22:21.478521','2024-08-09 15:22:21.478538',35),(23,_binary '\0',1925,'2024-08-09 15:22:21.480184','2024-08-09 15:22:21.480201',35),(24,_binary '\0',1926,'2024-08-09 15:22:21.481831','2024-08-09 15:22:21.481848',35),(25,_binary '\0',1927,'2024-08-09 15:22:21.483604','2024-08-09 15:22:21.483621',35),(26,_binary '\0',1928,'2024-08-09 15:22:21.485324','2024-08-09 15:22:21.485342',35),(27,_binary '\0',1929,'2024-08-09 15:22:21.486997','2024-08-09 15:22:21.487014',35),(28,_binary '\0',1930,'2024-08-09 15:22:21.488640','2024-08-09 15:22:21.488740',35),(29,_binary '\0',1931,'2024-08-09 15:22:21.490465','2024-08-09 15:22:21.490482',35),(30,_binary '\0',1932,'2024-08-09 15:22:21.492102','2024-08-09 15:22:21.492119',35),(31,_binary '\0',1933,'2024-08-09 15:22:21.493741','2024-08-09 15:22:21.493758',35),(32,_binary '\0',1934,'2024-08-09 15:22:21.495398','2024-08-09 15:22:21.495415',35),(33,_binary '\0',1935,'2024-08-09 15:22:21.496998','2024-08-09 15:22:21.497029',35),(34,_binary '\0',1936,'2024-08-09 15:22:21.498589','2024-08-09 15:22:21.498607',35),(35,_binary '\0',1937,'2024-08-09 15:22:21.511322','2024-08-09 15:22:21.511356',35),(36,_binary '\0',1938,'2024-08-09 15:22:21.514008','2024-08-09 15:22:21.514025',35),(37,_binary '\0',1939,'2024-08-09 15:22:21.515724','2024-08-09 15:22:21.515741',35),(38,_binary '\0',1940,'2024-08-09 15:22:21.517906','2024-08-09 15:22:21.517932',35),(39,_binary '\0',1941,'2024-08-09 15:22:21.520153','2024-08-09 15:22:21.520171',35),(40,_binary '\0',1942,'2024-08-09 15:22:21.521877','2024-08-09 15:22:21.521894',35),(41,_binary '\0',1943,'2024-08-09 15:22:21.523507','2024-08-09 15:22:21.523524',35),(42,_binary '\0',1944,'2024-08-09 15:22:21.525052','2024-08-09 15:22:21.525069',35),(43,_binary '\0',1945,'2024-08-09 15:22:21.526598','2024-08-09 15:22:21.526615',35),(44,_binary '\0',1946,'2024-08-09 15:22:21.528041','2024-08-09 15:22:21.528060',35),(45,_binary '\0',1947,'2024-08-09 15:22:21.529601','2024-08-09 15:22:21.529618',35),(46,_binary '\0',1948,'2024-08-09 15:22:21.531213','2024-08-09 15:22:21.531230',35),(47,_binary '\0',1949,'2024-08-09 15:22:21.532998','2024-08-09 15:22:21.533015',35),(48,_binary '\0',1950,'2024-08-09 15:22:21.534546','2024-08-09 15:22:21.534842',35),(49,_binary '\0',1951,'2024-08-09 15:22:21.536549','2024-08-09 15:22:21.536566',35),(50,_binary '\0',1952,'2024-08-09 15:22:21.538319','2024-08-09 15:22:21.538336',35),(51,_binary '\0',1953,'2024-08-09 15:22:21.540066','2024-08-09 15:22:21.540083',35),(52,_binary '\0',1954,'2024-08-09 15:22:21.541817','2024-08-09 15:22:21.541835',35),(53,_binary '\0',1955,'2024-08-09 15:22:21.543464','2024-08-09 15:22:21.543481',35),(54,_binary '\0',1956,'2024-08-09 15:22:21.545217','2024-08-09 15:22:21.545275',35),(55,_binary '\0',1957,'2024-08-09 15:22:21.546898','2024-08-09 15:22:21.546915',35),(56,_binary '\0',1958,'2024-08-09 15:22:21.548552','2024-08-09 15:22:21.548596',35),(57,_binary '\0',1959,'2024-08-09 15:22:21.550037','2024-08-09 15:22:21.550054',35),(58,_binary '\0',1960,'2024-08-09 15:22:21.551739','2024-08-09 15:22:21.551758',35),(1,_binary '\0',1961,'2024-08-09 16:52:54.996946','2024-08-09 16:52:54.996979',36),(2,_binary '\0',1962,'2024-08-09 16:52:54.999194','2024-08-09 16:52:54.999217',36),(3,_binary '\0',1963,'2024-08-09 16:52:55.001205','2024-08-09 16:52:55.001231',36),(4,_binary '\0',1964,'2024-08-09 16:52:55.003048','2024-08-09 16:52:55.003074',36),(5,_binary '\0',1965,'2024-08-09 16:52:55.005033','2024-08-09 16:52:55.005058',36),(6,_binary '\0',1966,'2024-08-09 16:52:55.006931','2024-08-09 16:52:55.006959',36),(7,_binary '\0',1967,'2024-08-09 16:52:55.008980','2024-08-09 16:52:55.009003',36),(8,_binary '\0',1968,'2024-08-09 16:52:55.011103','2024-08-09 16:52:55.011123',36),(9,_binary '\0',1969,'2024-08-09 16:52:55.013077','2024-08-09 16:52:55.013103',36),(10,_binary '\0',1970,'2024-08-09 16:52:55.014937','2024-08-09 16:52:55.014962',36),(11,_binary '\0',1971,'2024-08-09 16:52:55.016817','2024-08-09 16:52:55.016842',36),(12,_binary '\0',1972,'2024-08-09 16:52:55.018876','2024-08-09 16:52:55.018899',36),(13,_binary '\0',1973,'2024-08-09 16:52:55.021128','2024-08-09 16:52:55.021158',36),(14,_binary '\0',1974,'2024-08-09 16:52:55.023341','2024-08-09 16:52:55.023387',36),(16,_binary '\0',1975,'2024-08-09 16:52:55.025289','2024-08-09 16:52:55.025312',36),(17,_binary '\0',1976,'2024-08-09 16:52:55.027262','2024-08-09 16:52:55.027285',36),(19,_binary '\0',1977,'2024-08-09 16:52:55.029226','2024-08-09 16:52:55.029286',36),(20,_binary '\0',1978,'2024-08-09 16:52:55.031230','2024-08-09 16:52:55.031252',36),(21,_binary '\0',1979,'2024-08-09 16:52:55.033202','2024-08-09 16:52:55.033225',36),(22,_binary '\0',1980,'2024-08-09 16:52:55.035768','2024-08-09 16:52:55.035799',36),(23,_binary '\0',1981,'2024-08-09 16:52:55.037675','2024-08-09 16:52:55.037698',36),(24,_binary '\0',1982,'2024-08-09 16:52:55.039753','2024-08-09 16:52:55.039775',36),(25,_binary '\0',1983,'2024-08-09 16:52:55.041614','2024-08-09 16:52:55.041642',36),(26,_binary '\0',1984,'2024-08-09 16:52:55.044784','2024-08-09 16:52:55.044814',36),(27,_binary '\0',1985,'2024-08-09 16:52:55.047358','2024-08-09 16:52:55.047383',36),(28,_binary '\0',1986,'2024-08-09 16:52:55.049482','2024-08-09 16:52:55.049505',36),(29,_binary '\0',1987,'2024-08-09 16:52:55.051468','2024-08-09 16:52:55.051491',36),(30,_binary '\0',1988,'2024-08-09 16:52:55.053552','2024-08-09 16:52:55.053576',36),(31,_binary '\0',1989,'2024-08-09 16:52:55.055850','2024-08-09 16:52:55.055873',36),(32,_binary '\0',1990,'2024-08-09 16:52:55.057956','2024-08-09 16:52:55.057979',36),(33,_binary '\0',1991,'2024-08-09 16:52:55.060022','2024-08-09 16:52:55.060046',36),(34,_binary '\0',1992,'2024-08-09 16:52:55.062163','2024-08-09 16:52:55.062186',36),(35,_binary '\0',1993,'2024-08-09 16:52:55.064227','2024-08-09 16:52:55.064250',36),(36,_binary '\0',1994,'2024-08-09 16:52:55.066293','2024-08-09 16:52:55.066316',36),(37,_binary '\0',1995,'2024-08-09 16:52:55.068319','2024-08-09 16:52:55.068342',36),(38,_binary '\0',1996,'2024-08-09 16:52:55.070732','2024-08-09 16:52:55.070754',36),(39,_binary '\0',1997,'2024-08-09 16:52:55.074615','2024-08-09 16:52:55.074638',36),(40,_binary '\0',1998,'2024-08-09 16:52:55.076665','2024-08-09 16:52:55.076687',36),(41,_binary '\0',1999,'2024-08-09 16:52:55.078720','2024-08-09 16:52:55.078743',36),(42,_binary '\0',2000,'2024-08-09 16:52:55.080864','2024-08-09 16:52:55.080887',36),(43,_binary '\0',2001,'2024-08-09 16:52:55.082973','2024-08-09 16:52:55.082998',36),(44,_binary '\0',2002,'2024-08-09 16:52:55.085285','2024-08-09 16:52:55.085308',36),(45,_binary '\0',2003,'2024-08-09 16:52:55.087443','2024-08-09 16:52:55.087465',36),(46,_binary '\0',2004,'2024-08-09 16:52:55.089611','2024-08-09 16:52:55.089634',36),(47,_binary '\0',2005,'2024-08-09 16:52:55.092056','2024-08-09 16:52:55.092081',36),(48,_binary '\0',2006,'2024-08-09 16:52:55.094344','2024-08-09 16:52:55.094369',36),(49,_binary '\0',2007,'2024-08-09 16:52:55.096520','2024-08-09 16:52:55.096543',36),(50,_binary '\0',2008,'2024-08-09 16:52:55.098526','2024-08-09 16:52:55.098548',36),(51,_binary '\0',2009,'2024-08-09 16:52:55.100812','2024-08-09 16:52:55.100835',36),(52,_binary '\0',2010,'2024-08-09 16:52:55.103122','2024-08-09 16:52:55.103144',36),(53,_binary '\0',2011,'2024-08-09 16:52:55.105224','2024-08-09 16:52:55.105245',36),(54,_binary '\0',2012,'2024-08-09 16:52:55.107254','2024-08-09 16:52:55.107276',36),(55,_binary '\0',2013,'2024-08-09 16:52:55.109336','2024-08-09 16:52:55.109422',36),(56,_binary '\0',2014,'2024-08-09 16:52:55.111365','2024-08-09 16:52:55.111387',36),(57,_binary '\0',2015,'2024-08-09 16:52:55.113111','2024-08-09 16:52:55.113133',36),(58,_binary '\0',2016,'2024-08-09 16:52:55.115030','2024-08-09 16:52:55.115052',36),(1,_binary '\0',2017,'2024-08-09 16:59:57.821876','2024-08-09 16:59:57.821904',37),(2,_binary '\0',2018,'2024-08-09 16:59:57.824033','2024-08-09 16:59:57.824054',37),(3,_binary '\0',2019,'2024-08-09 16:59:57.825838','2024-08-09 16:59:57.825858',37),(4,_binary '\0',2020,'2024-08-09 16:59:57.827569','2024-08-09 16:59:57.827589',37),(5,_binary '\0',2021,'2024-08-09 16:59:57.829394','2024-08-09 16:59:57.829414',37),(6,_binary '\0',2022,'2024-08-09 16:59:57.831114','2024-08-09 16:59:57.831141',37),(7,_binary '\0',2023,'2024-08-09 16:59:57.832968','2024-08-09 16:59:57.832988',37),(8,_binary '\0',2024,'2024-08-09 16:59:57.835018','2024-08-09 16:59:57.835037',37),(9,_binary '\0',2025,'2024-08-09 16:59:57.836728','2024-08-09 16:59:57.836748',37),(10,_binary '\0',2026,'2024-08-09 16:59:57.838652','2024-08-09 16:59:57.838672',37),(11,_binary '\0',2027,'2024-08-09 16:59:57.841057','2024-08-09 16:59:57.841081',37),(12,_binary '\0',2028,'2024-08-09 16:59:57.842875','2024-08-09 16:59:57.842895',37),(13,_binary '\0',2029,'2024-08-09 16:59:57.844646','2024-08-09 16:59:57.844666',37),(14,_binary '\0',2030,'2024-08-09 16:59:57.846782','2024-08-09 16:59:57.846803',37),(16,_binary '\0',2031,'2024-08-09 16:59:57.849138','2024-08-09 16:59:57.849166',37),(17,_binary '\0',2032,'2024-08-09 16:59:57.851264','2024-08-09 16:59:57.851285',37),(19,_binary '\0',2033,'2024-08-09 16:59:57.853346','2024-08-09 16:59:57.853369',37),(20,_binary '\0',2034,'2024-08-09 16:59:57.855365','2024-08-09 16:59:57.855385',37),(21,_binary '\0',2035,'2024-08-09 16:59:57.857476','2024-08-09 16:59:57.857542',37),(22,_binary '\0',2036,'2024-08-09 16:59:57.859488','2024-08-09 16:59:57.859509',37),(23,_binary '\0',2037,'2024-08-09 16:59:57.861470','2024-08-09 16:59:57.861491',37),(24,_binary '\0',2038,'2024-08-09 16:59:57.863690','2024-08-09 16:59:57.863717',37),(25,_binary '\0',2039,'2024-08-09 16:59:57.869099','2024-08-09 16:59:57.869122',37),(26,_binary '\0',2040,'2024-08-09 16:59:57.871065','2024-08-09 16:59:57.871087',37),(27,_binary '\0',2041,'2024-08-09 16:59:57.873502','2024-08-09 16:59:57.873526',37),(28,_binary '\0',2042,'2024-08-09 16:59:57.875672','2024-08-09 16:59:57.875696',37),(29,_binary '\0',2043,'2024-08-09 16:59:57.877826','2024-08-09 16:59:57.877850',37),(30,_binary '\0',2044,'2024-08-09 16:59:57.880156','2024-08-09 16:59:57.880317',37),(31,_binary '\0',2045,'2024-08-09 16:59:57.882649','2024-08-09 16:59:57.882689',37),(32,_binary '\0',2046,'2024-08-09 16:59:57.885028','2024-08-09 16:59:57.885051',37),(33,_binary '\0',2047,'2024-08-09 16:59:57.892991','2024-08-09 16:59:57.893013',37),(34,_binary '\0',2048,'2024-08-09 16:59:57.894854','2024-08-09 16:59:57.894906',37),(35,_binary '\0',2049,'2024-08-09 16:59:57.897249','2024-08-09 16:59:57.897273',37),(36,_binary '\0',2050,'2024-08-09 16:59:57.899113','2024-08-09 16:59:57.899130',37),(37,_binary '\0',2051,'2024-08-09 16:59:57.901072','2024-08-09 16:59:57.901089',37),(38,_binary '\0',2052,'2024-08-09 16:59:57.903016','2024-08-09 16:59:57.903033',37),(39,_binary '\0',2053,'2024-08-09 16:59:57.904860','2024-08-09 16:59:57.904877',37),(40,_binary '\0',2054,'2024-08-09 16:59:57.906781','2024-08-09 16:59:57.906798',37),(41,_binary '\0',2055,'2024-08-09 16:59:57.908780','2024-08-09 16:59:57.908797',37),(42,_binary '\0',2056,'2024-08-09 16:59:57.910668','2024-08-09 16:59:57.910685',37),(43,_binary '\0',2057,'2024-08-09 16:59:57.912482','2024-08-09 16:59:57.912503',37),(44,_binary '\0',2058,'2024-08-09 16:59:57.914283','2024-08-09 16:59:57.914301',37),(45,_binary '\0',2059,'2024-08-09 16:59:57.916185','2024-08-09 16:59:57.916206',37),(46,_binary '\0',2060,'2024-08-09 16:59:57.918100','2024-08-09 16:59:57.918117',37),(47,_binary '\0',2061,'2024-08-09 16:59:57.920134','2024-08-09 16:59:57.920151',37),(48,_binary '\0',2062,'2024-08-09 16:59:57.922216','2024-08-09 16:59:57.922239',37),(49,_binary '\0',2063,'2024-08-09 16:59:57.925215','2024-08-09 16:59:57.925232',37),(50,_binary '\0',2064,'2024-08-09 16:59:57.926972','2024-08-09 16:59:57.926989',37),(51,_binary '\0',2065,'2024-08-09 16:59:57.929334','2024-08-09 16:59:57.929355',37),(52,_binary '\0',2066,'2024-08-09 16:59:57.931562','2024-08-09 16:59:57.931580',37),(53,_binary '\0',2067,'2024-08-09 16:59:57.933330','2024-08-09 16:59:57.933348',37),(54,_binary '\0',2068,'2024-08-09 16:59:57.935181','2024-08-09 16:59:57.935199',37),(55,_binary '\0',2069,'2024-08-09 16:59:57.937041','2024-08-09 16:59:57.937059',37),(56,_binary '\0',2070,'2024-08-09 16:59:57.938855','2024-08-09 16:59:57.938873',37),(57,_binary '\0',2071,'2024-08-09 16:59:57.940941','2024-08-09 16:59:57.940963',37),(58,_binary '\0',2072,'2024-08-09 16:59:57.942833','2024-08-09 16:59:57.942851',37),(1,_binary '\0',2073,'2024-08-10 09:43:55.143711','2024-08-10 09:43:55.143726',38),(2,_binary '\0',2074,'2024-08-10 09:43:55.145392','2024-08-10 09:43:55.145406',38),(3,_binary '\0',2075,'2024-08-10 09:43:55.147241','2024-08-10 09:43:55.147254',38),(4,_binary '\0',2076,'2024-08-10 09:43:55.148836','2024-08-10 09:43:55.148850',38),(5,_binary '\0',2077,'2024-08-10 09:43:55.150314','2024-08-10 09:43:55.150327',38),(6,_binary '\0',2078,'2024-08-10 09:43:55.151811','2024-08-10 09:43:55.151825',38),(7,_binary '\0',2079,'2024-08-10 09:43:55.153417','2024-08-10 09:43:55.153432',38),(8,_binary '\0',2080,'2024-08-10 09:43:55.154957','2024-08-10 09:43:55.154970',38),(9,_binary '\0',2081,'2024-08-10 09:43:55.156451','2024-08-10 09:43:55.156497',38),(10,_binary '\0',2082,'2024-08-10 09:43:55.158075','2024-08-10 09:43:55.158088',38),(11,_binary '\0',2083,'2024-08-10 09:43:55.159538','2024-08-10 09:43:55.159549',38),(12,_binary '\0',2084,'2024-08-10 09:43:55.161022','2024-08-10 09:43:55.161035',38),(13,_binary '\0',2085,'2024-08-10 09:43:55.162556','2024-08-10 09:43:55.162568',38),(14,_binary '\0',2086,'2024-08-10 09:43:55.164080','2024-08-10 09:43:55.164092',38),(16,_binary '\0',2087,'2024-08-10 09:43:55.165690','2024-08-10 09:43:55.165703',38),(17,_binary '\0',2088,'2024-08-10 09:43:55.167217','2024-08-10 09:43:55.167229',38),(19,_binary '\0',2089,'2024-08-10 09:43:55.168898','2024-08-10 09:43:55.168910',38),(20,_binary '\0',2090,'2024-08-10 09:43:55.170402','2024-08-10 09:43:55.170414',38),(21,_binary '\0',2091,'2024-08-10 09:43:55.172013','2024-08-10 09:43:55.172027',38),(22,_binary '\0',2092,'2024-08-10 09:43:55.173717','2024-08-10 09:43:55.173729',38),(23,_binary '\0',2093,'2024-08-10 09:43:55.175333','2024-08-10 09:43:55.175346',38),(24,_binary '\0',2094,'2024-08-10 09:43:55.177056','2024-08-10 09:43:55.177068',38),(25,_binary '\0',2095,'2024-08-10 09:43:55.178783','2024-08-10 09:43:55.178797',38),(26,_binary '\0',2096,'2024-08-10 09:43:55.186906','2024-08-10 09:43:55.186924',38),(27,_binary '\0',2097,'2024-08-10 09:43:55.189143','2024-08-10 09:43:55.189157',38),(28,_binary '\0',2098,'2024-08-10 09:43:55.190894','2024-08-10 09:43:55.190907',38),(29,_binary '\0',2099,'2024-08-10 09:43:55.192736','2024-08-10 09:43:55.192749',38),(30,_binary '\0',2100,'2024-08-10 09:43:55.194424','2024-08-10 09:43:55.194457',38),(31,_binary '\0',2101,'2024-08-10 09:43:55.196197','2024-08-10 09:43:55.196209',38),(32,_binary '\0',2102,'2024-08-10 09:43:55.197880','2024-08-10 09:43:55.197894',38),(33,_binary '\0',2103,'2024-08-10 09:43:55.199617','2024-08-10 09:43:55.199629',38),(34,_binary '\0',2104,'2024-08-10 09:43:55.201232','2024-08-10 09:43:55.201244',38),(35,_binary '\0',2105,'2024-08-10 09:43:55.205190','2024-08-10 09:43:55.205205',38),(36,_binary '\0',2106,'2024-08-10 09:43:55.206730','2024-08-10 09:43:55.206742',38),(37,_binary '\0',2107,'2024-08-10 09:43:55.208344','2024-08-10 09:43:55.208356',38),(38,_binary '\0',2108,'2024-08-10 09:43:55.210289','2024-08-10 09:43:55.210301',38),(39,_binary '\0',2109,'2024-08-10 09:43:55.212121','2024-08-10 09:43:55.212134',38),(40,_binary '\0',2110,'2024-08-10 09:43:55.214045','2024-08-10 09:43:55.214057',38),(41,_binary '\0',2111,'2024-08-10 09:43:55.215857','2024-08-10 09:43:55.215869',38),(42,_binary '\0',2112,'2024-08-10 09:43:55.217624','2024-08-10 09:43:55.217637',38),(43,_binary '\0',2113,'2024-08-10 09:43:55.219486','2024-08-10 09:43:55.219501',38),(44,_binary '\0',2114,'2024-08-10 09:43:55.221356','2024-08-10 09:43:55.221368',38),(45,_binary '\0',2115,'2024-08-10 09:43:55.222978','2024-08-10 09:43:55.222995',38),(46,_binary '\0',2116,'2024-08-10 09:43:55.224864','2024-08-10 09:43:55.224876',38),(47,_binary '\0',2117,'2024-08-10 09:43:55.226520','2024-08-10 09:43:55.226532',38),(48,_binary '\0',2118,'2024-08-10 09:43:55.228335','2024-08-10 09:43:55.228347',38),(49,_binary '\0',2119,'2024-08-10 09:43:55.230106','2024-08-10 09:43:55.230119',38),(50,_binary '\0',2120,'2024-08-10 09:43:55.231752','2024-08-10 09:43:55.231764',38),(51,_binary '\0',2121,'2024-08-10 09:43:55.233526','2024-08-10 09:43:55.233538',38),(52,_binary '\0',2122,'2024-08-10 09:43:55.235215','2024-08-10 09:43:55.235226',38),(53,_binary '\0',2123,'2024-08-10 09:43:55.236959','2024-08-10 09:43:55.236971',38),(54,_binary '\0',2124,'2024-08-10 09:43:55.238692','2024-08-10 09:43:55.238704',38),(55,_binary '\0',2125,'2024-08-10 09:43:55.240568','2024-08-10 09:43:55.240581',38),(56,_binary '\0',2126,'2024-08-10 09:43:55.242340','2024-08-10 09:43:55.242353',38),(57,_binary '\0',2127,'2024-08-10 09:43:55.244004','2024-08-10 09:43:55.244016',38),(58,_binary '\0',2128,'2024-08-10 09:43:55.245870','2024-08-10 09:43:55.245882',38),(1,_binary '',2129,'2024-08-10 09:45:10.365524','2024-08-15 16:20:57.133263',39),(2,_binary '\0',2130,'2024-08-10 09:45:10.367127','2024-08-10 09:45:10.367140',39),(3,_binary '\0',2131,'2024-08-10 09:45:10.368711','2024-08-10 09:45:10.368723',39),(4,_binary '\0',2132,'2024-08-10 09:45:10.370233','2024-08-10 09:45:10.370246',39),(5,_binary '\0',2133,'2024-08-10 09:45:10.371885','2024-08-10 09:45:10.371897',39),(6,_binary '\0',2134,'2024-08-10 09:45:10.373353','2024-08-10 09:45:10.373366',39),(7,_binary '\0',2135,'2024-08-10 09:45:10.374799','2024-08-10 09:45:10.374812',39),(8,_binary '\0',2136,'2024-08-10 09:45:10.376212','2024-08-10 09:45:10.376224',39),(9,_binary '\0',2137,'2024-08-10 09:45:10.377702','2024-08-10 09:45:10.377714',39),(10,_binary '\0',2138,'2024-08-10 09:45:10.379160','2024-08-10 09:45:10.379173',39),(11,_binary '\0',2139,'2024-08-10 09:45:10.380818','2024-08-10 09:45:10.380830',39),(12,_binary '\0',2140,'2024-08-10 09:45:10.382288','2024-08-10 09:45:10.382300',39),(13,_binary '\0',2141,'2024-08-10 09:45:10.383707','2024-08-10 09:45:10.383719',39),(14,_binary '\0',2142,'2024-08-10 09:45:10.385165','2024-08-10 09:45:10.385178',39),(16,_binary '\0',2143,'2024-08-10 09:45:10.386637','2024-08-10 09:45:10.386650',39),(17,_binary '\0',2144,'2024-08-10 09:45:10.388053','2024-08-10 09:45:10.388065',39),(19,_binary '\0',2145,'2024-08-10 09:45:10.389518','2024-08-10 09:45:10.389530',39),(20,_binary '\0',2146,'2024-08-10 09:45:10.391015','2024-08-10 09:45:10.391028',39),(21,_binary '\0',2147,'2024-08-10 09:45:10.392448','2024-08-10 09:45:10.392461',39),(22,_binary '\0',2148,'2024-08-10 09:45:10.393939','2024-08-10 09:45:10.393952',39),(23,_binary '\0',2149,'2024-08-10 09:45:10.395365','2024-08-10 09:45:10.395378',39),(24,_binary '\0',2150,'2024-08-10 09:45:10.396865','2024-08-10 09:45:10.396878',39),(25,_binary '\0',2151,'2024-08-10 09:45:10.398265','2024-08-10 09:45:10.398277',39),(26,_binary '\0',2152,'2024-08-10 09:45:10.399701','2024-08-10 09:45:10.399712',39),(27,_binary '\0',2153,'2024-08-10 09:45:10.401274','2024-08-10 09:45:10.401286',39),(28,_binary '\0',2154,'2024-08-10 09:45:10.402764','2024-08-10 09:45:10.402776',39),(29,_binary '\0',2155,'2024-08-10 09:45:10.404393','2024-08-10 09:45:10.404434',39),(30,_binary '\0',2156,'2024-08-10 09:45:10.405921','2024-08-10 09:45:10.405933',39),(31,_binary '\0',2157,'2024-08-10 09:45:10.407391','2024-08-10 09:45:10.407404',39),(32,_binary '\0',2158,'2024-08-10 09:45:10.413182','2024-08-10 09:45:10.413234',39),(33,_binary '\0',2159,'2024-08-10 09:45:10.415328','2024-08-10 09:45:10.415359',39),(34,_binary '\0',2160,'2024-08-10 09:45:10.417190','2024-08-10 09:45:10.417204',39),(35,_binary '\0',2161,'2024-08-10 09:45:10.419077','2024-08-10 09:45:10.419093',39),(36,_binary '\0',2162,'2024-08-10 09:45:10.420996','2024-08-10 09:45:10.421009',39),(37,_binary '\0',2163,'2024-08-10 09:45:10.423019','2024-08-10 09:45:10.423033',39),(38,_binary '\0',2164,'2024-08-10 09:45:10.424815','2024-08-10 09:45:10.424827',39),(39,_binary '\0',2165,'2024-08-10 09:45:10.426851','2024-08-10 09:45:10.426864',39),(40,_binary '\0',2166,'2024-08-10 09:45:10.428824','2024-08-10 09:45:10.428836',39),(41,_binary '\0',2167,'2024-08-10 09:45:10.430622','2024-08-10 09:45:10.430634',39),(42,_binary '\0',2168,'2024-08-10 09:45:10.432361','2024-08-10 09:45:10.432373',39),(43,_binary '\0',2169,'2024-08-10 09:45:10.434217','2024-08-10 09:45:10.434229',39),(44,_binary '\0',2170,'2024-08-10 09:45:10.436126','2024-08-10 09:45:10.436140',39),(45,_binary '\0',2171,'2024-08-10 09:45:10.438197','2024-08-10 09:45:10.438210',39),(46,_binary '\0',2172,'2024-08-10 09:45:10.440061','2024-08-10 09:45:10.440074',39),(47,_binary '\0',2173,'2024-08-10 09:45:10.441742','2024-08-10 09:45:10.441755',39),(48,_binary '\0',2174,'2024-08-10 09:45:10.443424','2024-08-10 09:45:10.443437',39),(49,_binary '\0',2175,'2024-08-10 09:45:10.445156','2024-08-10 09:45:10.445168',39),(50,_binary '\0',2176,'2024-08-10 09:45:10.446595','2024-08-10 09:45:10.446607',39),(51,_binary '\0',2177,'2024-08-10 09:45:10.451047','2024-08-10 09:45:10.451060',39),(52,_binary '\0',2178,'2024-08-10 09:45:10.452630','2024-08-10 09:45:10.452642',39),(53,_binary '\0',2179,'2024-08-10 09:45:10.454031','2024-08-10 09:45:10.454043',39),(54,_binary '\0',2180,'2024-08-10 09:45:10.455686','2024-08-10 09:45:10.455699',39),(55,_binary '\0',2181,'2024-08-10 09:45:10.457147','2024-08-10 09:45:10.457159',39),(56,_binary '\0',2182,'2024-08-10 09:45:10.458679','2024-08-10 09:45:10.458710',39),(57,_binary '\0',2183,'2024-08-10 09:45:10.460109','2024-08-10 09:45:10.460121',39),(58,_binary '\0',2184,'2024-08-10 09:45:10.461525','2024-08-10 09:45:10.461537',39),(1,_binary '\0',2185,'2024-08-11 17:58:15.667372','2024-08-11 17:58:15.667390',40),(2,_binary '\0',2186,'2024-08-11 17:58:15.669583','2024-08-11 17:58:15.669597',40),(3,_binary '\0',2187,'2024-08-11 17:58:15.671319','2024-08-11 17:58:15.671332',40),(4,_binary '\0',2188,'2024-08-11 17:58:15.673006','2024-08-11 17:58:15.673020',40),(5,_binary '\0',2189,'2024-08-11 17:58:15.674732','2024-08-11 17:58:15.674746',40),(6,_binary '\0',2190,'2024-08-11 17:58:15.676492','2024-08-11 17:58:15.676505',40),(7,_binary '\0',2191,'2024-08-11 17:58:15.678248','2024-08-11 17:58:15.678262',40),(8,_binary '\0',2192,'2024-08-11 17:58:15.680070','2024-08-11 17:58:15.680084',40),(9,_binary '\0',2193,'2024-08-11 17:58:15.682221','2024-08-11 17:58:15.682236',40),(10,_binary '\0',2194,'2024-08-11 17:58:15.684763','2024-08-11 17:58:15.684777',40),(11,_binary '\0',2195,'2024-08-11 17:58:15.687425','2024-08-11 17:58:15.687438',40),(12,_binary '\0',2196,'2024-08-11 17:58:15.700869','2024-08-11 17:58:15.700883',40),(13,_binary '\0',2197,'2024-08-11 17:58:15.702565','2024-08-11 17:58:15.702578',40),(14,_binary '\0',2198,'2024-08-11 17:58:15.704030','2024-08-11 17:58:15.704044',40),(16,_binary '\0',2199,'2024-08-11 17:58:15.705554','2024-08-11 17:58:15.705567',40),(17,_binary '\0',2200,'2024-08-11 17:58:15.707163','2024-08-11 17:58:15.707176',40),(19,_binary '\0',2201,'2024-08-11 17:58:15.708710','2024-08-11 17:58:15.708724',40),(20,_binary '\0',2202,'2024-08-11 17:58:15.710407','2024-08-11 17:58:15.710421',40),(21,_binary '\0',2203,'2024-08-11 17:58:15.712238','2024-08-11 17:58:15.712251',40),(22,_binary '\0',2204,'2024-08-11 17:58:15.714048','2024-08-11 17:58:15.714062',40),(23,_binary '\0',2205,'2024-08-11 17:58:15.715940','2024-08-11 17:58:15.715953',40),(24,_binary '\0',2206,'2024-08-11 17:58:15.717404','2024-08-11 17:58:15.717417',40),(25,_binary '\0',2207,'2024-08-11 17:58:15.719159','2024-08-11 17:58:15.719173',40),(26,_binary '\0',2208,'2024-08-11 17:58:15.720845','2024-08-11 17:58:15.720858',40),(27,_binary '\0',2209,'2024-08-11 17:58:15.722594','2024-08-11 17:58:15.722607',40),(28,_binary '\0',2210,'2024-08-11 17:58:15.724195','2024-08-11 17:58:15.724209',40),(29,_binary '\0',2211,'2024-08-11 17:58:15.725976','2024-08-11 17:58:15.725989',40),(30,_binary '\0',2212,'2024-08-11 17:58:15.727543','2024-08-11 17:58:15.727556',40),(31,_binary '\0',2213,'2024-08-11 17:58:15.729179','2024-08-11 17:58:15.729192',40),(32,_binary '\0',2214,'2024-08-11 17:58:15.730808','2024-08-11 17:58:15.730821',40),(33,_binary '\0',2215,'2024-08-11 17:58:15.732524','2024-08-11 17:58:15.732537',40),(34,_binary '\0',2216,'2024-08-11 17:58:15.734264','2024-08-11 17:58:15.734277',40),(35,_binary '\0',2217,'2024-08-11 17:58:15.735823','2024-08-11 17:58:15.735836',40),(36,_binary '\0',2218,'2024-08-11 17:58:15.737497','2024-08-11 17:58:15.737510',40),(37,_binary '\0',2219,'2024-08-11 17:58:15.739105','2024-08-11 17:58:15.739118',40),(38,_binary '\0',2220,'2024-08-11 17:58:15.740929','2024-08-11 17:58:15.740942',40),(39,_binary '\0',2221,'2024-08-11 17:58:15.742484','2024-08-11 17:58:15.742497',40),(40,_binary '\0',2222,'2024-08-11 17:58:15.744692','2024-08-11 17:58:15.744710',40),(41,_binary '\0',2223,'2024-08-11 17:58:15.746853','2024-08-11 17:58:15.746866',40),(42,_binary '\0',2224,'2024-08-11 17:58:15.748626','2024-08-11 17:58:15.748638',40),(43,_binary '\0',2225,'2024-08-11 17:58:15.750583','2024-08-11 17:58:15.750599',40),(44,_binary '\0',2226,'2024-08-11 17:58:15.752542','2024-08-11 17:58:15.752555',40),(45,_binary '\0',2227,'2024-08-11 17:58:15.754132','2024-08-11 17:58:15.754146',40),(46,_binary '\0',2228,'2024-08-11 17:58:15.755693','2024-08-11 17:58:15.755706',40),(47,_binary '\0',2229,'2024-08-11 17:58:15.757312','2024-08-11 17:58:15.757326',40),(48,_binary '\0',2230,'2024-08-11 17:58:15.758963','2024-08-11 17:58:15.758978',40),(49,_binary '\0',2231,'2024-08-11 17:58:15.760578','2024-08-11 17:58:15.760591',40),(50,_binary '\0',2232,'2024-08-11 17:58:15.762184','2024-08-11 17:58:15.762197',40),(51,_binary '\0',2233,'2024-08-11 17:58:15.763657','2024-08-11 17:58:15.763671',40),(52,_binary '\0',2234,'2024-08-11 17:58:15.765175','2024-08-11 17:58:15.765188',40),(53,_binary '\0',2235,'2024-08-11 17:58:15.766692','2024-08-11 17:58:15.766705',40),(54,_binary '\0',2236,'2024-08-11 17:58:15.768244','2024-08-11 17:58:15.768256',40),(55,_binary '\0',2237,'2024-08-11 17:58:15.769741','2024-08-11 17:58:15.769755',40),(56,_binary '\0',2238,'2024-08-11 17:58:15.771250','2024-08-11 17:58:15.771263',40),(57,_binary '\0',2239,'2024-08-11 17:58:15.772800','2024-08-11 17:58:15.772812',40),(58,_binary '\0',2240,'2024-08-11 17:58:15.774309','2024-08-11 17:58:15.774323',40),(1,_binary '\0',2241,'2024-08-13 17:22:48.420148','2024-08-13 17:22:48.420168',41),(2,_binary '\0',2242,'2024-08-13 17:22:48.421856','2024-08-13 17:22:48.421878',41),(3,_binary '\0',2243,'2024-08-13 17:22:48.423495','2024-08-13 17:22:48.423512',41),(4,_binary '\0',2244,'2024-08-13 17:22:48.425107','2024-08-13 17:22:48.425123',41),(5,_binary '\0',2245,'2024-08-13 17:22:48.426706','2024-08-13 17:22:48.426722',41),(6,_binary '\0',2246,'2024-08-13 17:22:48.428315','2024-08-13 17:22:48.428331',41),(7,_binary '\0',2247,'2024-08-13 17:22:48.430065','2024-08-13 17:22:48.430081',41),(8,_binary '\0',2248,'2024-08-13 17:22:48.431594','2024-08-13 17:22:48.431610',41),(9,_binary '\0',2249,'2024-08-13 17:22:48.433334','2024-08-13 17:22:48.433382',41),(10,_binary '\0',2250,'2024-08-13 17:22:48.435025','2024-08-13 17:22:48.435057',41),(11,_binary '\0',2251,'2024-08-13 17:22:48.436726','2024-08-13 17:22:48.436742',41),(12,_binary '\0',2252,'2024-08-13 17:22:48.438711','2024-08-13 17:22:48.438727',41),(13,_binary '\0',2253,'2024-08-13 17:22:48.440446','2024-08-13 17:22:48.440461',41),(14,_binary '\0',2254,'2024-08-13 17:22:48.442023','2024-08-13 17:22:48.442038',41),(16,_binary '\0',2255,'2024-08-13 17:22:48.443650','2024-08-13 17:22:48.443666',41),(17,_binary '\0',2256,'2024-08-13 17:22:48.445263','2024-08-13 17:22:48.445279',41),(19,_binary '\0',2257,'2024-08-13 17:22:48.447012','2024-08-13 17:22:48.447027',41),(20,_binary '\0',2258,'2024-08-13 17:22:48.448609','2024-08-13 17:22:48.448625',41),(21,_binary '\0',2259,'2024-08-13 17:22:48.450211','2024-08-13 17:22:48.450226',41),(22,_binary '\0',2260,'2024-08-13 17:22:48.451863','2024-08-13 17:22:48.451885',41),(23,_binary '\0',2261,'2024-08-13 17:22:48.453436','2024-08-13 17:22:48.453452',41),(24,_binary '\0',2262,'2024-08-13 17:22:48.454968','2024-08-13 17:22:48.454984',41),(25,_binary '\0',2263,'2024-08-13 17:22:48.456529','2024-08-13 17:22:48.456565',41),(26,_binary '\0',2264,'2024-08-13 17:22:48.458221','2024-08-13 17:22:48.458255',41),(27,_binary '\0',2265,'2024-08-13 17:22:48.459965','2024-08-13 17:22:48.459982',41),(28,_binary '\0',2266,'2024-08-13 17:22:48.461715','2024-08-13 17:22:48.461733',41),(29,_binary '\0',2267,'2024-08-13 17:22:48.463585','2024-08-13 17:22:48.463679',41),(30,_binary '\0',2268,'2024-08-13 17:22:48.465331','2024-08-13 17:22:48.465378',41),(31,_binary '\0',2269,'2024-08-13 17:22:48.467055','2024-08-13 17:22:48.467072',41),(32,_binary '\0',2270,'2024-08-13 17:22:48.468661','2024-08-13 17:22:48.468697',41),(33,_binary '\0',2271,'2024-08-13 17:22:48.470512','2024-08-13 17:22:48.470543',41),(34,_binary '\0',2272,'2024-08-13 17:22:48.472626','2024-08-13 17:22:48.472640',41),(35,_binary '\0',2273,'2024-08-13 17:22:48.474207','2024-08-13 17:22:48.474221',41),(36,_binary '\0',2274,'2024-08-13 17:22:48.475810','2024-08-13 17:22:48.475824',41),(37,_binary '\0',2275,'2024-08-13 17:22:48.477547','2024-08-13 17:22:48.477562',41),(38,_binary '\0',2276,'2024-08-13 17:22:48.479102','2024-08-13 17:22:48.479139',41),(39,_binary '\0',2277,'2024-08-13 17:22:48.480678','2024-08-13 17:22:48.480693',41),(40,_binary '\0',2278,'2024-08-13 17:22:48.482282','2024-08-13 17:22:48.482297',41),(41,_binary '\0',2279,'2024-08-13 17:22:48.483967','2024-08-13 17:22:48.483981',41),(42,_binary '\0',2280,'2024-08-13 17:22:48.485579','2024-08-13 17:22:48.485594',41),(43,_binary '\0',2281,'2024-08-13 17:22:48.487094','2024-08-13 17:22:48.487110',41),(44,_binary '\0',2282,'2024-08-13 17:22:48.488835','2024-08-13 17:22:48.488850',41),(45,_binary '\0',2283,'2024-08-13 17:22:48.490440','2024-08-13 17:22:48.490455',41),(46,_binary '\0',2284,'2024-08-13 17:22:48.492011','2024-08-13 17:22:48.492025',41),(47,_binary '\0',2285,'2024-08-13 17:22:48.493725','2024-08-13 17:22:48.493742',41),(48,_binary '\0',2286,'2024-08-13 17:22:48.495311','2024-08-13 17:22:48.495324',41),(49,_binary '\0',2287,'2024-08-13 17:22:48.496954','2024-08-13 17:22:48.496968',41),(50,_binary '\0',2288,'2024-08-13 17:22:48.498510','2024-08-13 17:22:48.498532',41),(51,_binary '\0',2289,'2024-08-13 17:22:48.500093','2024-08-13 17:22:48.500107',41),(52,_binary '\0',2290,'2024-08-13 17:22:48.501664','2024-08-13 17:22:48.501678',41),(53,_binary '\0',2291,'2024-08-13 17:22:48.503328','2024-08-13 17:22:48.503343',41),(54,_binary '\0',2292,'2024-08-13 17:22:48.504928','2024-08-13 17:22:48.504943',41),(55,_binary '\0',2293,'2024-08-13 17:22:48.506495','2024-08-13 17:22:48.506509',41),(56,_binary '\0',2294,'2024-08-13 17:22:48.508101','2024-08-13 17:22:48.508150',41),(57,_binary '\0',2295,'2024-08-13 17:22:48.509773','2024-08-13 17:22:48.509788',41),(58,_binary '\0',2296,'2024-08-13 17:22:48.511377','2024-08-13 17:22:48.511391',41),(1,_binary '\0',2297,'2024-08-14 10:39:12.076129','2024-08-14 10:39:12.076165',42),(2,_binary '\0',2298,'2024-08-14 10:39:12.078559','2024-08-14 10:39:12.078584',42),(3,_binary '\0',2299,'2024-08-14 10:39:12.080555','2024-08-14 10:39:12.080580',42),(4,_binary '\0',2300,'2024-08-14 10:39:12.082527','2024-08-14 10:39:12.082553',42),(5,_binary '\0',2301,'2024-08-14 10:39:12.084606','2024-08-14 10:39:12.084631',42),(6,_binary '\0',2302,'2024-08-14 10:39:12.086524','2024-08-14 10:39:12.086563',42),(7,_binary '\0',2303,'2024-08-14 10:39:12.088454','2024-08-14 10:39:12.088478',42),(8,_binary '\0',2304,'2024-08-14 10:39:12.090401','2024-08-14 10:39:12.090424',42),(9,_binary '\0',2305,'2024-08-14 10:39:12.092270','2024-08-14 10:39:12.092294',42),(10,_binary '\0',2306,'2024-08-14 10:39:12.094176','2024-08-14 10:39:12.094201',42),(11,_binary '\0',2307,'2024-08-14 10:39:12.096327','2024-08-14 10:39:12.096351',42),(12,_binary '\0',2308,'2024-08-14 10:39:12.098358','2024-08-14 10:39:12.098382',42),(13,_binary '\0',2309,'2024-08-14 10:39:12.100264','2024-08-14 10:39:12.100288',42),(14,_binary '\0',2310,'2024-08-14 10:39:12.102260','2024-08-14 10:39:12.102285',42),(16,_binary '\0',2311,'2024-08-14 10:39:12.104246','2024-08-14 10:39:12.104270',42),(17,_binary '\0',2312,'2024-08-14 10:39:12.106282','2024-08-14 10:39:12.106307',42),(19,_binary '\0',2313,'2024-08-14 10:39:12.108168','2024-08-14 10:39:12.108192',42),(20,_binary '\0',2314,'2024-08-14 10:39:12.110199','2024-08-14 10:39:12.110223',42),(21,_binary '\0',2315,'2024-08-14 10:39:12.112194','2024-08-14 10:39:12.112219',42),(22,_binary '\0',2316,'2024-08-14 10:39:12.114235','2024-08-14 10:39:12.114259',42),(23,_binary '\0',2317,'2024-08-14 10:39:12.116148','2024-08-14 10:39:12.116172',42),(24,_binary '\0',2318,'2024-08-14 10:39:12.118135','2024-08-14 10:39:12.118159',42),(25,_binary '\0',2319,'2024-08-14 10:39:12.120150','2024-08-14 10:39:12.120174',42),(26,_binary '\0',2320,'2024-08-14 10:39:12.122262','2024-08-14 10:39:12.122287',42),(27,_binary '\0',2321,'2024-08-14 10:39:12.124262','2024-08-14 10:39:12.124287',42),(28,_binary '\0',2322,'2024-08-14 10:39:12.129345','2024-08-14 10:39:12.129369',42),(29,_binary '\0',2323,'2024-08-14 10:39:12.131467','2024-08-14 10:39:12.131492',42),(30,_binary '\0',2324,'2024-08-14 10:39:12.133592','2024-08-14 10:39:12.133615',42),(31,_binary '\0',2325,'2024-08-14 10:39:12.139033','2024-08-14 10:39:12.139156',42),(32,_binary '\0',2326,'2024-08-14 10:39:12.141223','2024-08-14 10:39:12.141247',42),(33,_binary '\0',2327,'2024-08-14 10:39:12.143272','2024-08-14 10:39:12.143296',42),(34,_binary '\0',2328,'2024-08-14 10:39:12.145280','2024-08-14 10:39:12.145302',42),(35,_binary '\0',2329,'2024-08-14 10:39:12.147287','2024-08-14 10:39:12.147309',42),(36,_binary '\0',2330,'2024-08-14 10:39:12.149663','2024-08-14 10:39:12.149688',42),(37,_binary '\0',2331,'2024-08-14 10:39:12.152096','2024-08-14 10:39:12.152120',42),(38,_binary '\0',2332,'2024-08-14 10:39:12.155458','2024-08-14 10:39:12.155482',42),(39,_binary '\0',2333,'2024-08-14 10:39:12.157692','2024-08-14 10:39:12.157714',42),(40,_binary '\0',2334,'2024-08-14 10:39:12.159796','2024-08-14 10:39:12.159818',42),(41,_binary '\0',2335,'2024-08-14 10:39:12.162120','2024-08-14 10:39:12.162143',42),(42,_binary '\0',2336,'2024-08-14 10:39:12.164238','2024-08-14 10:39:12.164259',42),(43,_binary '\0',2337,'2024-08-14 10:39:12.166403','2024-08-14 10:39:12.166426',42),(44,_binary '\0',2338,'2024-08-14 10:39:12.168495','2024-08-14 10:39:12.168517',42),(45,_binary '\0',2339,'2024-08-14 10:39:12.170661','2024-08-14 10:39:12.170713',42),(46,_binary '\0',2340,'2024-08-14 10:39:12.172923','2024-08-14 10:39:12.172942',42),(47,_binary '\0',2341,'2024-08-14 10:39:12.174933','2024-08-14 10:39:12.174952',42),(48,_binary '\0',2342,'2024-08-14 10:39:12.177037','2024-08-14 10:39:12.177058',42),(49,_binary '\0',2343,'2024-08-14 10:39:12.179340','2024-08-14 10:39:12.179359',42),(50,_binary '\0',2344,'2024-08-14 10:39:12.181417','2024-08-14 10:39:12.181436',42),(51,_binary '\0',2345,'2024-08-14 10:39:12.183485','2024-08-14 10:39:12.183505',42),(52,_binary '\0',2346,'2024-08-14 10:39:12.185568','2024-08-14 10:39:12.185588',42),(53,_binary '\0',2347,'2024-08-14 10:39:12.187691','2024-08-14 10:39:12.187710',42),(54,_binary '\0',2348,'2024-08-14 10:39:12.189594','2024-08-14 10:39:12.189613',42),(55,_binary '\0',2349,'2024-08-14 10:39:12.191663','2024-08-14 10:39:12.191687',42),(56,_binary '\0',2350,'2024-08-14 10:39:12.193744','2024-08-14 10:39:12.193765',42),(57,_binary '\0',2351,'2024-08-14 10:39:12.195878','2024-08-14 10:39:12.195898',42),(58,_binary '\0',2352,'2024-08-14 10:39:12.199246','2024-08-14 10:39:12.199268',42),(1,_binary '\0',2353,'2024-08-14 17:25:18.577790','2024-08-14 17:25:18.577805',43),(2,_binary '\0',2354,'2024-08-14 17:25:18.579557','2024-08-14 17:25:18.579570',43),(3,_binary '\0',2355,'2024-08-14 17:25:18.581270','2024-08-14 17:25:18.581283',43),(4,_binary '\0',2356,'2024-08-14 17:25:18.583033','2024-08-14 17:25:18.583046',43),(5,_binary '\0',2357,'2024-08-14 17:25:18.584888','2024-08-14 17:25:18.584903',43),(6,_binary '\0',2358,'2024-08-14 17:25:18.586600','2024-08-14 17:25:18.586612',43),(7,_binary '\0',2359,'2024-08-14 17:25:18.588348','2024-08-14 17:25:18.588363',43),(8,_binary '\0',2360,'2024-08-14 17:25:18.590258','2024-08-14 17:25:18.590271',43),(9,_binary '\0',2361,'2024-08-14 17:25:18.592273','2024-08-14 17:25:18.592285',43),(10,_binary '\0',2362,'2024-08-14 17:25:18.593981','2024-08-14 17:25:18.594054',43),(11,_binary '\0',2363,'2024-08-14 17:25:18.595633','2024-08-14 17:25:18.595646',43),(12,_binary '\0',2364,'2024-08-14 17:25:18.597462','2024-08-14 17:25:18.597477',43),(13,_binary '\0',2365,'2024-08-14 17:25:18.599181','2024-08-14 17:25:18.599194',43),(14,_binary '\0',2366,'2024-08-14 17:25:18.600917','2024-08-14 17:25:18.600929',43),(16,_binary '\0',2367,'2024-08-14 17:25:18.602806','2024-08-14 17:25:18.602820',43),(17,_binary '\0',2368,'2024-08-14 17:25:18.605498','2024-08-14 17:25:18.605512',43),(19,_binary '\0',2369,'2024-08-14 17:25:18.606981','2024-08-14 17:25:18.606994',43),(20,_binary '\0',2370,'2024-08-14 17:25:18.608847','2024-08-14 17:25:18.608860',43),(21,_binary '\0',2371,'2024-08-14 17:25:18.610737','2024-08-14 17:25:18.610750',43),(22,_binary '\0',2372,'2024-08-14 17:25:18.612658','2024-08-14 17:25:18.612690',43),(23,_binary '\0',2373,'2024-08-14 17:25:18.615063','2024-08-14 17:25:18.615076',43),(24,_binary '\0',2374,'2024-08-14 17:25:18.616760','2024-08-14 17:25:18.616773',43),(25,_binary '\0',2375,'2024-08-14 17:25:18.618447','2024-08-14 17:25:18.618461',43),(26,_binary '\0',2376,'2024-08-14 17:25:18.620108','2024-08-14 17:25:18.620121',43),(27,_binary '\0',2377,'2024-08-14 17:25:18.621798','2024-08-14 17:25:18.621812',43),(28,_binary '\0',2378,'2024-08-14 17:25:18.623646','2024-08-14 17:25:18.623659',43),(29,_binary '\0',2379,'2024-08-14 17:25:18.625469','2024-08-14 17:25:18.625482',43),(30,_binary '\0',2380,'2024-08-14 17:25:18.627182','2024-08-14 17:25:18.627195',43),(31,_binary '\0',2381,'2024-08-14 17:25:18.628846','2024-08-14 17:25:18.628859',43),(32,_binary '\0',2382,'2024-08-14 17:25:18.630862','2024-08-14 17:25:18.630873',43),(33,_binary '\0',2383,'2024-08-14 17:25:18.632716','2024-08-14 17:25:18.632732',43),(34,_binary '\0',2384,'2024-08-14 17:25:18.634492','2024-08-14 17:25:18.634513',43),(35,_binary '\0',2385,'2024-08-14 17:25:18.636370','2024-08-14 17:25:18.636387',43),(36,_binary '\0',2386,'2024-08-14 17:25:18.638280','2024-08-14 17:25:18.638293',43),(37,_binary '\0',2387,'2024-08-14 17:25:18.640093','2024-08-14 17:25:18.640106',43),(38,_binary '\0',2388,'2024-08-14 17:25:18.641803','2024-08-14 17:25:18.641816',43),(39,_binary '\0',2389,'2024-08-14 17:25:18.643427','2024-08-14 17:25:18.643440',43),(40,_binary '\0',2390,'2024-08-14 17:25:18.645165','2024-08-14 17:25:18.645178',43),(41,_binary '\0',2391,'2024-08-14 17:25:18.647046','2024-08-14 17:25:18.647059',43),(42,_binary '\0',2392,'2024-08-14 17:25:18.648791','2024-08-14 17:25:18.648804',43),(43,_binary '\0',2393,'2024-08-14 17:25:18.650526','2024-08-14 17:25:18.650540',43),(44,_binary '\0',2394,'2024-08-14 17:25:18.652567','2024-08-14 17:25:18.652580',43),(45,_binary '\0',2395,'2024-08-14 17:25:18.654332','2024-08-14 17:25:18.654345',43),(46,_binary '\0',2396,'2024-08-14 17:25:18.656041','2024-08-14 17:25:18.656055',43),(47,_binary '\0',2397,'2024-08-14 17:25:18.657778','2024-08-14 17:25:18.657791',43),(48,_binary '\0',2398,'2024-08-14 17:25:18.659486','2024-08-14 17:25:18.659499',43),(49,_binary '\0',2399,'2024-08-14 17:25:18.661339','2024-08-14 17:25:18.661351',43),(50,_binary '\0',2400,'2024-08-14 17:25:18.663162','2024-08-14 17:25:18.663172',43),(51,_binary '\0',2401,'2024-08-14 17:25:18.665189','2024-08-14 17:25:18.665202',43),(52,_binary '\0',2402,'2024-08-14 17:25:18.666960','2024-08-14 17:25:18.666973',43),(53,_binary '\0',2403,'2024-08-14 17:25:18.668679','2024-08-14 17:25:18.668692',43),(54,_binary '\0',2404,'2024-08-14 17:25:18.670437','2024-08-14 17:25:18.670452',43),(55,_binary '\0',2405,'2024-08-14 17:25:18.672107','2024-08-14 17:25:18.672120',43),(56,_binary '\0',2406,'2024-08-14 17:25:18.673795','2024-08-14 17:25:18.673808',43),(57,_binary '\0',2407,'2024-08-14 17:25:18.675477','2024-08-14 17:25:18.675490',43),(58,_binary '\0',2408,'2024-08-14 17:25:18.677250','2024-08-14 17:25:18.677262',43),(1,_binary '\0',2409,'2024-08-15 14:34:57.322218','2024-08-15 14:34:57.322247',44),(2,_binary '\0',2410,'2024-08-15 14:34:57.324537','2024-08-15 14:34:57.324562',44),(3,_binary '\0',2411,'2024-08-15 14:34:57.326769','2024-08-15 14:34:57.326797',44),(4,_binary '\0',2412,'2024-08-15 14:34:57.328811','2024-08-15 14:34:57.328835',44),(5,_binary '\0',2413,'2024-08-15 14:34:57.330953','2024-08-15 14:34:57.330977',44),(6,_binary '\0',2414,'2024-08-15 14:34:57.333033','2024-08-15 14:34:57.333081',44),(7,_binary '\0',2415,'2024-08-15 14:34:57.335108','2024-08-15 14:34:57.335132',44),(8,_binary '\0',2416,'2024-08-15 14:34:57.337349','2024-08-15 14:34:57.337374',44),(9,_binary '\0',2417,'2024-08-15 14:34:57.339481','2024-08-15 14:34:57.339505',44),(10,_binary '\0',2418,'2024-08-15 14:34:57.342385','2024-08-15 14:34:57.342413',44),(11,_binary '\0',2419,'2024-08-15 14:34:57.344268','2024-08-15 14:34:57.344292',44),(12,_binary '\0',2420,'2024-08-15 14:34:57.346269','2024-08-15 14:34:57.346295',44),(13,_binary '\0',2421,'2024-08-15 14:34:57.348401','2024-08-15 14:34:57.348468',44),(14,_binary '\0',2422,'2024-08-15 14:34:57.350575','2024-08-15 14:34:57.350600',44),(16,_binary '\0',2423,'2024-08-15 14:34:57.352551','2024-08-15 14:34:57.352575',44),(17,_binary '\0',2424,'2024-08-15 14:34:57.354528','2024-08-15 14:34:57.354552',44),(19,_binary '\0',2425,'2024-08-15 14:34:57.356541','2024-08-15 14:34:57.356570',44),(20,_binary '\0',2426,'2024-08-15 14:34:57.358442','2024-08-15 14:34:57.358467',44),(21,_binary '\0',2427,'2024-08-15 14:34:57.360519','2024-08-15 14:34:57.360544',44),(22,_binary '\0',2428,'2024-08-15 14:34:57.362545','2024-08-15 14:34:57.362569',44),(23,_binary '\0',2429,'2024-08-15 14:34:57.364586','2024-08-15 14:34:57.364611',44),(24,_binary '\0',2430,'2024-08-15 14:34:57.366468','2024-08-15 14:34:57.366494',44),(25,_binary '\0',2431,'2024-08-15 14:34:57.368455','2024-08-15 14:34:57.368479',44),(26,_binary '\0',2432,'2024-08-15 14:34:57.370340','2024-08-15 14:34:57.370365',44),(27,_binary '\0',2433,'2024-08-15 14:34:57.372242','2024-08-15 14:34:57.372266',44),(28,_binary '\0',2434,'2024-08-15 14:34:57.374257','2024-08-15 14:34:57.374282',44),(29,_binary '\0',2435,'2024-08-15 14:34:57.376119','2024-08-15 14:34:57.376144',44),(30,_binary '\0',2436,'2024-08-15 14:34:57.378033','2024-08-15 14:34:57.378058',44),(31,_binary '\0',2437,'2024-08-15 14:34:57.380021','2024-08-15 14:34:57.380046',44),(32,_binary '\0',2438,'2024-08-15 14:34:57.381933','2024-08-15 14:34:57.381957',44),(33,_binary '\0',2439,'2024-08-15 14:34:57.384159','2024-08-15 14:34:57.384184',44),(34,_binary '\0',2440,'2024-08-15 14:34:57.386060','2024-08-15 14:34:57.386084',44),(35,_binary '\0',2441,'2024-08-15 14:34:57.388059','2024-08-15 14:34:57.388083',44),(36,_binary '\0',2442,'2024-08-15 14:34:57.390013','2024-08-15 14:34:57.390038',44),(37,_binary '\0',2443,'2024-08-15 14:34:57.392136','2024-08-15 14:34:57.392216',44),(38,_binary '\0',2444,'2024-08-15 14:34:57.394154','2024-08-15 14:34:57.394178',44),(39,_binary '\0',2445,'2024-08-15 14:34:57.396202','2024-08-15 14:34:57.396244',44),(40,_binary '\0',2446,'2024-08-15 14:34:57.398414','2024-08-15 14:34:57.398477',44),(41,_binary '\0',2447,'2024-08-15 14:34:57.400527','2024-08-15 14:34:57.400550',44),(42,_binary '\0',2448,'2024-08-15 14:34:57.402378','2024-08-15 14:34:57.402403',44),(43,_binary '\0',2449,'2024-08-15 14:34:57.404359','2024-08-15 14:34:57.404385',44),(44,_binary '\0',2450,'2024-08-15 14:34:57.406580','2024-08-15 14:34:57.406604',44),(45,_binary '\0',2451,'2024-08-15 14:34:57.408463','2024-08-15 14:34:57.408487',44),(46,_binary '\0',2452,'2024-08-15 14:34:57.410296','2024-08-15 14:34:57.410319',44),(47,_binary '\0',2453,'2024-08-15 14:34:57.412187','2024-08-15 14:34:57.412211',44),(48,_binary '\0',2454,'2024-08-15 14:34:57.414189','2024-08-15 14:34:57.414218',44),(49,_binary '\0',2455,'2024-08-15 14:34:57.417085','2024-08-15 14:34:57.417110',44),(50,_binary '\0',2456,'2024-08-15 14:34:57.419019','2024-08-15 14:34:57.419044',44),(51,_binary '\0',2457,'2024-08-15 14:34:57.421549','2024-08-15 14:34:57.421629',44),(52,_binary '\0',2458,'2024-08-15 14:34:57.423405','2024-08-15 14:34:57.423428',44),(53,_binary '\0',2459,'2024-08-15 14:34:57.425701','2024-08-15 14:34:57.425725',44),(54,_binary '\0',2460,'2024-08-15 14:34:57.427649','2024-08-15 14:34:57.427691',44),(55,_binary '\0',2461,'2024-08-15 14:34:57.429667','2024-08-15 14:34:57.429720',44),(56,_binary '\0',2462,'2024-08-15 14:34:57.431730','2024-08-15 14:34:57.431767',44),(57,_binary '\0',2463,'2024-08-15 14:34:57.434024','2024-08-15 14:34:57.434053',44),(58,_binary '\0',2464,'2024-08-15 14:34:57.436175','2024-08-15 14:34:57.436198',44),(1,_binary '\0',2465,'2024-08-15 17:06:55.597395','2024-08-15 17:06:55.597409',45),(2,_binary '\0',2466,'2024-08-15 17:06:55.599102','2024-08-15 17:06:55.599116',45),(3,_binary '\0',2467,'2024-08-15 17:06:55.603758','2024-08-15 17:06:55.603772',45),(4,_binary '\0',2468,'2024-08-15 17:06:55.605369','2024-08-15 17:06:55.605383',45),(5,_binary '\0',2469,'2024-08-15 17:06:55.606856','2024-08-15 17:06:55.606870',45),(6,_binary '\0',2470,'2024-08-15 17:06:55.608379','2024-08-15 17:06:55.608392',45),(7,_binary '\0',2471,'2024-08-15 17:06:55.610168','2024-08-15 17:06:55.610184',45),(8,_binary '\0',2472,'2024-08-15 17:06:55.611713','2024-08-15 17:06:55.611726',45),(9,_binary '\0',2473,'2024-08-15 17:06:55.613312','2024-08-15 17:06:55.613332',45),(10,_binary '\0',2474,'2024-08-15 17:06:55.614730','2024-08-15 17:06:55.614742',45),(11,_binary '\0',2475,'2024-08-15 17:06:55.616193','2024-08-15 17:06:55.616206',45),(12,_binary '\0',2476,'2024-08-15 17:06:55.617628','2024-08-15 17:06:55.617641',45),(13,_binary '\0',2477,'2024-08-15 17:06:55.619623','2024-08-15 17:06:55.619637',45),(14,_binary '\0',2478,'2024-08-15 17:06:55.621789','2024-08-15 17:06:55.621802',45),(16,_binary '\0',2479,'2024-08-15 17:06:55.623525','2024-08-15 17:06:55.623538',45),(17,_binary '\0',2480,'2024-08-15 17:06:55.625224','2024-08-15 17:06:55.625237',45),(19,_binary '\0',2481,'2024-08-15 17:06:55.626873','2024-08-15 17:06:55.626893',45),(20,_binary '\0',2482,'2024-08-15 17:06:55.628505','2024-08-15 17:06:55.628521',45),(21,_binary '\0',2483,'2024-08-15 17:06:55.630137','2024-08-15 17:06:55.630149',45),(22,_binary '\0',2484,'2024-08-15 17:06:55.631759','2024-08-15 17:06:55.631772',45),(23,_binary '\0',2485,'2024-08-15 17:06:55.633418','2024-08-15 17:06:55.633432',45),(24,_binary '\0',2486,'2024-08-15 17:06:55.635003','2024-08-15 17:06:55.635016',45),(25,_binary '\0',2487,'2024-08-15 17:06:55.636617','2024-08-15 17:06:55.636630',45),(26,_binary '\0',2488,'2024-08-15 17:06:55.638166','2024-08-15 17:06:55.638179',45),(27,_binary '\0',2489,'2024-08-15 17:06:55.639801','2024-08-15 17:06:55.639813',45),(28,_binary '\0',2490,'2024-08-15 17:06:55.641656','2024-08-15 17:06:55.641671',45),(29,_binary '\0',2491,'2024-08-15 17:06:55.643329','2024-08-15 17:06:55.643343',45),(30,_binary '\0',2492,'2024-08-15 17:06:55.645073','2024-08-15 17:06:55.645086',45),(31,_binary '\0',2493,'2024-08-15 17:06:55.646698','2024-08-15 17:06:55.646711',45),(32,_binary '\0',2494,'2024-08-15 17:06:55.648286','2024-08-15 17:06:55.648299',45),(33,_binary '\0',2495,'2024-08-15 17:06:55.649875','2024-08-15 17:06:55.649888',45),(34,_binary '\0',2496,'2024-08-15 17:06:55.651518','2024-08-15 17:06:55.651531',45),(35,_binary '\0',2497,'2024-08-15 17:06:55.653151','2024-08-15 17:06:55.653163',45),(36,_binary '\0',2498,'2024-08-15 17:06:55.654746','2024-08-15 17:06:55.654758',45),(37,_binary '\0',2499,'2024-08-15 17:06:55.656290','2024-08-15 17:06:55.656303',45),(38,_binary '\0',2500,'2024-08-15 17:06:55.657852','2024-08-15 17:06:55.657924',45),(39,_binary '\0',2501,'2024-08-15 17:06:55.659593','2024-08-15 17:06:55.659605',45),(40,_binary '\0',2502,'2024-08-15 17:06:55.661299','2024-08-15 17:06:55.661317',45),(41,_binary '\0',2503,'2024-08-15 17:06:55.663270','2024-08-15 17:06:55.663283',45),(42,_binary '\0',2504,'2024-08-15 17:06:55.664976','2024-08-15 17:06:55.664989',45),(43,_binary '\0',2505,'2024-08-15 17:06:55.666557','2024-08-15 17:06:55.666573',45),(44,_binary '\0',2506,'2024-08-15 17:06:55.668238','2024-08-15 17:06:55.668251',45),(45,_binary '\0',2507,'2024-08-15 17:06:55.669751','2024-08-15 17:06:55.669764',45),(46,_binary '\0',2508,'2024-08-15 17:06:55.671511','2024-08-15 17:06:55.671524',45),(47,_binary '\0',2509,'2024-08-15 17:06:55.672983','2024-08-15 17:06:55.672996',45),(48,_binary '\0',2510,'2024-08-15 17:06:55.674650','2024-08-15 17:06:55.674663',45),(49,_binary '\0',2511,'2024-08-15 17:06:55.676200','2024-08-15 17:06:55.676213',45),(50,_binary '\0',2512,'2024-08-15 17:06:55.679061','2024-08-15 17:06:55.679074',45),(51,_binary '\0',2513,'2024-08-15 17:06:55.680985','2024-08-15 17:06:55.681001',45),(52,_binary '\0',2514,'2024-08-15 17:06:55.682458','2024-08-15 17:06:55.682470',45),(53,_binary '\0',2515,'2024-08-15 17:06:55.684023','2024-08-15 17:06:55.684035',45),(54,_binary '\0',2516,'2024-08-15 17:06:55.685545','2024-08-15 17:06:55.685558',45),(55,_binary '\0',2517,'2024-08-15 17:06:55.687068','2024-08-15 17:06:55.687082',45),(56,_binary '\0',2518,'2024-08-15 17:06:55.688552','2024-08-15 17:06:55.688562',45),(57,_binary '\0',2519,'2024-08-15 17:06:55.690015','2024-08-15 17:06:55.690028',45),(58,_binary '\0',2520,'2024-08-15 17:06:55.691477','2024-08-15 17:06:55.691488',45),(1,_binary '',2521,'2024-08-15 17:49:08.342331','2024-08-16 11:32:24.232675',46),(2,_binary '\0',2522,'2024-08-15 17:49:08.343774','2024-08-15 17:49:08.343787',46),(3,_binary '\0',2523,'2024-08-15 17:49:08.345154','2024-08-15 17:49:08.345167',46),(4,_binary '\0',2524,'2024-08-15 17:49:08.346495','2024-08-15 17:49:08.346509',46),(5,_binary '\0',2525,'2024-08-15 17:49:08.347898','2024-08-15 17:49:08.347911',46),(6,_binary '\0',2526,'2024-08-15 17:49:08.349222','2024-08-15 17:49:08.349235',46),(7,_binary '\0',2527,'2024-08-15 17:49:08.350537','2024-08-15 17:49:08.350550',46),(8,_binary '\0',2528,'2024-08-15 17:49:08.351904','2024-08-15 17:49:08.351917',46),(9,_binary '\0',2529,'2024-08-15 17:49:08.353363','2024-08-15 17:49:08.353376',46),(10,_binary '\0',2530,'2024-08-15 17:49:08.354735','2024-08-15 17:49:08.354748',46),(11,_binary '\0',2531,'2024-08-15 17:49:08.356124','2024-08-15 17:49:08.356137',46),(12,_binary '\0',2532,'2024-08-15 17:49:08.357504','2024-08-15 17:49:08.357517',46),(13,_binary '',2533,'2024-08-15 17:49:08.358905','2024-08-16 11:32:58.688980',46),(14,_binary '\0',2534,'2024-08-15 17:49:08.360264','2024-08-15 17:49:08.360277',46),(16,_binary '\0',2535,'2024-08-15 17:49:08.361722','2024-08-15 17:49:08.361739',46),(17,_binary '\0',2536,'2024-08-15 17:49:08.363150','2024-08-15 17:49:08.363163',46),(19,_binary '\0',2537,'2024-08-15 17:49:08.364600','2024-08-15 17:49:08.364614',46),(20,_binary '\0',2538,'2024-08-15 17:49:08.366020','2024-08-15 17:49:08.366034',46),(21,_binary '\0',2539,'2024-08-15 17:49:08.367359','2024-08-15 17:49:08.367373',46),(22,_binary '\0',2540,'2024-08-15 17:49:08.368815','2024-08-15 17:49:08.368828',46),(23,_binary '\0',2541,'2024-08-15 17:49:08.370195','2024-08-15 17:49:08.370209',46),(24,_binary '\0',2542,'2024-08-15 17:49:08.371519','2024-08-15 17:49:08.371533',46),(25,_binary '\0',2543,'2024-08-15 17:49:08.372891','2024-08-15 17:49:08.372904',46),(26,_binary '\0',2544,'2024-08-15 17:49:08.374211','2024-08-15 17:49:08.374225',46),(27,_binary '\0',2545,'2024-08-15 17:49:08.375538','2024-08-15 17:49:08.375552',46),(28,_binary '\0',2546,'2024-08-15 17:49:08.376836','2024-08-15 17:49:08.376849',46),(29,_binary '\0',2547,'2024-08-15 17:49:08.378203','2024-08-15 17:49:08.378216',46),(30,_binary '\0',2548,'2024-08-15 17:49:08.380863','2024-08-15 17:49:08.380877',46),(31,_binary '\0',2549,'2024-08-15 17:49:08.382259','2024-08-15 17:49:08.382273',46),(32,_binary '\0',2550,'2024-08-15 17:49:08.383604','2024-08-15 17:49:08.383618',46),(33,_binary '\0',2551,'2024-08-15 17:49:08.384972','2024-08-15 17:49:08.385009',46),(34,_binary '\0',2552,'2024-08-15 17:49:08.386332','2024-08-15 17:49:08.386346',46),(35,_binary '\0',2553,'2024-08-15 17:49:08.387656','2024-08-15 17:49:08.387670',46),(36,_binary '\0',2554,'2024-08-15 17:49:08.388995','2024-08-15 17:49:08.389007',46),(37,_binary '\0',2555,'2024-08-15 17:49:08.390491','2024-08-15 17:49:08.390505',46),(38,_binary '\0',2556,'2024-08-15 17:49:08.391939','2024-08-15 17:49:08.391952',46),(39,_binary '\0',2557,'2024-08-15 17:49:08.393509','2024-08-15 17:49:08.393523',46),(40,_binary '\0',2558,'2024-08-15 17:49:08.394873','2024-08-15 17:49:08.394886',46),(41,_binary '\0',2559,'2024-08-15 17:49:08.396200','2024-08-15 17:49:08.396213',46),(42,_binary '\0',2560,'2024-08-15 17:49:08.397530','2024-08-15 17:49:08.397543',46),(43,_binary '\0',2561,'2024-08-15 17:49:08.398839','2024-08-15 17:49:08.398853',46),(44,_binary '\0',2562,'2024-08-15 17:49:08.400191','2024-08-15 17:49:08.400215',46),(45,_binary '\0',2563,'2024-08-15 17:49:08.401564','2024-08-15 17:49:08.401576',46),(46,_binary '\0',2564,'2024-08-15 17:49:08.402888','2024-08-15 17:49:08.402900',46),(47,_binary '\0',2565,'2024-08-15 17:49:08.404198','2024-08-15 17:49:08.404211',46),(48,_binary '\0',2566,'2024-08-15 17:49:08.405553','2024-08-15 17:49:08.405566',46),(49,_binary '\0',2567,'2024-08-15 17:49:08.406851','2024-08-15 17:49:08.406864',46),(50,_binary '\0',2568,'2024-08-15 17:49:08.408146','2024-08-15 17:49:08.408159',46),(51,_binary '\0',2569,'2024-08-15 17:49:08.409485','2024-08-15 17:49:08.409497',46),(52,_binary '\0',2570,'2024-08-15 17:49:08.413826','2024-08-15 17:49:08.413840',46),(53,_binary '\0',2571,'2024-08-15 17:49:08.415335','2024-08-15 17:49:08.415348',46),(54,_binary '\0',2572,'2024-08-15 17:49:08.416713','2024-08-15 17:49:08.416727',46),(55,_binary '\0',2573,'2024-08-15 17:49:08.418028','2024-08-15 17:49:08.418040',46),(56,_binary '\0',2574,'2024-08-15 17:49:08.419396','2024-08-15 17:49:08.419409',46),(57,_binary '\0',2575,'2024-08-15 17:49:08.420766','2024-08-15 17:49:08.420779',46),(58,_binary '\0',2576,'2024-08-15 17:49:08.422055','2024-08-15 17:49:08.422068',46),(1,_binary '\0',2577,'2024-08-15 22:16:27.554614','2024-08-15 22:16:27.554643',47),(2,_binary '\0',2578,'2024-08-15 22:16:27.556727','2024-08-15 22:16:27.556751',47),(3,_binary '\0',2579,'2024-08-15 22:16:27.558567','2024-08-15 22:16:27.558590',47),(4,_binary '\0',2580,'2024-08-15 22:16:27.560525','2024-08-15 22:16:27.560548',47),(5,_binary '\0',2581,'2024-08-15 22:16:27.562443','2024-08-15 22:16:27.562466',47),(6,_binary '\0',2582,'2024-08-15 22:16:27.564306','2024-08-15 22:16:27.564382',47),(7,_binary '\0',2583,'2024-08-15 22:16:27.568987','2024-08-15 22:16:27.569013',47),(8,_binary '\0',2584,'2024-08-15 22:16:27.571036','2024-08-15 22:16:27.571058',47),(9,_binary '\0',2585,'2024-08-15 22:16:27.572946','2024-08-15 22:16:27.572970',47),(10,_binary '\0',2586,'2024-08-15 22:16:27.574895','2024-08-15 22:16:27.574919',47),(11,_binary '\0',2587,'2024-08-15 22:16:27.576998','2024-08-15 22:16:27.577022',47),(12,_binary '\0',2588,'2024-08-15 22:16:27.579099','2024-08-15 22:16:27.579122',47),(13,_binary '\0',2589,'2024-08-15 22:16:27.581348','2024-08-15 22:16:27.581371',47),(14,_binary '\0',2590,'2024-08-15 22:16:27.583409','2024-08-15 22:16:27.583432',47),(16,_binary '\0',2591,'2024-08-15 22:16:27.585637','2024-08-15 22:16:27.585660',47),(17,_binary '\0',2592,'2024-08-15 22:16:27.587616','2024-08-15 22:16:27.587639',47),(19,_binary '\0',2593,'2024-08-15 22:16:27.589671','2024-08-15 22:16:27.589694',47),(20,_binary '\0',2594,'2024-08-15 22:16:27.591558','2024-08-15 22:16:27.591582',47),(21,_binary '\0',2595,'2024-08-15 22:16:27.593648','2024-08-15 22:16:27.593671',47),(22,_binary '\0',2596,'2024-08-15 22:16:27.595667','2024-08-15 22:16:27.595690',47),(23,_binary '\0',2597,'2024-08-15 22:16:27.597590','2024-08-15 22:16:27.597614',47),(24,_binary '\0',2598,'2024-08-15 22:16:27.599547','2024-08-15 22:16:27.599571',47),(25,_binary '\0',2599,'2024-08-15 22:16:27.601417','2024-08-15 22:16:27.601440',47),(26,_binary '\0',2600,'2024-08-15 22:16:27.603344','2024-08-15 22:16:27.603368',47),(27,_binary '\0',2601,'2024-08-15 22:16:27.605223','2024-08-15 22:16:27.605248',47),(28,_binary '\0',2602,'2024-08-15 22:16:27.607153','2024-08-15 22:16:27.607177',47),(29,_binary '\0',2603,'2024-08-15 22:16:27.612001','2024-08-15 22:16:27.612025',47),(30,_binary '\0',2604,'2024-08-15 22:16:27.613913','2024-08-15 22:16:27.613936',47),(31,_binary '\0',2605,'2024-08-15 22:16:27.615963','2024-08-15 22:16:27.615986',47),(32,_binary '\0',2606,'2024-08-15 22:16:27.617854','2024-08-15 22:16:27.617877',47),(33,_binary '\0',2607,'2024-08-15 22:16:27.619761','2024-08-15 22:16:27.619784',47),(34,_binary '\0',2608,'2024-08-15 22:16:27.621637','2024-08-15 22:16:27.621659',47),(35,_binary '\0',2609,'2024-08-15 22:16:27.623561','2024-08-15 22:16:27.623585',47),(36,_binary '\0',2610,'2024-08-15 22:16:27.625760','2024-08-15 22:16:27.625784',47),(37,_binary '\0',2611,'2024-08-15 22:16:27.627832','2024-08-15 22:16:27.627859',47),(38,_binary '\0',2612,'2024-08-15 22:16:27.629818','2024-08-15 22:16:27.629841',47),(39,_binary '\0',2613,'2024-08-15 22:16:27.631745','2024-08-15 22:16:27.631769',47),(40,_binary '\0',2614,'2024-08-15 22:16:27.633931','2024-08-15 22:16:27.633954',47),(41,_binary '\0',2615,'2024-08-15 22:16:27.635854','2024-08-15 22:16:27.635878',47),(42,_binary '\0',2616,'2024-08-15 22:16:27.638027','2024-08-15 22:16:27.638051',47),(43,_binary '\0',2617,'2024-08-15 22:16:27.639939','2024-08-15 22:16:27.639964',47),(44,_binary '\0',2618,'2024-08-15 22:16:27.641902','2024-08-15 22:16:27.641925',47),(45,_binary '\0',2619,'2024-08-15 22:16:27.643835','2024-08-15 22:16:27.643857',47),(46,_binary '\0',2620,'2024-08-15 22:16:27.645871','2024-08-15 22:16:27.645894',47),(47,_binary '\0',2621,'2024-08-15 22:16:27.647908','2024-08-15 22:16:27.647931',47),(48,_binary '\0',2622,'2024-08-15 22:16:27.650147','2024-08-15 22:16:27.650173',47),(49,_binary '\0',2623,'2024-08-15 22:16:27.652326','2024-08-15 22:16:27.652350',47),(50,_binary '\0',2624,'2024-08-15 22:16:27.654339','2024-08-15 22:16:27.654388',47),(51,_binary '\0',2625,'2024-08-15 22:16:27.656245','2024-08-15 22:16:27.656268',47),(52,_binary '\0',2626,'2024-08-15 22:16:27.658117','2024-08-15 22:16:27.658140',47),(53,_binary '\0',2627,'2024-08-15 22:16:27.659911','2024-08-15 22:16:27.659934',47),(54,_binary '\0',2628,'2024-08-15 22:16:27.661747','2024-08-15 22:16:27.661771',47),(55,_binary '\0',2629,'2024-08-15 22:16:27.663514','2024-08-15 22:16:27.663537',47),(56,_binary '\0',2630,'2024-08-15 22:16:27.665430','2024-08-15 22:16:27.665505',47),(57,_binary '\0',2631,'2024-08-15 22:16:27.667266','2024-08-15 22:16:27.667298',47),(58,_binary '\0',2632,'2024-08-15 22:16:27.668998','2024-08-15 22:16:27.669020',47),(1,_binary '',2633,'2024-08-16 06:56:25.120382','2024-08-16 07:07:24.546909',48),(2,_binary '\0',2634,'2024-08-16 06:56:25.122359','2024-08-16 06:56:25.122374',48),(3,_binary '\0',2635,'2024-08-16 06:56:25.124175','2024-08-16 06:56:25.124191',48),(4,_binary '\0',2636,'2024-08-16 06:56:25.126087','2024-08-16 06:56:25.126103',48),(5,_binary '\0',2637,'2024-08-16 06:56:25.128231','2024-08-16 06:56:25.128250',48),(6,_binary '\0',2638,'2024-08-16 06:56:25.130206','2024-08-16 06:56:25.130282',48),(7,_binary '\0',2639,'2024-08-16 06:56:25.132347','2024-08-16 06:56:25.132364',48),(8,_binary '\0',2640,'2024-08-16 06:56:25.134410','2024-08-16 06:56:25.134426',48),(9,_binary '\0',2641,'2024-08-16 06:56:25.136715','2024-08-16 06:56:25.136739',48),(10,_binary '\0',2642,'2024-08-16 06:56:25.138709','2024-08-16 06:56:25.138727',48),(11,_binary '\0',2643,'2024-08-16 06:56:25.140557','2024-08-16 06:56:25.140574',48),(12,_binary '\0',2644,'2024-08-16 06:56:25.142455','2024-08-16 06:56:25.142471',48),(13,_binary '',2645,'2024-08-16 06:56:25.144492','2024-08-16 07:16:14.825912',48),(14,_binary '\0',2646,'2024-08-16 06:56:25.146531','2024-08-16 06:56:25.146548',48),(16,_binary '\0',2647,'2024-08-16 06:56:25.148467','2024-08-16 06:56:25.148484',48),(17,_binary '\0',2648,'2024-08-16 06:56:25.151591','2024-08-16 06:56:25.151607',48),(19,_binary '\0',2649,'2024-08-16 06:56:25.153745','2024-08-16 06:56:25.153761',48),(20,_binary '\0',2650,'2024-08-16 06:56:25.155632','2024-08-16 06:56:25.155648',48),(21,_binary '\0',2651,'2024-08-16 06:56:25.157541','2024-08-16 06:56:25.157558',48),(22,_binary '\0',2652,'2024-08-16 06:56:25.159334','2024-08-16 06:56:25.159350',48),(23,_binary '\0',2653,'2024-08-16 06:56:25.161346','2024-08-16 06:56:25.161363',48),(24,_binary '\0',2654,'2024-08-16 06:56:25.163158','2024-08-16 06:56:25.163175',48),(25,_binary '\0',2655,'2024-08-16 06:56:25.165030','2024-08-16 06:56:25.165046',48),(26,_binary '\0',2656,'2024-08-16 06:56:25.166923','2024-08-16 06:56:25.166939',48),(27,_binary '\0',2657,'2024-08-16 06:56:25.168811','2024-08-16 06:56:25.168827',48),(28,_binary '\0',2658,'2024-08-16 06:56:25.170707','2024-08-16 06:56:25.170723',48),(29,_binary '\0',2659,'2024-08-16 06:56:25.172478','2024-08-16 06:56:25.172495',48),(30,_binary '\0',2660,'2024-08-16 06:56:25.174414','2024-08-16 06:56:25.174430',48),(31,_binary '\0',2661,'2024-08-16 06:56:25.176355','2024-08-16 06:56:25.176371',48),(32,_binary '\0',2662,'2024-08-16 06:56:25.178124','2024-08-16 06:56:25.178140',48),(33,_binary '\0',2663,'2024-08-16 06:56:25.179953','2024-08-16 06:56:25.179969',48),(34,_binary '\0',2664,'2024-08-16 06:56:25.181769','2024-08-16 06:56:25.181786',48),(35,_binary '\0',2665,'2024-08-16 06:56:25.183653','2024-08-16 06:56:25.183669',48),(36,_binary '\0',2666,'2024-08-16 06:56:25.185622','2024-08-16 06:56:25.185637',48),(37,_binary '\0',2667,'2024-08-16 06:56:25.187637','2024-08-16 06:56:25.187656',48),(38,_binary '\0',2668,'2024-08-16 06:56:25.189810','2024-08-16 06:56:25.189827',48),(39,_binary '\0',2669,'2024-08-16 06:56:25.191674','2024-08-16 06:56:25.191690',48),(40,_binary '\0',2670,'2024-08-16 06:56:25.193501','2024-08-16 06:56:25.193517',48),(41,_binary '\0',2671,'2024-08-16 06:56:25.195417','2024-08-16 06:56:25.195434',48),(42,_binary '\0',2672,'2024-08-16 06:56:25.197434','2024-08-16 06:56:25.197451',48),(43,_binary '\0',2673,'2024-08-16 06:56:25.199323','2024-08-16 06:56:25.199341',48),(44,_binary '\0',2674,'2024-08-16 06:56:25.201324','2024-08-16 06:56:25.201339',48),(45,_binary '\0',2675,'2024-08-16 06:56:25.203059','2024-08-16 06:56:25.203074',48),(46,_binary '\0',2676,'2024-08-16 06:56:25.204980','2024-08-16 06:56:25.204994',48),(47,_binary '\0',2677,'2024-08-16 06:56:25.206874','2024-08-16 06:56:25.206889',48),(48,_binary '\0',2678,'2024-08-16 06:56:25.209033','2024-08-16 06:56:25.209053',48),(49,_binary '\0',2679,'2024-08-16 06:56:25.211448','2024-08-16 06:56:25.211461',48),(50,_binary '\0',2680,'2024-08-16 06:56:25.213388','2024-08-16 06:56:25.213403',48),(51,_binary '\0',2681,'2024-08-16 06:56:25.215246','2024-08-16 06:56:25.215261',48),(52,_binary '\0',2682,'2024-08-16 06:56:25.216922','2024-08-16 06:56:25.216937',48),(53,_binary '\0',2683,'2024-08-16 06:56:25.218653','2024-08-16 06:56:25.218668',48),(54,_binary '\0',2684,'2024-08-16 06:56:25.220607','2024-08-16 06:56:25.220624',48),(55,_binary '\0',2685,'2024-08-16 06:56:25.222468','2024-08-16 06:56:25.222483',48),(56,_binary '\0',2686,'2024-08-16 06:56:25.224229','2024-08-16 06:56:25.224244',48),(57,_binary '\0',2687,'2024-08-16 06:56:25.226010','2024-08-16 06:56:25.226031',48),(58,_binary '\0',2688,'2024-08-16 06:56:25.227826','2024-08-16 06:56:25.227841',48);
/*!40000 ALTER TABLE `user_ps_mv` ENABLE KEYS */;
UNLOCK TABLES;

--
-- Table structure for table `user_ps_test`
--

DROP TABLE IF EXISTS `user_ps_test`;
/*!40101 SET @saved_cs_client     = @@character_set_client */;
/*!50503 SET character_set_client = utf8mb4 */;
CREATE TABLE `user_ps_test` (
  `ps_id` int DEFAULT NULL,
  `user_ps_test_id` int NOT NULL AUTO_INCREMENT,
  `user_ps_test_pass` bit(1) DEFAULT NULL,
  `c_at` datetime(6) DEFAULT NULL,
  `u_at` datetime(6) DEFAULT NULL,
  `user_id` bigint DEFAULT NULL,
  PRIMARY KEY (`user_ps_test_id`),
  KEY `FKdvwyxd5vk3kyjvnl2cq3nxnb5` (`user_id`),
  KEY `FKdaj51bvxwr2h2b7iie7fb5grh` (`ps_id`),
  CONSTRAINT `FKdaj51bvxwr2h2b7iie7fb5grh` FOREIGN KEY (`ps_id`) REFERENCES `ps` (`ps_id`) ON DELETE CASCADE,
  CONSTRAINT `FKdvwyxd5vk3kyjvnl2cq3nxnb5` FOREIGN KEY (`user_id`) REFERENCES `member` (`user_id`) ON DELETE CASCADE
) ENGINE=InnoDB AUTO_INCREMENT=385 DEFAULT CHARSET=utf8mb4 COLLATE=utf8mb4_0900_ai_ci;
/*!40101 SET character_set_client = @saved_cs_client */;

--
-- Dumping data for table `user_ps_test`
--

LOCK TABLES `user_ps_test` WRITE;
/*!40000 ALTER TABLE `user_ps_test` DISABLE KEYS */;
INSERT INTO `user_ps_test` VALUES (1,1,_binary '','2024-08-05 14:51:07.379402','2024-08-14 17:21:13.022183',1),(2,2,_binary '\0','2024-08-05 14:51:07.381342','2024-08-05 14:51:07.381366',1),(3,3,_binary '\0','2024-08-05 14:51:07.383412','2024-08-05 14:51:07.383436',1),(4,4,_binary '\0','2024-08-05 14:51:07.385253','2024-08-05 14:51:07.385277',1),(5,5,_binary '\0','2024-08-05 14:51:07.387032','2024-08-05 14:51:07.387055',1),(6,6,_binary '\0','2024-08-05 14:51:07.389149','2024-08-05 14:51:07.389172',1),(7,7,_binary '\0','2024-08-05 14:51:07.390961','2024-08-05 14:51:07.390983',1),(8,8,_binary '\0','2024-08-05 14:51:07.392716','2024-08-05 14:51:07.392739',1),(1,9,_binary '','2024-08-05 14:51:54.537386','2024-08-05 14:53:05.006105',2),(2,10,_binary '','2024-08-05 14:51:54.539116','2024-08-05 16:15:48.317458',2),(3,11,_binary '','2024-08-05 14:51:54.540818','2024-08-06 17:33:41.920804',2),(4,12,_binary '','2024-08-05 14:51:54.543052','2024-08-07 08:45:28.544379',2),(5,13,_binary '','2024-08-05 14:51:54.544799','2024-08-07 12:10:24.128836',2),(6,14,_binary '\0','2024-08-05 14:51:54.546482','2024-08-05 14:51:54.546498',2),(7,15,_binary '\0','2024-08-05 14:51:54.548179','2024-08-05 14:51:54.548195',2),(8,16,_binary '\0','2024-08-05 14:51:54.549834','2024-08-05 14:51:54.549850',2),(1,17,_binary '','2024-08-05 14:54:50.637593','2024-08-06 17:09:37.487713',3),(2,18,_binary '','2024-08-05 14:54:50.655307','2024-08-06 17:10:13.092616',3),(3,19,_binary '','2024-08-05 14:54:50.670542','2024-08-06 17:20:17.380642',3),(4,20,_binary '','2024-08-05 14:54:50.685127','2024-08-06 17:24:29.609355',3),(5,21,_binary '\0','2024-08-05 14:54:50.699224','2024-08-05 14:54:50.699224',3),(6,22,_binary '\0','2024-08-05 14:54:50.715599','2024-08-05 14:54:50.715599',3),(7,23,_binary '\0','2024-08-05 14:54:50.729714','2024-08-05 14:54:50.729714',3),(8,24,_binary '\0','2024-08-05 14:54:50.743763','2024-08-05 14:54:50.743763',3),(1,25,_binary '','2024-08-05 15:09:47.750630','2024-08-15 17:58:40.185177',4),(2,26,_binary '\0','2024-08-05 15:09:47.755309','2024-08-05 15:09:47.755335',4),(3,27,_binary '\0','2024-08-05 15:09:47.758168','2024-08-05 15:09:47.758193',4),(4,28,_binary '\0','2024-08-05 15:09:47.761720','2024-08-05 15:09:47.761744',4),(5,29,_binary '\0','2024-08-05 15:09:47.765057','2024-08-05 15:09:47.765081',4),(6,30,_binary '\0','2024-08-05 15:09:47.768351','2024-08-05 15:09:47.768376',4),(7,31,_binary '\0','2024-08-05 15:09:47.774217','2024-08-05 15:09:47.774245',4),(8,32,_binary '\0','2024-08-05 15:09:47.776780','2024-08-05 15:09:47.776808',4),(1,33,_binary '\0','2024-08-05 15:52:24.071942','2024-08-05 15:52:24.071968',5),(2,34,_binary '\0','2024-08-05 15:52:24.073979','2024-08-05 15:52:24.074001',5),(3,35,_binary '\0','2024-08-05 15:52:24.075920','2024-08-05 15:52:24.075945',5),(4,36,_binary '\0','2024-08-05 15:52:24.077886','2024-08-05 15:52:24.077910',5),(5,37,_binary '\0','2024-08-05 15:52:24.079757','2024-08-05 15:52:24.079780',5),(6,38,_binary '\0','2024-08-05 15:52:24.081995','2024-08-05 15:52:24.082020',5),(7,39,_binary '\0','2024-08-05 15:52:24.083950','2024-08-05 15:52:24.083973',5),(8,40,_binary '\0','2024-08-05 15:52:24.085987','2024-08-05 15:52:24.086011',5),(1,41,_binary '\0','2024-08-05 15:53:28.159574','2024-08-05 15:53:28.159591',6),(2,42,_binary '\0','2024-08-05 15:53:28.161133','2024-08-05 15:53:28.161153',6),(3,43,_binary '\0','2024-08-05 15:53:28.162689','2024-08-05 15:53:28.162704',6),(4,44,_binary '\0','2024-08-05 15:53:28.164184','2024-08-05 15:53:28.164228',6),(5,45,_binary '\0','2024-08-05 15:53:28.165736','2024-08-05 15:53:28.165751',6),(6,46,_binary '\0','2024-08-05 15:53:28.167234','2024-08-05 15:53:28.167249',6),(7,47,_binary '\0','2024-08-05 15:53:28.168766','2024-08-05 15:53:28.168781',6),(8,48,_binary '\0','2024-08-05 15:53:28.170230','2024-08-05 15:53:28.170245',6),(1,49,_binary '\0','2024-08-05 15:58:22.757684','2024-08-05 15:58:22.757697',7),(2,50,_binary '\0','2024-08-05 15:58:22.759093','2024-08-05 15:58:22.759107',7),(3,51,_binary '\0','2024-08-05 15:58:22.760441','2024-08-05 15:58:22.760457',7),(4,52,_binary '\0','2024-08-05 15:58:22.761764','2024-08-05 15:58:22.761777',7),(5,53,_binary '\0','2024-08-05 15:58:22.763180','2024-08-05 15:58:22.763204',7),(6,54,_binary '\0','2024-08-05 15:58:22.764574','2024-08-05 15:58:22.764588',7),(7,55,_binary '\0','2024-08-05 15:58:22.765933','2024-08-05 15:58:22.765947',7),(8,56,_binary '\0','2024-08-05 15:58:22.767233','2024-08-05 15:58:22.767246',7),(1,57,_binary '\0','2024-08-05 16:13:46.100195','2024-08-05 16:13:46.100227',8),(2,58,_binary '\0','2024-08-05 16:13:46.102504','2024-08-05 16:13:46.102528',8),(3,59,_binary '\0','2024-08-05 16:13:46.104820','2024-08-05 16:13:46.104844',8),(4,60,_binary '\0','2024-08-05 16:13:46.107065','2024-08-05 16:13:46.107091',8),(5,61,_binary '\0','2024-08-05 16:13:46.109374','2024-08-05 16:13:46.109399',8),(6,62,_binary '\0','2024-08-05 16:13:46.112484','2024-08-05 16:13:46.112509',8),(7,63,_binary '\0','2024-08-05 16:13:46.114617','2024-08-05 16:13:46.114643',8),(8,64,_binary '\0','2024-08-05 16:13:46.116595','2024-08-05 16:13:46.116619',8),(1,65,_binary '\0','2024-08-05 16:27:08.630783','2024-08-05 16:27:08.630783',9),(2,66,_binary '\0','2024-08-05 16:27:08.644782','2024-08-05 16:27:08.644782',9),(3,67,_binary '\0','2024-08-05 16:27:08.657005','2024-08-05 16:27:08.657005',9),(4,68,_binary '\0','2024-08-05 16:27:08.669678','2024-08-05 16:27:08.669678',9),(5,69,_binary '\0','2024-08-05 16:27:08.681859','2024-08-05 16:27:08.681859',9),(6,70,_binary '\0','2024-08-05 16:27:08.695285','2024-08-05 16:27:08.695285',9),(7,71,_binary '\0','2024-08-05 16:27:08.707217','2024-08-05 16:27:08.707217',9),(8,72,_binary '\0','2024-08-05 16:27:08.719215','2024-08-05 16:27:08.719215',9),(1,73,_binary '\0','2024-08-05 16:32:06.918967','2024-08-05 16:32:06.918967',10),(2,74,_binary '\0','2024-08-05 16:32:06.932294','2024-08-05 16:32:06.932294',10),(3,75,_binary '\0','2024-08-05 16:32:06.947436','2024-08-05 16:32:06.947436',10),(4,76,_binary '\0','2024-08-05 16:32:06.961471','2024-08-05 16:32:06.961471',10),(5,77,_binary '\0','2024-08-05 16:32:06.976469','2024-08-05 16:32:06.976469',10),(6,78,_binary '\0','2024-08-05 16:32:06.991497','2024-08-05 16:32:06.991497',10),(7,79,_binary '\0','2024-08-05 16:32:07.008321','2024-08-05 16:32:07.008321',10),(8,80,_binary '\0','2024-08-05 16:32:07.024226','2024-08-05 16:32:07.024226',10),(1,81,_binary '\0','2024-08-05 16:40:57.861300','2024-08-05 16:40:57.861300',11),(2,82,_binary '\0','2024-08-05 16:40:57.872083','2024-08-05 16:40:57.872083',11),(3,83,_binary '\0','2024-08-05 16:40:57.888182','2024-08-05 16:40:57.888182',11),(4,84,_binary '\0','2024-08-05 16:40:57.904021','2024-08-05 16:40:57.904021',11),(5,85,_binary '\0','2024-08-05 16:40:57.919821','2024-08-05 16:40:57.919821',11),(6,86,_binary '\0','2024-08-05 16:40:57.931210','2024-08-05 16:40:57.931210',11),(7,87,_binary '\0','2024-08-05 16:40:57.940262','2024-08-05 16:40:57.940262',11),(8,88,_binary '\0','2024-08-05 16:40:57.961768','2024-08-05 16:40:57.961768',11),(1,89,_binary '\0','2024-08-05 17:39:28.673370','2024-08-05 17:39:28.673397',12),(2,90,_binary '\0','2024-08-05 17:39:28.675734','2024-08-05 17:39:28.675763',12),(3,91,_binary '\0','2024-08-05 17:39:28.677855','2024-08-05 17:39:28.677881',12),(4,92,_binary '\0','2024-08-05 17:39:28.680042','2024-08-05 17:39:28.680070',12),(5,93,_binary '\0','2024-08-05 17:39:28.682309','2024-08-05 17:39:28.682339',12),(6,94,_binary '\0','2024-08-05 17:39:28.684761','2024-08-05 17:39:28.684788',12),(7,95,_binary '\0','2024-08-05 17:39:28.686857','2024-08-05 17:39:28.686885',12),(8,96,_binary '\0','2024-08-05 17:39:28.688898','2024-08-05 17:39:28.688927',12),(1,97,_binary '\0','2024-08-05 23:15:24.552540','2024-08-05 23:15:24.552554',13),(2,98,_binary '\0','2024-08-05 23:15:24.554267','2024-08-05 23:15:24.554282',13),(3,99,_binary '\0','2024-08-05 23:15:24.555927','2024-08-05 23:15:24.555941',13),(4,100,_binary '\0','2024-08-05 23:15:24.557757','2024-08-05 23:15:24.557773',13),(5,101,_binary '\0','2024-08-05 23:15:24.559547','2024-08-05 23:15:24.559562',13),(6,102,_binary '\0','2024-08-05 23:15:24.561581','2024-08-05 23:15:24.561596',13),(7,103,_binary '\0','2024-08-05 23:15:24.563390','2024-08-05 23:15:24.563404',13),(8,104,_binary '\0','2024-08-05 23:15:24.565062','2024-08-05 23:15:24.565083',13),(1,137,_binary '\0','2024-08-06 00:32:46.376790','2024-08-06 00:32:46.376790',18),(2,138,_binary '\0','2024-08-06 00:32:46.396530','2024-08-06 00:32:46.396530',18),(3,139,_binary '\0','2024-08-06 00:32:46.414884','2024-08-06 00:32:46.414884',18),(4,140,_binary '\0','2024-08-06 00:32:46.428534','2024-08-06 00:32:46.428534',18),(5,141,_binary '\0','2024-08-06 00:32:46.440535','2024-08-06 00:32:46.440535',18),(6,142,_binary '\0','2024-08-06 00:32:46.458728','2024-08-06 00:32:46.458728',18),(7,143,_binary '\0','2024-08-06 00:32:46.470253','2024-08-06 00:32:46.470253',18),(8,144,_binary '\0','2024-08-06 00:32:46.484120','2024-08-06 00:32:46.484120',18),(1,145,_binary '\0','2024-08-06 01:16:06.514838','2024-08-06 01:16:06.514866',19),(2,146,_binary '\0','2024-08-06 01:16:06.517301','2024-08-06 01:16:06.517351',19),(3,147,_binary '\0','2024-08-06 01:16:06.521231','2024-08-06 01:16:06.521258',19),(4,148,_binary '\0','2024-08-06 01:16:06.523421','2024-08-06 01:16:06.523451',19),(5,149,_binary '\0','2024-08-06 01:16:06.533140','2024-08-06 01:16:06.533169',19),(6,150,_binary '\0','2024-08-06 01:16:06.535814','2024-08-06 01:16:06.535841',19),(7,151,_binary '\0','2024-08-06 01:16:06.538059','2024-08-06 01:16:06.538087',19),(8,152,_binary '\0','2024-08-06 01:16:06.540197','2024-08-06 01:16:06.540223',19),(1,153,_binary '','2024-08-06 14:04:19.934525','2024-08-06 14:32:11.256924',20),(2,154,_binary '\0','2024-08-06 14:04:19.936472','2024-08-06 14:04:19.936493',20),(3,155,_binary '\0','2024-08-06 14:04:19.938361','2024-08-06 14:04:19.938381',20),(4,156,_binary '\0','2024-08-06 14:04:19.940240','2024-08-06 14:04:19.940260',20),(5,157,_binary '\0','2024-08-06 14:04:19.942098','2024-08-06 14:04:19.942119',20),(6,158,_binary '\0','2024-08-06 14:04:19.944359','2024-08-06 14:04:19.944382',20),(7,159,_binary '\0','2024-08-06 14:04:19.946202','2024-08-06 14:04:19.946222',20),(8,160,_binary '\0','2024-08-06 14:04:19.947971','2024-08-06 14:04:19.947991',20),(1,161,_binary '','2024-08-06 17:26:40.642952','2024-08-06 17:27:10.311156',21),(2,162,_binary '','2024-08-06 17:26:40.657170','2024-08-06 17:27:17.634677',21),(3,163,_binary '\0','2024-08-06 17:26:40.675353','2024-08-06 17:26:40.676353',21),(4,164,_binary '\0','2024-08-06 17:26:40.692366','2024-08-06 17:26:40.692366',21),(5,165,_binary '\0','2024-08-06 17:26:40.709392','2024-08-06 17:26:40.709392',21),(6,166,_binary '\0','2024-08-06 17:26:40.726308','2024-08-06 17:26:40.726308',21),(7,167,_binary '\0','2024-08-06 17:26:40.741473','2024-08-06 17:26:40.741473',21),(8,168,_binary '\0','2024-08-06 17:26:40.757282','2024-08-06 17:26:40.757282',21),(1,169,_binary '\0','2024-08-06 17:27:15.340764','2024-08-06 17:27:15.340792',22),(2,170,_binary '\0','2024-08-06 17:27:15.342969','2024-08-06 17:27:15.342996',22),(3,171,_binary '\0','2024-08-06 17:27:15.345222','2024-08-06 17:27:15.345251',22),(4,172,_binary '\0','2024-08-06 17:27:15.347373','2024-08-06 17:27:15.347400',22),(5,173,_binary '\0','2024-08-06 17:27:15.349499','2024-08-06 17:27:15.349525',22),(6,174,_binary '\0','2024-08-06 17:27:15.351803','2024-08-06 17:27:15.351830',22),(7,175,_binary '\0','2024-08-06 17:27:15.353828','2024-08-06 17:27:15.353854',22),(8,176,_binary '\0','2024-08-06 17:27:15.356051','2024-08-06 17:27:15.356077',22),(1,177,_binary '','2024-08-06 17:35:46.541849','2024-08-06 17:37:00.855656',23),(2,178,_binary '\0','2024-08-06 17:35:46.543660','2024-08-06 17:35:46.543683',23),(3,179,_binary '\0','2024-08-06 17:35:46.545473','2024-08-06 17:35:46.545496',23),(4,180,_binary '\0','2024-08-06 17:35:46.547273','2024-08-06 17:35:46.547295',23),(5,181,_binary '\0','2024-08-06 17:35:46.549015','2024-08-06 17:35:46.549036',23),(6,182,_binary '\0','2024-08-06 17:35:46.551037','2024-08-06 17:35:46.551060',23),(7,183,_binary '\0','2024-08-06 17:35:46.552816','2024-08-06 17:35:46.552862',23),(8,184,_binary '\0','2024-08-06 17:35:46.554532','2024-08-06 17:35:46.554552',23),(1,185,_binary '','2024-08-06 17:44:57.020493','2024-08-06 17:45:29.191724',24),(2,186,_binary '','2024-08-06 17:44:57.022781','2024-08-06 17:48:35.191557',24),(3,187,_binary '\0','2024-08-06 17:44:57.024919','2024-08-06 17:44:57.024944',24),(4,188,_binary '\0','2024-08-06 17:44:57.027228','2024-08-06 17:44:57.027254',24),(5,189,_binary '\0','2024-08-06 17:44:57.029332','2024-08-06 17:44:57.029357',24),(6,190,_binary '\0','2024-08-06 17:44:57.031813','2024-08-06 17:44:57.031838',24),(7,191,_binary '\0','2024-08-06 17:44:57.033860','2024-08-06 17:44:57.033886',24),(8,192,_binary '\0','2024-08-06 17:44:57.035835','2024-08-06 17:44:57.035860',24),(1,193,_binary '\0','2024-08-06 22:59:41.170417','2024-08-06 22:59:41.170433',25),(2,194,_binary '\0','2024-08-06 22:59:41.172283','2024-08-06 22:59:41.172299',25),(3,195,_binary '\0','2024-08-06 22:59:41.174088','2024-08-06 22:59:41.174103',25),(4,196,_binary '\0','2024-08-06 22:59:41.175882','2024-08-06 22:59:41.175898',25),(5,197,_binary '\0','2024-08-06 22:59:41.177716','2024-08-06 22:59:41.177731',25),(6,198,_binary '\0','2024-08-06 22:59:41.179760','2024-08-06 22:59:41.179781',25),(7,199,_binary '\0','2024-08-06 22:59:41.181564','2024-08-06 22:59:41.181579',25),(8,200,_binary '\0','2024-08-06 22:59:41.183320','2024-08-06 22:59:41.183336',25),(1,201,_binary '','2024-08-07 08:47:59.373140','2024-08-07 08:50:45.827411',26),(2,202,_binary '','2024-08-07 08:47:59.374778','2024-08-07 08:51:16.093215',26),(3,203,_binary '\0','2024-08-07 08:47:59.376498','2024-08-07 08:47:59.376511',26),(4,204,_binary '\0','2024-08-07 08:47:59.378186','2024-08-07 08:47:59.378201',26),(5,205,_binary '\0','2024-08-07 08:47:59.379785','2024-08-07 08:47:59.379797',26),(6,206,_binary '\0','2024-08-07 08:47:59.381736','2024-08-07 08:47:59.381761',26),(7,207,_binary '\0','2024-08-07 08:47:59.383326','2024-08-07 08:47:59.383338',26),(8,208,_binary '\0','2024-08-07 08:47:59.384864','2024-08-07 08:47:59.384876',26),(1,209,_binary '\0','2024-08-07 12:04:55.059900','2024-08-07 12:04:55.059914',27),(2,210,_binary '\0','2024-08-07 12:04:55.074347','2024-08-07 12:04:55.074363',27),(3,211,_binary '\0','2024-08-07 12:04:55.076055','2024-08-07 12:04:55.076067',27),(4,212,_binary '\0','2024-08-07 12:04:55.077862','2024-08-07 12:04:55.077875',27),(5,213,_binary '\0','2024-08-07 12:04:55.079385','2024-08-07 12:04:55.079398',27),(6,214,_binary '\0','2024-08-07 12:04:55.081151','2024-08-07 12:04:55.081162',27),(7,215,_binary '\0','2024-08-07 12:04:55.082696','2024-08-07 12:04:55.082707',27),(8,216,_binary '\0','2024-08-07 12:04:55.084199','2024-08-07 12:04:55.084211',27),(1,217,_binary '','2024-08-07 12:11:35.564076','2024-08-07 12:12:24.966883',28),(2,218,_binary '','2024-08-07 12:11:35.565477','2024-08-07 12:13:26.091465',28),(3,219,_binary '','2024-08-07 12:11:35.566798','2024-08-07 16:53:59.736854',28),(4,220,_binary '\0','2024-08-07 12:11:35.568080','2024-08-07 12:11:35.568090',28),(5,221,_binary '\0','2024-08-07 12:11:35.569384','2024-08-07 12:11:35.569395',28),(6,222,_binary '\0','2024-08-07 12:11:35.570648','2024-08-07 12:11:35.570659',28),(7,223,_binary '\0','2024-08-07 12:11:35.571952','2024-08-07 12:11:35.571962',28),(8,224,_binary '\0','2024-08-07 12:11:35.573240','2024-08-07 12:11:35.573251',28),(1,225,_binary '\0','2024-08-07 22:56:51.597880','2024-08-07 22:56:51.597898',29),(2,226,_binary '\0','2024-08-07 22:56:51.599830','2024-08-07 22:56:51.599846',29),(3,227,_binary '\0','2024-08-07 22:56:51.601985','2024-08-07 22:56:51.602007',29),(4,228,_binary '\0','2024-08-07 22:56:51.603958','2024-08-07 22:56:51.603974',29),(5,229,_binary '\0','2024-08-07 22:56:51.605939','2024-08-07 22:56:51.605956',29),(6,230,_binary '\0','2024-08-07 22:56:51.608108','2024-08-07 22:56:51.608125',29),(7,231,_binary '\0','2024-08-07 22:56:51.610176','2024-08-07 22:56:51.610193',29),(8,232,_binary '\0','2024-08-07 22:56:51.611934','2024-08-07 22:56:51.611951',29),(1,233,_binary '\0','2024-08-09 09:40:55.235332','2024-08-09 09:40:55.235357',30),(2,234,_binary '\0','2024-08-09 09:40:55.237441','2024-08-09 09:40:55.237465',30),(3,235,_binary '\0','2024-08-09 09:40:55.239349','2024-08-09 09:40:55.239373',30),(4,236,_binary '\0','2024-08-09 09:40:55.241339','2024-08-09 09:40:55.241364',30),(5,237,_binary '\0','2024-08-09 09:40:55.243187','2024-08-09 09:40:55.243210',30),(6,238,_binary '\0','2024-08-09 09:40:55.245473','2024-08-09 09:40:55.245501',30),(7,239,_binary '\0','2024-08-09 09:40:55.247473','2024-08-09 09:40:55.247503',30),(8,240,_binary '\0','2024-08-09 09:40:55.252733','2024-08-09 09:40:55.252768',30),(1,241,_binary '\0','2024-08-09 12:05:22.252980','2024-08-09 12:05:22.253007',31),(2,242,_binary '\0','2024-08-09 12:05:22.255538','2024-08-09 12:05:22.255564',31),(3,243,_binary '\0','2024-08-09 12:05:22.257503','2024-08-09 12:05:22.257529',31),(4,244,_binary '\0','2024-08-09 12:05:22.259532','2024-08-09 12:05:22.259558',31),(5,245,_binary '\0','2024-08-09 12:05:22.261639','2024-08-09 12:05:22.261666',31),(6,246,_binary '\0','2024-08-09 12:05:22.264046','2024-08-09 12:05:22.264074',31),(7,247,_binary '\0','2024-08-09 12:05:22.266407','2024-08-09 12:05:22.266442',31),(8,248,_binary '\0','2024-08-09 12:05:22.268859','2024-08-09 12:05:22.268884',31),(1,249,_binary '\0','2024-08-09 12:05:51.691396','2024-08-09 12:05:51.691419',32),(2,250,_binary '\0','2024-08-09 12:05:51.693460','2024-08-09 12:05:51.693482',32),(3,251,_binary '\0','2024-08-09 12:05:51.695343','2024-08-09 12:05:51.695370',32),(4,252,_binary '\0','2024-08-09 12:05:51.697286','2024-08-09 12:05:51.697309',32),(5,253,_binary '\0','2024-08-09 12:05:51.699163','2024-08-09 12:05:51.699185',32),(6,254,_binary '\0','2024-08-09 12:05:51.704334','2024-08-09 12:05:51.704358',32),(7,255,_binary '\0','2024-08-09 12:05:51.706139','2024-08-09 12:05:51.706161',32),(8,256,_binary '\0','2024-08-09 12:05:51.707975','2024-08-09 12:05:51.707996',32),(1,257,_binary '\0','2024-08-09 14:48:36.412316','2024-08-09 14:48:36.412343',33),(2,258,_binary '\0','2024-08-09 14:48:36.414528','2024-08-09 14:48:36.414557',33),(3,259,_binary '\0','2024-08-09 14:48:36.416662','2024-08-09 14:48:36.416687',33),(4,260,_binary '\0','2024-08-09 14:48:36.418712','2024-08-09 14:48:36.418737',33),(5,261,_binary '\0','2024-08-09 14:48:36.420980','2024-08-09 14:48:36.421007',33),(6,262,_binary '\0','2024-08-09 14:48:36.423362','2024-08-09 14:48:36.423392',33),(7,263,_binary '\0','2024-08-09 14:48:36.425579','2024-08-09 14:48:36.425606',33),(8,264,_binary '\0','2024-08-09 14:48:36.428722','2024-08-09 14:48:36.428751',33),(1,265,_binary '\0','2024-08-09 15:21:06.642240','2024-08-09 15:21:06.642263',34),(2,266,_binary '\0','2024-08-09 15:21:06.644131','2024-08-09 15:21:06.644153',34),(3,267,_binary '\0','2024-08-09 15:21:06.646046','2024-08-09 15:21:06.646069',34),(4,268,_binary '\0','2024-08-09 15:21:06.648139','2024-08-09 15:21:06.648164',34),(5,269,_binary '\0','2024-08-09 15:21:06.650281','2024-08-09 15:21:06.650306',34),(6,270,_binary '\0','2024-08-09 15:21:06.653122','2024-08-09 15:21:06.653171',34),(7,271,_binary '\0','2024-08-09 15:21:06.655357','2024-08-09 15:21:06.655402',34),(8,272,_binary '\0','2024-08-09 15:21:06.657459','2024-08-09 15:21:06.657482',34),(1,273,_binary '\0','2024-08-09 15:22:21.421228','2024-08-09 15:22:21.421246',35),(2,274,_binary '\0','2024-08-09 15:22:21.422890','2024-08-09 15:22:21.422911',35),(3,275,_binary '\0','2024-08-09 15:22:21.424638','2024-08-09 15:22:21.424656',35),(4,276,_binary '\0','2024-08-09 15:22:21.426344','2024-08-09 15:22:21.426362',35),(5,277,_binary '\0','2024-08-09 15:22:21.428046','2024-08-09 15:22:21.428065',35),(6,278,_binary '\0','2024-08-09 15:22:21.429843','2024-08-09 15:22:21.429862',35),(7,279,_binary '\0','2024-08-09 15:22:21.431476','2024-08-09 15:22:21.431512',35),(8,280,_binary '\0','2024-08-09 15:22:21.433189','2024-08-09 15:22:21.433208',35),(1,281,_binary '\0','2024-08-09 16:52:54.958681','2024-08-09 16:52:54.958717',36),(2,282,_binary '\0','2024-08-09 16:52:54.961567','2024-08-09 16:52:54.961592',36),(3,283,_binary '\0','2024-08-09 16:52:54.963797','2024-08-09 16:52:54.963820',36),(4,284,_binary '\0','2024-08-09 16:52:54.965988','2024-08-09 16:52:54.966013',36),(5,285,_binary '\0','2024-08-09 16:52:54.968523','2024-08-09 16:52:54.968550',36),(6,286,_binary '\0','2024-08-09 16:52:54.971086','2024-08-09 16:52:54.971153',36),(7,287,_binary '\0','2024-08-09 16:52:54.973181','2024-08-09 16:52:54.973204',36),(8,288,_binary '\0','2024-08-09 16:52:54.975227','2024-08-09 16:52:54.975250',36),(1,289,_binary '\0','2024-08-09 16:59:57.788255','2024-08-09 16:59:57.788279',37),(2,290,_binary '\0','2024-08-09 16:59:57.790213','2024-08-09 16:59:57.790235',37),(3,291,_binary '\0','2024-08-09 16:59:57.792145','2024-08-09 16:59:57.792170',37),(4,292,_binary '\0','2024-08-09 16:59:57.794122','2024-08-09 16:59:57.794144',37),(5,293,_binary '\0','2024-08-09 16:59:57.796118','2024-08-09 16:59:57.796142',37),(6,294,_binary '\0','2024-08-09 16:59:57.798392','2024-08-09 16:59:57.798413',37),(7,295,_binary '\0','2024-08-09 16:59:57.800288','2024-08-09 16:59:57.800308',37),(8,296,_binary '\0','2024-08-09 16:59:57.802174','2024-08-09 16:59:57.802194',37),(1,297,_binary '\0','2024-08-10 09:43:55.116294','2024-08-10 09:43:55.116310',38),(2,298,_binary '\0','2024-08-10 09:43:55.117990','2024-08-10 09:43:55.118007',38),(3,299,_binary '\0','2024-08-10 09:43:55.119567','2024-08-10 09:43:55.119580',38),(4,300,_binary '\0','2024-08-10 09:43:55.121117','2024-08-10 09:43:55.121133',38),(5,301,_binary '\0','2024-08-10 09:43:55.122664','2024-08-10 09:43:55.122677',38),(6,302,_binary '\0','2024-08-10 09:43:55.124462','2024-08-10 09:43:55.124475',38),(7,303,_binary '\0','2024-08-10 09:43:55.125956','2024-08-10 09:43:55.125969',38),(8,304,_binary '\0','2024-08-10 09:43:55.127421','2024-08-10 09:43:55.127434',38),(1,305,_binary '','2024-08-10 09:45:10.344176','2024-08-15 16:26:42.061870',39),(2,306,_binary '\0','2024-08-10 09:45:10.345731','2024-08-10 09:45:10.345744',39),(3,307,_binary '\0','2024-08-10 09:45:10.347165','2024-08-10 09:45:10.347178',39),(4,308,_binary '\0','2024-08-10 09:45:10.348656','2024-08-10 09:45:10.348669',39),(5,309,_binary '\0','2024-08-10 09:45:10.350140','2024-08-10 09:45:10.350152',39),(6,310,_binary '\0','2024-08-10 09:45:10.351600','2024-08-10 09:45:10.351612',39),(7,311,_binary '\0','2024-08-10 09:45:10.353119','2024-08-10 09:45:10.353131',39),(8,312,_binary '\0','2024-08-10 09:45:10.356947','2024-08-10 09:45:10.356962',39),(1,313,_binary '\0','2024-08-11 17:58:15.637244','2024-08-11 17:58:15.637259',40),(2,314,_binary '\0','2024-08-11 17:58:15.638861','2024-08-11 17:58:15.638874',40),(3,315,_binary '\0','2024-08-11 17:58:15.640345','2024-08-11 17:58:15.640358',40),(4,316,_binary '\0','2024-08-11 17:58:15.641856','2024-08-11 17:58:15.641870',40),(5,317,_binary '\0','2024-08-11 17:58:15.643361','2024-08-11 17:58:15.643374',40),(6,318,_binary '\0','2024-08-11 17:58:15.648970','2024-08-11 17:58:15.648984',40),(7,319,_binary '\0','2024-08-11 17:58:15.650501','2024-08-11 17:58:15.650515',40),(8,320,_binary '\0','2024-08-11 17:58:15.651938','2024-08-11 17:58:15.651952',40),(1,321,_binary '\0','2024-08-13 17:22:48.389327','2024-08-13 17:22:48.389344',41),(2,322,_binary '\0','2024-08-13 17:22:48.391028','2024-08-13 17:22:48.391044',41),(3,323,_binary '\0','2024-08-13 17:22:48.392797','2024-08-13 17:22:48.392813',41),(4,324,_binary '\0','2024-08-13 17:22:48.398556','2024-08-13 17:22:48.398575',41),(5,325,_binary '\0','2024-08-13 17:22:48.400274','2024-08-13 17:22:48.400289',41),(6,326,_binary '\0','2024-08-13 17:22:48.402355','2024-08-13 17:22:48.402371',41),(7,327,_binary '\0','2024-08-13 17:22:48.404017','2024-08-13 17:22:48.404034',41),(8,328,_binary '\0','2024-08-13 17:22:48.405738','2024-08-13 17:22:48.405754',41),(1,329,_binary '\0','2024-08-14 10:39:12.034814','2024-08-14 10:39:12.034844',42),(2,330,_binary '\0','2024-08-14 10:39:12.037019','2024-08-14 10:39:12.037045',42),(3,331,_binary '\0','2024-08-14 10:39:12.041128','2024-08-14 10:39:12.041154',42),(4,332,_binary '\0','2024-08-14 10:39:12.043318','2024-08-14 10:39:12.043362',42),(5,333,_binary '\0','2024-08-14 10:39:12.045502','2024-08-14 10:39:12.045529',42),(6,334,_binary '\0','2024-08-14 10:39:12.047834','2024-08-14 10:39:12.047860',42),(7,335,_binary '\0','2024-08-14 10:39:12.049899','2024-08-14 10:39:12.049927',42),(8,336,_binary '\0','2024-08-14 10:39:12.051864','2024-08-14 10:39:12.051890',42),(1,337,_binary '\0','2024-08-14 17:25:18.553451','2024-08-14 17:25:18.553472',43),(2,338,_binary '\0','2024-08-14 17:25:18.558206','2024-08-14 17:25:18.558221',43),(3,339,_binary '\0','2024-08-14 17:25:18.559933','2024-08-14 17:25:18.559946',43),(4,340,_binary '\0','2024-08-14 17:25:18.561692','2024-08-14 17:25:18.561705',43),(5,341,_binary '\0','2024-08-14 17:25:18.563295','2024-08-14 17:25:18.563308',43),(6,342,_binary '\0','2024-08-14 17:25:18.565392','2024-08-14 17:25:18.565406',43),(7,343,_binary '\0','2024-08-14 17:25:18.567005','2024-08-14 17:25:18.567017',43),(8,344,_binary '\0','2024-08-14 17:25:18.568651','2024-08-14 17:25:18.568664',43),(1,345,_binary '\0','2024-08-15 14:34:57.282103','2024-08-15 14:34:57.282130',44),(2,346,_binary '\0','2024-08-15 14:34:57.284141','2024-08-15 14:34:57.284167',44),(3,347,_binary '\0','2024-08-15 14:34:57.286277','2024-08-15 14:34:57.286305',44),(4,348,_binary '\0','2024-08-15 14:34:57.288634','2024-08-15 14:34:57.288686',44),(5,349,_binary '\0','2024-08-15 14:34:57.290877','2024-08-15 14:34:57.290913',44),(6,350,_binary '\0','2024-08-15 14:34:57.293388','2024-08-15 14:34:57.293417',44),(7,351,_binary '\0','2024-08-15 14:34:57.295691','2024-08-15 14:34:57.295719',44),(8,352,_binary '\0','2024-08-15 14:34:57.297894','2024-08-15 14:34:57.297921',44),(1,353,_binary '\0','2024-08-15 17:06:55.577883','2024-08-15 17:06:55.577897',45),(2,354,_binary '\0','2024-08-15 17:06:55.579547','2024-08-15 17:06:55.579561',45),(3,355,_binary '\0','2024-08-15 17:06:55.581156','2024-08-15 17:06:55.581170',45),(4,356,_binary '\0','2024-08-15 17:06:55.582731','2024-08-15 17:06:55.582745',45),(5,357,_binary '\0','2024-08-15 17:06:55.584293','2024-08-15 17:06:55.584307',45),(6,358,_binary '\0','2024-08-15 17:06:55.586092','2024-08-15 17:06:55.586106',45),(7,359,_binary '\0','2024-08-15 17:06:55.587648','2024-08-15 17:06:55.587662',45),(8,360,_binary '\0','2024-08-15 17:06:55.589186','2024-08-15 17:06:55.589200',45),(1,361,_binary '','2024-08-15 17:49:08.326848','2024-08-16 11:36:16.467165',46),(2,362,_binary '\0','2024-08-15 17:49:08.328359','2024-08-15 17:49:08.328373',46),(3,363,_binary '\0','2024-08-15 17:49:08.329910','2024-08-15 17:49:08.329923',46),(4,364,_binary '\0','2024-08-15 17:49:08.331269','2024-08-15 17:49:08.331283',46),(5,365,_binary '\0','2024-08-15 17:49:08.332711','2024-08-15 17:49:08.332728',46),(6,366,_binary '\0','2024-08-15 17:49:08.334109','2024-08-15 17:49:08.334122',46),(7,367,_binary '\0','2024-08-15 17:49:08.335468','2024-08-15 17:49:08.335482',46),(8,368,_binary '\0','2024-08-15 17:49:08.336834','2024-08-15 17:49:08.336847',46),(1,369,_binary '\0','2024-08-15 22:16:27.519345','2024-08-15 22:16:27.519370',47),(2,370,_binary '\0','2024-08-15 22:16:27.521319','2024-08-15 22:16:27.521342',47),(3,371,_binary '\0','2024-08-15 22:16:27.523612','2024-08-15 22:16:27.523637',47),(4,372,_binary '\0','2024-08-15 22:16:27.525465','2024-08-15 22:16:27.525489',47),(5,373,_binary '\0','2024-08-15 22:16:27.527319','2024-08-15 22:16:27.527361',47),(6,374,_binary '\0','2024-08-15 22:16:27.529515','2024-08-15 22:16:27.529546',47),(7,375,_binary '\0','2024-08-15 22:16:27.531498','2024-08-15 22:16:27.531522',47),(8,376,_binary '\0','2024-08-15 22:16:27.533388','2024-08-15 22:16:27.533411',47),(1,377,_binary '\0','2024-08-16 06:56:25.080453','2024-08-16 06:56:25.080473',48),(2,378,_binary '\0','2024-08-16 06:56:25.082551','2024-08-16 06:56:25.082569',48),(3,379,_binary '\0','2024-08-16 06:56:25.085007','2024-08-16 06:56:25.085024',48),(4,380,_binary '\0','2024-08-16 06:56:25.088489','2024-08-16 06:56:25.088510',48),(5,381,_binary '\0','2024-08-16 06:56:25.090521','2024-08-16 06:56:25.090542',48),(6,382,_binary '\0','2024-08-16 06:56:25.092711','2024-08-16 06:56:25.092737',48),(7,383,_binary '\0','2024-08-16 06:56:25.094626','2024-08-16 06:56:25.094645',48),(8,384,_binary '\0','2024-08-16 06:56:25.096545','2024-08-16 06:56:25.096563',48);
/*!40000 ALTER TABLE `user_ps_test` ENABLE KEYS */;
UNLOCK TABLES;
/*!40103 SET TIME_ZONE=@OLD_TIME_ZONE */;

/*!40101 SET SQL_MODE=@OLD_SQL_MODE */;
/*!40014 SET FOREIGN_KEY_CHECKS=@OLD_FOREIGN_KEY_CHECKS */;
/*!40014 SET UNIQUE_CHECKS=@OLD_UNIQUE_CHECKS */;
/*!40101 SET CHARACTER_SET_CLIENT=@OLD_CHARACTER_SET_CLIENT */;
/*!40101 SET CHARACTER_SET_RESULTS=@OLD_CHARACTER_SET_RESULTS */;
/*!40101 SET COLLATION_CONNECTION=@OLD_COLLATION_CONNECTION */;
/*!40111 SET SQL_NOTES=@OLD_SQL_NOTES */;

-- Dump completed on 2024-08-19 13:35:15
